file_path,column_name,data_type,missing_percentage,unique_count,sample_value,classification,notes
archive (7)\cow_milk_mastitis_dataset.csv,Cow_ID,str,0.0,800,C0001,IDENTIFIER,
archive (7)\cow_milk_mastitis_dataset.csv,Day,int64,0.0,30,7,KEEP candidate,
archive (7)\cow_milk_mastitis_dataset.csv,Milk_Temperature,float64,0.0,311,35.38,KEEP candidate,
archive (7)\cow_milk_mastitis_dataset.csv,Milk_pH,float64,0.0,95,6.49,KEEP candidate,
archive (7)\cow_milk_mastitis_dataset.csv,Milk_Conductivity,float64,0.0,252,4.68,KEEP candidate,
archive (7)\cow_milk_mastitis_dataset.csv,Somatic_Cell_Count,int64,0.0,320,148,UNKNOWN / NEEDS REVIEW,
archive (7)\cow_milk_mastitis_dataset.csv,Milk_Yield,float64,0.0,205,17.3,KEEP candidate,
archive (7)\cow_milk_mastitis_dataset.csv,Clotting,int64,0.0,2,0,UNKNOWN / NEEDS REVIEW,
archive (7)\cow_milk_mastitis_dataset.csv,class1,int64,0.0,2,0,TARGET candidate,
archive (8)\abp_accel.csv,timestamp,str,0.0,5000,2015-06-12 13:30:00.161041,KEEP candidate,
archive (8)\abp_accel.csv,x,int64,0.0,382,100,UNKNOWN / NEEDS REVIEW,
archive (8)\abp_accel.csv,y,int64,0.0,191,620,UNKNOWN / NEEDS REVIEW,
archive (8)\abp_accel.csv,z,int64,0.0,189,804,UNKNOWN / NEEDS REVIEW,
archive (9)\milknew.csv,pH,float64,0.0,16,6.6,KEEP candidate,
archive (9)\milknew.csv,Temprature,int64,0.0,17,35,KEEP candidate,
archive (9)\milknew.csv,Taste,int64,0.0,2,1,UNKNOWN / NEEDS REVIEW,
archive (9)\milknew.csv,Odor,int64,0.0,2,0,UNKNOWN / NEEDS REVIEW,
archive (9)\milknew.csv,Fat ,int64,0.0,2,1,UNKNOWN / NEEDS REVIEW,
archive (9)\milknew.csv,Turbidity,int64,0.0,2,0,IDENTIFIER,
archive (9)\milknew.csv,Colour,int64,0.0,9,254,KEEP candidate,
archive (9)\milknew.csv,Grade,str,0.0,3,high,UNKNOWN / NEEDS REVIEW,
Clinical_Mastitis_cows_version2\Clinical_Mastitis_cows_version2\clinical_mastitis_cows.csv,Cow_ID,str,0.0,834,cow1,IDENTIFIER,
Clinical_Mastitis_cows_version2\Clinical_Mastitis_cows_version2\clinical_mastitis_cows.csv,Day,int64,0.0,6,1,KEEP candidate,
Clinical_Mastitis_cows_version2\Clinical_Mastitis_cows_version2\clinical_mastitis_cows.csv,Breed,str,0.0,2,Jersey,UNKNOWN / NEEDS REVIEW,
Clinical_Mastitis_cows_version2\Clinical_Mastitis_cows_version2\clinical_mastitis_cows.csv,Months after giving birth,int64,0.0,6,1,UNKNOWN / NEEDS REVIEW,
Clinical_Mastitis_cows_version2\Clinical_Mastitis_cows_version2\clinical_mastitis_cows.csv,Previous_Mastits_status,int64,0.0,1,0,UNKNOWN / NEEDS REVIEW,
Clinical_Mastitis_cows_version2\Clinical_Mastitis_cows_version2\clinical_mastitis_cows.csv,IUFL,int64,0.0,95,150,UNKNOWN / NEEDS REVIEW,
Clinical_Mastitis_cows_version2\Clinical_Mastitis_cows_version2\clinical_mastitis_cows.csv,EUFL,int64,0.0,93,180,UNKNOWN / NEEDS REVIEW,
Clinical_Mastitis_cows_version2\Clinical_Mastitis_cows_version2\clinical_mastitis_cows.csv,IUFR,int64,0.0,101,150,UNKNOWN / NEEDS REVIEW,
Clinical_Mastitis_cows_version2\Clinical_Mastitis_cows_version2\clinical_mastitis_cows.csv,EUFR,int64,0.0,112,180,UNKNOWN / NEEDS REVIEW,
Clinical_Mastitis_cows_version2\Clinical_Mastitis_cows_version2\clinical_mastitis_cows.csv,IURL,int64,0.0,95,150,UNKNOWN / NEEDS REVIEW,
Clinical_Mastitis_cows_version2\Clinical_Mastitis_cows_version2\clinical_mastitis_cows.csv,EURL,int64,0.0,94,181,UNKNOWN / NEEDS REVIEW,
Clinical_Mastitis_cows_version2\Clinical_Mastitis_cows_version2\clinical_mastitis_cows.csv,IURR,int64,0.0,77,150,UNKNOWN / NEEDS REVIEW,
Clinical_Mastitis_cows_version2\Clinical_Mastitis_cows_version2\clinical_mastitis_cows.csv,EURR,int64,0.0,77,181,UNKNOWN / NEEDS REVIEW,
Clinical_Mastitis_cows_version2\Clinical_Mastitis_cows_version2\clinical_mastitis_cows.csv,Temperature,int64,0.0,20,43,KEEP candidate,
Clinical_Mastitis_cows_version2\Clinical_Mastitis_cows_version2\clinical_mastitis_cows.csv,Hardness,int64,0.0,2,0,UNKNOWN / NEEDS REVIEW,
Clinical_Mastitis_cows_version2\Clinical_Mastitis_cows_version2\clinical_mastitis_cows.csv,Pain,int64,0.0,2,0,UNKNOWN / NEEDS REVIEW,
Clinical_Mastitis_cows_version2\Clinical_Mastitis_cows_version2\clinical_mastitis_cows.csv,Milk_visibility,int64,0.0,2,0,KEEP candidate,
Clinical_Mastitis_cows_version2\Clinical_Mastitis_cows_version2\clinical_mastitis_cows.csv,class1,int64,0.0,2,0,TARGET candidate,
sensor_data\behavior_labels\individual\C01_0725.csv,timestamp,int64,0.0,5000,1690261200,KEEP candidate,
sensor_data\behavior_labels\individual\C01_0725.csv,datetime,str,0.0,5000,0:00:00,KEEP candidate,
sensor_data\behavior_labels\individual\C01_0725.csv,behavior,int64,0.0,1,0,UNKNOWN / NEEDS REVIEW,
sensor_data\behavior_labels\individual\C02_0725.csv,timestamp,int64,0.0,5000,1690261200,KEEP candidate,
sensor_data\behavior_labels\individual\C02_0725.csv,datetime,str,0.0,5000,0:00:00,KEEP candidate,
sensor_data\behavior_labels\individual\C02_0725.csv,behavior,int64,0.0,1,0,UNKNOWN / NEEDS REVIEW,
sensor_data\behavior_labels\individual\C03_0725.csv,timestamp,int64,0.0,5000,1690261200,KEEP candidate,
sensor_data\behavior_labels\individual\C03_0725.csv,datetime,str,0.0,5000,0:00:00,KEEP candidate,
sensor_data\behavior_labels\individual\C03_0725.csv,behavior,float64,0.0,1,0.0,UNKNOWN / NEEDS REVIEW,
sensor_data\behavior_labels\individual\C04_0725.csv,timestamp,int64,0.0,5000,1690261200,KEEP candidate,
sensor_data\behavior_labels\individual\C04_0725.csv,datetime,str,0.0,5000,0:00:00,KEEP candidate,
sensor_data\behavior_labels\individual\C04_0725.csv,behavior,float64,0.0,1,0.0,UNKNOWN / NEEDS REVIEW,
sensor_data\behavior_labels\individual\C05_0725.csv,timestamp,int64,0.0,5000,1690261200,KEEP candidate,
sensor_data\behavior_labels\individual\C05_0725.csv,datetime,str,0.0,5000,0:00:00,KEEP candidate,
sensor_data\behavior_labels\individual\C05_0725.csv,behavior,int64,0.0,1,0,UNKNOWN / NEEDS REVIEW,
sensor_data\behavior_labels\individual\C06_0725.csv,timestamp,int64,0.0,5000,1690261200,KEEP candidate,
sensor_data\behavior_labels\individual\C06_0725.csv,datetime,str,0.0,5000,0:00:00,KEEP candidate,
sensor_data\behavior_labels\individual\C06_0725.csv,behavior,float64,0.0,1,0.0,UNKNOWN / NEEDS REVIEW,
sensor_data\behavior_labels\individual\C07_0725.csv,timestamp,int64,0.0,5000,1690261200,KEEP candidate,
sensor_data\behavior_labels\individual\C07_0725.csv,datetime,str,0.0,5000,0:00:00,KEEP candidate,
sensor_data\behavior_labels\individual\C07_0725.csv,behavior,float64,0.0,1,0.0,UNKNOWN / NEEDS REVIEW,
sensor_data\behavior_labels\individual\C08_0725.csv,timestamp,int64,0.0,5000,1690261200,KEEP candidate,
sensor_data\behavior_labels\individual\C08_0725.csv,datetime,str,0.0,5000,0:00:00,KEEP candidate,
sensor_data\behavior_labels\individual\C08_0725.csv,behavior,float64,0.0,1,0.0,UNKNOWN / NEEDS REVIEW,
sensor_data\behavior_labels\individual\C09_0725.csv,timestamp,int64,0.0,5000,1690261200,KEEP candidate,
sensor_data\behavior_labels\individual\C09_0725.csv,datetime,str,0.0,5000,0:00:00,KEEP candidate,
sensor_data\behavior_labels\individual\C09_0725.csv,behavior,float64,0.0,1,0.0,UNKNOWN / NEEDS REVIEW,
sensor_data\behavior_labels\individual\C10_0725.csv,timestamp,int64,0.0,5000,1690261200,KEEP candidate,
sensor_data\behavior_labels\individual\C10_0725.csv,datetime,str,0.0,5000,0:00:00,KEEP candidate,
sensor_data\behavior_labels\individual\C10_0725.csv,behavior,float64,0.0,1,0.0,UNKNOWN / NEEDS REVIEW,
sensor_data\behavior_labels\individual\C11_0725.csv,timestamp,int64,0.0,5000,1690261200,KEEP candidate,
sensor_data\behavior_labels\individual\C11_0725.csv,datetime,str,0.0,5000,0:00:00,KEEP candidate,
sensor_data\behavior_labels\individual\C11_0725.csv,behavior,float64,0.0,1,0.0,UNKNOWN / NEEDS REVIEW,
sensor_data\behavior_labels\individual\C12_0725.csv,timestamp,int64,0.0,5000,1690261200,KEEP candidate,
sensor_data\behavior_labels\individual\C12_0725.csv,datetime,str,0.0,5000,0:00:00,KEEP candidate,
sensor_data\behavior_labels\individual\C12_0725.csv,behavior,float64,0.0,1,0.0,UNKNOWN / NEEDS REVIEW,
sensor_data\behavior_labels\individual\C13_0725.csv,timestamp,int64,0.0,5000,1690261200,KEEP candidate,
sensor_data\behavior_labels\individual\C13_0725.csv,datetime,str,0.0,5000,0:00:00,KEEP candidate,
sensor_data\behavior_labels\individual\C13_0725.csv,behavior,float64,0.0,1,0.0,UNKNOWN / NEEDS REVIEW,
sensor_data\behavior_labels\individual\C14_0725.csv,timestamp,int64,0.0,5000,1690261200,KEEP candidate,
sensor_data\behavior_labels\individual\C14_0725.csv,datetime,str,0.0,5000,0:00:00,KEEP candidate,
sensor_data\behavior_labels\individual\C14_0725.csv,behavior,float64,0.0,1,0.0,UNKNOWN / NEEDS REVIEW,
sensor_data\behavior_labels\individual\C15_0725.csv,timestamp,int64,0.0,5000,1690261200,KEEP candidate,
sensor_data\behavior_labels\individual\C15_0725.csv,datetime,str,0.0,5000,0:00:00,KEEP candidate,
sensor_data\behavior_labels\individual\C15_0725.csv,behavior,float64,0.0,1,0.0,UNKNOWN / NEEDS REVIEW,
sensor_data\behavior_labels\individual\C16_0725.csv,timestamp,int64,0.0,5000,1690261200,KEEP candidate,
sensor_data\behavior_labels\individual\C16_0725.csv,datetime,str,0.0,5000,0:00:00,KEEP candidate,
sensor_data\behavior_labels\individual\C16_0725.csv,behavior,float64,0.0,1,0.0,UNKNOWN / NEEDS REVIEW,
sensor_data\main_data\ankle\C01\C01_0721.csv,timestamp,float64,0.0,690,1689960600.0,KEEP candidate,
sensor_data\main_data\ankle\C01\C01_0721.csv,datetime,str,0.0,690,2023-07-21 12:30:00,KEEP candidate,
sensor_data\main_data\ankle\C01\C01_0721.csv,lying,int64,0.0,2,1,UNKNOWN / NEEDS REVIEW,
sensor_data\main_data\ankle\C01\C01_0722.csv,timestamp,float64,0.0,1440,1690002000.0,KEEP candidate,
sensor_data\main_data\ankle\C01\C01_0722.csv,datetime,str,0.0,1440,2023-07-22 00:00:00,KEEP candidate,
sensor_data\main_data\ankle\C01\C01_0722.csv,lying,int64,0.0,2,0,UNKNOWN / NEEDS REVIEW,
sensor_data\main_data\ankle\C01\C01_0723.csv,timestamp,float64,0.0,1440,1690088400.0,KEEP candidate,
sensor_data\main_data\ankle\C01\C01_0723.csv,datetime,str,0.0,1440,2023-07-23 00:00:00,KEEP candidate,
sensor_data\main_data\ankle\C01\C01_0723.csv,lying,int64,0.0,2,1,UNKNOWN / NEEDS REVIEW,
sensor_data\main_data\ankle\C01\C01_0724.csv,timestamp,float64,0.0,1440,1690174800.0,KEEP candidate,
sensor_data\main_data\ankle\C01\C01_0724.csv,datetime,str,0.0,1440,2023-07-24 00:00:00,KEEP candidate,
sensor_data\main_data\ankle\C01\C01_0724.csv,lying,int64,0.0,2,1,UNKNOWN / NEEDS REVIEW,
sensor_data\main_data\ankle\C01\C01_0725.csv,timestamp,float64,0.0,1440,1690261200.0,KEEP candidate,
sensor_data\main_data\ankle\C01\C01_0725.csv,datetime,str,0.0,1440,2023-07-25 00:00:00,KEEP candidate,
sensor_data\main_data\ankle\C01\C01_0725.csv,lying,int64,0.0,2,1,UNKNOWN / NEEDS REVIEW,
sensor_data\main_data\ankle\C01\C01_0726.csv,timestamp,float64,0.0,1440,1690347600.0,KEEP candidate,
sensor_data\main_data\ankle\C01\C01_0726.csv,datetime,str,0.0,1440,2023-07-26 00:00:00,KEEP candidate,
sensor_data\main_data\ankle\C01\C01_0726.csv,lying,int64,0.0,2,1,UNKNOWN / NEEDS REVIEW,
sensor_data\main_data\ankle\C01\C01_0727.csv,timestamp,float64,0.0,1440,1690434000.0,KEEP candidate,
sensor_data\main_data\ankle\C01\C01_0727.csv,datetime,str,0.0,1440,2023-07-27 00:00:00,KEEP candidate,
sensor_data\main_data\ankle\C01\C01_0727.csv,lying,int64,0.0,2,1,UNKNOWN / NEEDS REVIEW,
sensor_data\main_data\ankle\C01\C01_0728.csv,timestamp,float64,0.0,1440,1690520400.0,KEEP candidate,
sensor_data\main_data\ankle\C01\C01_0728.csv,datetime,str,0.0,1440,2023-07-28 00:00:00,KEEP candidate,
sensor_data\main_data\ankle\C01\C01_0728.csv,lying,int64,0.0,2,0,UNKNOWN / NEEDS REVIEW,
sensor_data\main_data\ankle\C01\C01_0729.csv,timestamp,float64,0.0,1440,1690606800.0,KEEP candidate,
sensor_data\main_data\ankle\C01\C01_0729.csv,datetime,str,0.0,1440,2023-07-29 00:00:00,KEEP candidate,
sensor_data\main_data\ankle\C01\C01_0729.csv,lying,int64,0.0,2,1,UNKNOWN / NEEDS REVIEW,
sensor_data\main_data\ankle\C01\C01_0730.csv,timestamp,float64,0.0,1440,1690693200.0,KEEP candidate,
sensor_data\main_data\ankle\C01\C01_0730.csv,datetime,str,0.0,1440,2023-07-30 00:00:00,KEEP candidate,
sensor_data\main_data\ankle\C01\C01_0730.csv,lying,int64,0.0,2,1,UNKNOWN / NEEDS REVIEW,
sensor_data\main_data\ankle\C01\C01_0731.csv,timestamp,float64,0.0,1440,1690779600.0,KEEP candidate,
sensor_data\main_data\ankle\C01\C01_0731.csv,datetime,str,0.0,1440,2023-07-31 00:00:00,KEEP candidate,
sensor_data\main_data\ankle\C01\C01_0731.csv,lying,int64,0.0,2,1,UNKNOWN / NEEDS REVIEW,
sensor_data\main_data\ankle\C01\C01_0801.csv,timestamp,float64,0.0,1440,1690866000.0,KEEP candidate,
sensor_data\main_data\ankle\C01\C01_0801.csv,datetime,str,0.0,1440,2023-08-01 00:00:00,KEEP candidate,
sensor_data\main_data\ankle\C01\C01_0801.csv,lying,int64,0.0,2,0,UNKNOWN / NEEDS REVIEW,
sensor_data\main_data\ankle\C01\C01_0802.csv,timestamp,float64,0.0,1440,1690952400.0,KEEP candidate,
sensor_data\main_data\ankle\C01\C01_0802.csv,datetime,str,0.0,1440,2023-08-02 00:00:00,KEEP candidate,
sensor_data\main_data\ankle\C01\C01_0802.csv,lying,int64,0.0,2,1,UNKNOWN / NEEDS REVIEW,
sensor_data\main_data\ankle\C01\C01_0803.csv,timestamp,float64,0.0,1440,1691038800.0,KEEP candidate,
sensor_data\main_data\ankle\C01\C01_0803.csv,datetime,str,0.0,1440,2023-08-03 00:00:00,KEEP candidate,
sensor_data\main_data\ankle\C01\C01_0803.csv,lying,int64,0.0,2,1,UNKNOWN / NEEDS REVIEW,
sensor_data\main_data\ankle\C01\C01_0804.csv,timestamp,float64,0.0,421,1691125200.0,KEEP candidate,
sensor_data\main_data\ankle\C01\C01_0804.csv,datetime,str,0.0,421,2023-08-04 00:00:00,KEEP candidate,
sensor_data\main_data\ankle\C01\C01_0804.csv,lying,int64,0.0,2,1,UNKNOWN / NEEDS REVIEW,
sensor_data\main_data\ankle\C02\C02_0721.csv,timestamp,float64,0.0,690,1689960600.0,KEEP candidate,
sensor_data\main_data\ankle\C02\C02_0721.csv,datetime,str,0.0,690,2023-07-21 12:30:00,KEEP candidate,
sensor_data\main_data\ankle\C02\C02_0721.csv,lying,int64,0.0,2,1,UNKNOWN / NEEDS REVIEW,
sensor_data\main_data\ankle\C02\C02_0722.csv,timestamp,float64,0.0,1440,1690002000.0,KEEP candidate,
sensor_data\main_data\ankle\C02\C02_0722.csv,datetime,str,0.0,1440,2023-07-22 00:00:00,KEEP candidate,
sensor_data\main_data\ankle\C02\C02_0722.csv,lying,int64,0.0,2,0,UNKNOWN / NEEDS REVIEW,
sensor_data\main_data\ankle\C02\C02_0723.csv,timestamp,float64,0.0,1440,1690088400.0,KEEP candidate,
sensor_data\main_data\ankle\C02\C02_0723.csv,datetime,str,0.0,1440,2023-07-23 00:00:00,KEEP candidate,
sensor_data\main_data\ankle\C02\C02_0723.csv,lying,int64,0.0,2,1,UNKNOWN / NEEDS REVIEW,
sensor_data\main_data\ankle\C02\C02_0724.csv,timestamp,float64,0.0,1440,1690174800.0,KEEP candidate,
sensor_data\main_data\ankle\C02\C02_0724.csv,datetime,str,0.0,1440,2023-07-24 00:00:00,KEEP candidate,
sensor_data\main_data\ankle\C02\C02_0724.csv,lying,int64,0.0,2,1,UNKNOWN / NEEDS REVIEW,
sensor_data\main_data\ankle\C02\C02_0725.csv,timestamp,float64,0.0,1440,1690261200.0,KEEP candidate,
sensor_data\main_data\ankle\C02\C02_0725.csv,datetime,str,0.0,1440,2023-07-25 00:00:00,KEEP candidate,
sensor_data\main_data\ankle\C02\C02_0725.csv,lying,int64,0.0,2,1,UNKNOWN / NEEDS REVIEW,
sensor_data\main_data\ankle\C02\C02_0726.csv,timestamp,float64,0.0,1440,1690347600.0,KEEP candidate,
sensor_data\main_data\ankle\C02\C02_0726.csv,datetime,str,0.0,1440,2023-07-26 00:00:00,KEEP candidate,
sensor_data\main_data\ankle\C02\C02_0726.csv,lying,int64,0.0,2,0,UNKNOWN / NEEDS REVIEW,
sensor_data\main_data\ankle\C02\C02_0727.csv,timestamp,float64,0.0,1440,1690434000.0,KEEP candidate,
sensor_data\main_data\ankle\C02\C02_0727.csv,datetime,str,0.0,1440,2023-07-27 00:00:00,KEEP candidate,
sensor_data\main_data\ankle\C02\C02_0727.csv,lying,int64,0.0,2,0,UNKNOWN / NEEDS REVIEW,
sensor_data\main_data\ankle\C02\C02_0728.csv,timestamp,float64,0.0,1440,1690520400.0,KEEP candidate,
sensor_data\main_data\ankle\C02\C02_0728.csv,datetime,str,0.0,1440,2023-07-28 00:00:00,KEEP candidate,
sensor_data\main_data\ankle\C02\C02_0728.csv,lying,int64,0.0,2,1,UNKNOWN / NEEDS REVIEW,
sensor_data\main_data\ankle\C02\C02_0729.csv,timestamp,float64,0.0,1440,1690606800.0,KEEP candidate,
sensor_data\main_data\ankle\C02\C02_0729.csv,datetime,str,0.0,1440,2023-07-29 00:00:00,KEEP candidate,
sensor_data\main_data\ankle\C02\C02_0729.csv,lying,int64,0.0,2,0,UNKNOWN / NEEDS REVIEW,
sensor_data\main_data\ankle\C02\C02_0730.csv,timestamp,float64,0.0,1440,1690693200.0,KEEP candidate,
sensor_data\main_data\ankle\C02\C02_0730.csv,datetime,str,0.0,1440,2023-07-30 00:00:00,KEEP candidate,
sensor_data\main_data\ankle\C02\C02_0730.csv,lying,int64,0.0,2,1,UNKNOWN / NEEDS REVIEW,
sensor_data\main_data\ankle\C02\C02_0731.csv,timestamp,float64,0.0,1440,1690779600.0,KEEP candidate,
sensor_data\main_data\ankle\C02\C02_0731.csv,datetime,str,0.0,1440,2023-07-31 00:00:00,KEEP candidate,
sensor_data\main_data\ankle\C02\C02_0731.csv,lying,int64,0.0,2,1,UNKNOWN / NEEDS REVIEW,
sensor_data\main_data\ankle\C02\C02_0801.csv,timestamp,float64,0.0,1440,1690866000.0,KEEP candidate,
sensor_data\main_data\ankle\C02\C02_0801.csv,datetime,str,0.0,1440,2023-08-01 00:00:00,KEEP candidate,
sensor_data\main_data\ankle\C02\C02_0801.csv,lying,int64,0.0,2,1,UNKNOWN / NEEDS REVIEW,
sensor_data\main_data\ankle\C02\C02_0802.csv,timestamp,float64,0.0,1440,1690952400.0,KEEP candidate,
sensor_data\main_data\ankle\C02\C02_0802.csv,datetime,str,0.0,1440,2023-08-02 00:00:00,KEEP candidate,
sensor_data\main_data\ankle\C02\C02_0802.csv,lying,int64,0.0,2,1,UNKNOWN / NEEDS REVIEW,
sensor_data\main_data\ankle\C02\C02_0803.csv,timestamp,float64,0.0,1440,1691038800.0,KEEP candidate,
sensor_data\main_data\ankle\C02\C02_0803.csv,datetime,str,0.0,1440,2023-08-03 00:00:00,KEEP candidate,
sensor_data\main_data\ankle\C02\C02_0803.csv,lying,int64,0.0,2,0,UNKNOWN / NEEDS REVIEW,
sensor_data\main_data\ankle\C02\C02_0804.csv,timestamp,float64,0.0,421,1691125200.0,KEEP candidate,
sensor_data\main_data\ankle\C02\C02_0804.csv,datetime,str,0.0,421,2023-08-04 00:00:00,KEEP candidate,
sensor_data\main_data\ankle\C02\C02_0804.csv,lying,int64,0.0,2,1,UNKNOWN / NEEDS REVIEW,
sensor_data\main_data\ankle\C03\C03_0721.csv,timestamp,float64,0.0,690,1689960600.0,KEEP candidate,
sensor_data\main_data\ankle\C03\C03_0721.csv,datetime,str,0.0,690,2023-07-21 12:30:00,KEEP candidate,
sensor_data\main_data\ankle\C03\C03_0721.csv,lying,int64,0.0,2,1,UNKNOWN / NEEDS REVIEW,
sensor_data\main_data\ankle\C03\C03_0722.csv,timestamp,float64,0.0,1440,1690002000.0,KEEP candidate,
sensor_data\main_data\ankle\C03\C03_0722.csv,datetime,str,0.0,1440,2023-07-22 00:00:00,KEEP candidate,
sensor_data\main_data\ankle\C03\C03_0722.csv,lying,int64,0.0,2,1,UNKNOWN / NEEDS REVIEW,
sensor_data\main_data\ankle\C03\C03_0723.csv,timestamp,float64,0.0,1440,1690088400.0,KEEP candidate,
sensor_data\main_data\ankle\C03\C03_0723.csv,datetime,str,0.0,1440,2023-07-23 00:00:00,KEEP candidate,
sensor_data\main_data\ankle\C03\C03_0723.csv,lying,int64,0.0,2,1,UNKNOWN / NEEDS REVIEW,
sensor_data\main_data\ankle\C03\C03_0724.csv,timestamp,float64,0.0,1440,1690174800.0,KEEP candidate,
sensor_data\main_data\ankle\C03\C03_0724.csv,datetime,str,0.0,1440,2023-07-24 00:00:00,KEEP candidate,
sensor_data\main_data\ankle\C03\C03_0724.csv,lying,int64,0.0,2,1,UNKNOWN / NEEDS REVIEW,
sensor_data\main_data\ankle\C03\C03_0725.csv,timestamp,float64,0.0,1440,1690261200.0,KEEP candidate,
sensor_data\main_data\ankle\C03\C03_0725.csv,datetime,str,0.0,1440,2023-07-25 00:00:00,KEEP candidate,
sensor_data\main_data\ankle\C03\C03_0725.csv,lying,int64,0.0,2,0,UNKNOWN / NEEDS REVIEW,
sensor_data\main_data\ankle\C03\C03_0726.csv,timestamp,float64,0.0,1440,1690347600.0,KEEP candidate,
sensor_data\main_data\ankle\C03\C03_0726.csv,datetime,str,0.0,1440,2023-07-26 00:00:00,KEEP candidate,
sensor_data\main_data\ankle\C03\C03_0726.csv,lying,int64,0.0,2,1,UNKNOWN / NEEDS REVIEW,
sensor_data\main_data\ankle\C03\C03_0727.csv,timestamp,float64,0.0,1440,1690434000.0,KEEP candidate,
sensor_data\main_data\ankle\C03\C03_0727.csv,datetime,str,0.0,1440,2023-07-27 00:00:00,KEEP candidate,
sensor_data\main_data\ankle\C03\C03_0727.csv,lying,int64,0.0,2,1,UNKNOWN / NEEDS REVIEW,
sensor_data\main_data\ankle\C03\C03_0728.csv,timestamp,float64,0.0,1440,1690520400.0,KEEP candidate,
sensor_data\main_data\ankle\C03\C03_0728.csv,datetime,str,0.0,1440,2023-07-28 00:00:00,KEEP candidate,
sensor_data\main_data\ankle\C03\C03_0728.csv,lying,int64,0.0,2,0,UNKNOWN / NEEDS REVIEW,
sensor_data\main_data\ankle\C03\C03_0729.csv,timestamp,float64,0.0,1440,1690606800.0,KEEP candidate,
sensor_data\main_data\ankle\C03\C03_0729.csv,datetime,str,0.0,1440,2023-07-29 00:00:00,KEEP candidate,
sensor_data\main_data\ankle\C03\C03_0729.csv,lying,int64,0.0,2,0,UNKNOWN / NEEDS REVIEW,
sensor_data\main_data\ankle\C03\C03_0730.csv,timestamp,float64,0.0,1440,1690693200.0,KEEP candidate,
sensor_data\main_data\ankle\C03\C03_0730.csv,datetime,str,0.0,1440,2023-07-30 00:00:00,KEEP candidate,
sensor_data\main_data\ankle\C03\C03_0730.csv,lying,int64,0.0,2,1,UNKNOWN / NEEDS REVIEW,
sensor_data\main_data\ankle\C03\C03_0731.csv,timestamp,float64,0.0,1440,1690779600.0,KEEP candidate,
sensor_data\main_data\ankle\C03\C03_0731.csv,datetime,str,0.0,1440,2023-07-31 00:00:00,KEEP candidate,
sensor_data\main_data\ankle\C03\C03_0731.csv,lying,int64,0.0,2,0,UNKNOWN / NEEDS REVIEW,
sensor_data\main_data\ankle\C03\C03_0801.csv,timestamp,float64,0.0,1440,1690866000.0,KEEP candidate,
sensor_data\main_data\ankle\C03\C03_0801.csv,datetime,str,0.0,1440,2023-08-01 00:00:00,KEEP candidate,
sensor_data\main_data\ankle\C03\C03_0801.csv,lying,int64,0.0,2,1,UNKNOWN / NEEDS REVIEW,
sensor_data\main_data\ankle\C03\C03_0802.csv,timestamp,float64,0.0,1440,1690952400.0,KEEP candidate,
sensor_data\main_data\ankle\C03\C03_0802.csv,datetime,str,0.0,1440,2023-08-02 00:00:00,KEEP candidate,
sensor_data\main_data\ankle\C03\C03_0802.csv,lying,int64,0.0,2,0,UNKNOWN / NEEDS REVIEW,
sensor_data\main_data\ankle\C03\C03_0803.csv,timestamp,float64,0.0,1440,1691038800.0,KEEP candidate,
sensor_data\main_data\ankle\C03\C03_0803.csv,datetime,str,0.0,1440,2023-08-03 00:00:00,KEEP candidate,
sensor_data\main_data\ankle\C03\C03_0803.csv,lying,int64,0.0,2,1,UNKNOWN / NEEDS REVIEW,
sensor_data\main_data\ankle\C03\C03_0804.csv,timestamp,float64,0.0,421,1691125200.0,KEEP candidate,
sensor_data\main_data\ankle\C03\C03_0804.csv,datetime,str,0.0,421,2023-08-04 00:00:00,KEEP candidate,
sensor_data\main_data\ankle\C03\C03_0804.csv,lying,int64,0.0,2,0,UNKNOWN / NEEDS REVIEW,
sensor_data\main_data\ankle\C04\C04_0721.csv,timestamp,float64,0.0,690,1689960600.0,KEEP candidate,
sensor_data\main_data\ankle\C04\C04_0721.csv,datetime,str,0.0,690,2023-07-21 12:30:00,KEEP candidate,
sensor_data\main_data\ankle\C04\C04_0721.csv,lying,int64,0.0,2,1,UNKNOWN / NEEDS REVIEW,
sensor_data\main_data\ankle\C04\C04_0722.csv,timestamp,float64,0.0,1440,1690002000.0,KEEP candidate,
sensor_data\main_data\ankle\C04\C04_0722.csv,datetime,str,0.0,1440,2023-07-22 00:00:00,KEEP candidate,
sensor_data\main_data\ankle\C04\C04_0722.csv,lying,int64,0.0,2,1,UNKNOWN / NEEDS REVIEW,
sensor_data\main_data\ankle\C04\C04_0723.csv,timestamp,float64,0.0,1440,1690088400.0,KEEP candidate,
sensor_data\main_data\ankle\C04\C04_0723.csv,datetime,str,0.0,1440,2023-07-23 00:00:00,KEEP candidate,
sensor_data\main_data\ankle\C04\C04_0723.csv,lying,int64,0.0,2,0,UNKNOWN / NEEDS REVIEW,
sensor_data\main_data\ankle\C04\C04_0724.csv,timestamp,float64,0.0,1440,1690174800.0,KEEP candidate,
sensor_data\main_data\ankle\C04\C04_0724.csv,datetime,str,0.0,1440,2023-07-24 00:00:00,KEEP candidate,
sensor_data\main_data\ankle\C04\C04_0724.csv,lying,int64,0.0,2,0,UNKNOWN / NEEDS REVIEW,
sensor_data\main_data\ankle\C04\C04_0725.csv,timestamp,float64,0.0,1440,1690261200.0,KEEP candidate,
sensor_data\main_data\ankle\C04\C04_0725.csv,datetime,str,0.0,1440,2023-07-25 00:00:00,KEEP candidate,
sensor_data\main_data\ankle\C04\C04_0725.csv,lying,int64,0.0,2,0,UNKNOWN / NEEDS REVIEW,
sensor_data\main_data\ankle\C04\C04_0726.csv,timestamp,float64,0.0,1440,1690347600.0,KEEP candidate,
sensor_data\main_data\ankle\C04\C04_0726.csv,datetime,str,0.0,1440,2023-07-26 00:00:00,KEEP candidate,
sensor_data\main_data\ankle\C04\C04_0726.csv,lying,int64,0.0,2,1,UNKNOWN / NEEDS REVIEW,
sensor_data\main_data\ankle\C04\C04_0727.csv,timestamp,float64,0.0,1440,1690434000.0,KEEP candidate,
sensor_data\main_data\ankle\C04\C04_0727.csv,datetime,str,0.0,1440,2023-07-27 00:00:00,KEEP candidate,
sensor_data\main_data\ankle\C04\C04_0727.csv,lying,int64,0.0,2,1,UNKNOWN / NEEDS REVIEW,
sensor_data\main_data\ankle\C04\C04_0728.csv,timestamp,float64,0.0,1440,1690520400.0,KEEP candidate,
sensor_data\main_data\ankle\C04\C04_0728.csv,datetime,str,0.0,1440,2023-07-28 00:00:00,KEEP candidate,
sensor_data\main_data\ankle\C04\C04_0728.csv,lying,int64,0.0,2,0,UNKNOWN / NEEDS REVIEW,
sensor_data\main_data\ankle\C04\C04_0729.csv,timestamp,float64,0.0,1440,1690606800.0,KEEP candidate,
sensor_data\main_data\ankle\C04\C04_0729.csv,datetime,str,0.0,1440,2023-07-29 00:00:00,KEEP candidate,
sensor_data\main_data\ankle\C04\C04_0729.csv,lying,int64,0.0,2,1,UNKNOWN / NEEDS REVIEW,
sensor_data\main_data\ankle\C04\C04_0730.csv,timestamp,float64,0.0,1440,1690693200.0,KEEP candidate,
sensor_data\main_data\ankle\C04\C04_0730.csv,datetime,str,0.0,1440,2023-07-30 00:00:00,KEEP candidate,
sensor_data\main_data\ankle\C04\C04_0730.csv,lying,int64,0.0,2,1,UNKNOWN / NEEDS REVIEW,
sensor_data\main_data\ankle\C04\C04_0731.csv,timestamp,float64,0.0,1440,1690779600.0,KEEP candidate,
sensor_data\main_data\ankle\C04\C04_0731.csv,datetime,str,0.0,1440,2023-07-31 00:00:00,KEEP candidate,
sensor_data\main_data\ankle\C04\C04_0731.csv,lying,int64,0.0,2,1,UNKNOWN / NEEDS REVIEW,
sensor_data\main_data\ankle\C04\C04_0801.csv,timestamp,float64,0.0,1440,1690866000.0,KEEP candidate,
sensor_data\main_data\ankle\C04\C04_0801.csv,datetime,str,0.0,1440,2023-08-01 00:00:00,KEEP candidate,
sensor_data\main_data\ankle\C04\C04_0801.csv,lying,int64,0.0,2,0,UNKNOWN / NEEDS REVIEW,
sensor_data\main_data\ankle\C04\C04_0802.csv,timestamp,float64,0.0,1440,1690952400.0,KEEP candidate,
sensor_data\main_data\ankle\C04\C04_0802.csv,datetime,str,0.0,1440,2023-08-02 00:00:00,KEEP candidate,
sensor_data\main_data\ankle\C04\C04_0802.csv,lying,int64,0.0,2,1,UNKNOWN / NEEDS REVIEW,
sensor_data\main_data\ankle\C04\C04_0803.csv,timestamp,float64,0.0,1440,1691038800.0,KEEP candidate,
sensor_data\main_data\ankle\C04\C04_0803.csv,datetime,str,0.0,1440,2023-08-03 00:00:00,KEEP candidate,
sensor_data\main_data\ankle\C04\C04_0803.csv,lying,int64,0.0,2,0,UNKNOWN / NEEDS REVIEW,
sensor_data\main_data\ankle\C04\C04_0804.csv,timestamp,float64,0.0,421,1691125200.0,KEEP candidate,
sensor_data\main_data\ankle\C04\C04_0804.csv,datetime,str,0.0,421,2023-08-04 00:00:00,KEEP candidate,
sensor_data\main_data\ankle\C04\C04_0804.csv,lying,int64,0.0,2,1,UNKNOWN / NEEDS REVIEW,
sensor_data\main_data\ankle\C05\C05_0721.csv,timestamp,float64,0.0,690,1689960600.0,KEEP candidate,
sensor_data\main_data\ankle\C05\C05_0721.csv,datetime,str,0.0,690,2023-07-21 12:30:00,KEEP candidate,
sensor_data\main_data\ankle\C05\C05_0721.csv,lying,int64,0.0,2,1,UNKNOWN / NEEDS REVIEW,
sensor_data\main_data\ankle\C05\C05_0722.csv,timestamp,float64,0.0,1440,1690002000.0,KEEP candidate,
sensor_data\main_data\ankle\C05\C05_0722.csv,datetime,str,0.0,1440,2023-07-22 00:00:00,KEEP candidate,
sensor_data\main_data\ankle\C05\C05_0722.csv,lying,int64,0.0,2,1,UNKNOWN / NEEDS REVIEW,
sensor_data\main_data\ankle\C05\C05_0723.csv,timestamp,float64,0.0,1440,1690088400.0,KEEP candidate,
sensor_data\main_data\ankle\C05\C05_0723.csv,datetime,str,0.0,1440,2023-07-23 00:00:00,KEEP candidate,
sensor_data\main_data\ankle\C05\C05_0723.csv,lying,int64,0.0,2,0,UNKNOWN / NEEDS REVIEW,
sensor_data\main_data\ankle\C05\C05_0724.csv,timestamp,float64,0.0,1440,1690174800.0,KEEP candidate,
sensor_data\main_data\ankle\C05\C05_0724.csv,datetime,str,0.0,1440,2023-07-24 00:00:00,KEEP candidate,
sensor_data\main_data\ankle\C05\C05_0724.csv,lying,int64,0.0,2,1,UNKNOWN / NEEDS REVIEW,
sensor_data\main_data\ankle\C05\C05_0725.csv,timestamp,float64,0.0,1440,1690261200.0,KEEP candidate,
sensor_data\main_data\ankle\C05\C05_0725.csv,datetime,str,0.0,1440,2023-07-25 00:00:00,KEEP candidate,
sensor_data\main_data\ankle\C05\C05_0725.csv,lying,int64,0.0,2,0,UNKNOWN / NEEDS REVIEW,
sensor_data\main_data\ankle\C05\C05_0726.csv,timestamp,float64,0.0,1440,1690347600.0,KEEP candidate,
sensor_data\main_data\ankle\C05\C05_0726.csv,datetime,str,0.0,1440,2023-07-26 00:00:00,KEEP candidate,
sensor_data\main_data\ankle\C05\C05_0726.csv,lying,int64,0.0,2,0,UNKNOWN / NEEDS REVIEW,
sensor_data\main_data\ankle\C05\C05_0727.csv,timestamp,float64,0.0,1440,1690434000.0,KEEP candidate,
sensor_data\main_data\ankle\C05\C05_0727.csv,datetime,str,0.0,1440,2023-07-27 00:00:00,KEEP candidate,
sensor_data\main_data\ankle\C05\C05_0727.csv,lying,int64,0.0,2,0,UNKNOWN / NEEDS REVIEW,
sensor_data\main_data\ankle\C05\C05_0728.csv,timestamp,float64,0.0,1440,1690520400.0,KEEP candidate,
sensor_data\main_data\ankle\C05\C05_0728.csv,datetime,str,0.0,1440,2023-07-28 00:00:00,KEEP candidate,
sensor_data\main_data\ankle\C05\C05_0728.csv,lying,int64,0.0,2,1,UNKNOWN / NEEDS REVIEW,
sensor_data\main_data\ankle\C05\C05_0729.csv,timestamp,float64,0.0,1440,1690606800.0,KEEP candidate,
sensor_data\main_data\ankle\C05\C05_0729.csv,datetime,str,0.0,1440,2023-07-29 00:00:00,KEEP candidate,
sensor_data\main_data\ankle\C05\C05_0729.csv,lying,int64,0.0,2,1,UNKNOWN / NEEDS REVIEW,
sensor_data\main_data\ankle\C05\C05_0730.csv,timestamp,float64,0.0,1440,1690693200.0,KEEP candidate,
sensor_data\main_data\ankle\C05\C05_0730.csv,datetime,str,0.0,1440,2023-07-30 00:00:00,KEEP candidate,
sensor_data\main_data\ankle\C05\C05_0730.csv,lying,int64,0.0,2,0,UNKNOWN / NEEDS REVIEW,
sensor_data\main_data\ankle\C05\C05_0731.csv,timestamp,float64,0.0,1440,1690779600.0,KEEP candidate,
sensor_data\main_data\ankle\C05\C05_0731.csv,datetime,str,0.0,1440,2023-07-31 00:00:00,KEEP candidate,
sensor_data\main_data\ankle\C05\C05_0731.csv,lying,int64,0.0,2,1,UNKNOWN / NEEDS REVIEW,
sensor_data\main_data\ankle\C05\C05_0801.csv,timestamp,float64,0.0,1440,1690866000.0,KEEP candidate,
sensor_data\main_data\ankle\C05\C05_0801.csv,datetime,str,0.0,1440,2023-08-01 00:00:00,KEEP candidate,
sensor_data\main_data\ankle\C05\C05_0801.csv,lying,int64,0.0,2,1,UNKNOWN / NEEDS REVIEW,
sensor_data\main_data\ankle\C05\C05_0802.csv,timestamp,float64,0.0,1440,1690952400.0,KEEP candidate,
sensor_data\main_data\ankle\C05\C05_0802.csv,datetime,str,0.0,1440,2023-08-02 00:00:00,KEEP candidate,
sensor_data\main_data\ankle\C05\C05_0802.csv,lying,int64,0.0,2,1,UNKNOWN / NEEDS REVIEW,
sensor_data\main_data\ankle\C05\C05_0803.csv,timestamp,float64,0.0,1440,1691038800.0,KEEP candidate,
sensor_data\main_data\ankle\C05\C05_0803.csv,datetime,str,0.0,1440,2023-08-03 00:00:00,KEEP candidate,
sensor_data\main_data\ankle\C05\C05_0803.csv,lying,int64,0.0,2,1,UNKNOWN / NEEDS REVIEW,
sensor_data\main_data\ankle\C05\C05_0804.csv,timestamp,float64,0.0,421,1691125200.0,KEEP candidate,
sensor_data\main_data\ankle\C05\C05_0804.csv,datetime,str,0.0,421,2023-08-04 00:00:00,KEEP candidate,
sensor_data\main_data\ankle\C05\C05_0804.csv,lying,int64,0.0,2,0,UNKNOWN / NEEDS REVIEW,
sensor_data\main_data\ankle\C06\C06_0721.csv,timestamp,float64,0.0,690,1689960600.0,KEEP candidate,
sensor_data\main_data\ankle\C06\C06_0721.csv,datetime,str,0.0,690,2023-07-21 12:30:00,KEEP candidate,
sensor_data\main_data\ankle\C06\C06_0721.csv,lying,int64,0.0,2,0,UNKNOWN / NEEDS REVIEW,
sensor_data\main_data\ankle\C06\C06_0722.csv,timestamp,float64,0.0,1440,1690002000.0,KEEP candidate,
sensor_data\main_data\ankle\C06\C06_0722.csv,datetime,str,0.0,1440,2023-07-22 00:00:00,KEEP candidate,
sensor_data\main_data\ankle\C06\C06_0722.csv,lying,int64,0.0,2,1,UNKNOWN / NEEDS REVIEW,
sensor_data\main_data\ankle\C06\C06_0723.csv,timestamp,float64,0.0,1440,1690088400.0,KEEP candidate,
sensor_data\main_data\ankle\C06\C06_0723.csv,datetime,str,0.0,1440,2023-07-23 00:00:00,KEEP candidate,
sensor_data\main_data\ankle\C06\C06_0723.csv,lying,int64,0.0,2,1,UNKNOWN / NEEDS REVIEW,
sensor_data\main_data\ankle\C06\C06_0724.csv,timestamp,float64,0.0,1440,1690174800.0,KEEP candidate,
sensor_data\main_data\ankle\C06\C06_0724.csv,datetime,str,0.0,1440,2023-07-24 00:00:00,KEEP candidate,
sensor_data\main_data\ankle\C06\C06_0724.csv,lying,int64,0.0,2,1,UNKNOWN / NEEDS REVIEW,
sensor_data\main_data\ankle\C06\C06_0725.csv,timestamp,float64,0.0,1440,1690261200.0,KEEP candidate,
sensor_data\main_data\ankle\C06\C06_0725.csv,datetime,str,0.0,1440,2023-07-25 00:00:00,KEEP candidate,
sensor_data\main_data\ankle\C06\C06_0725.csv,lying,int64,0.0,2,1,UNKNOWN / NEEDS REVIEW,
sensor_data\main_data\ankle\C06\C06_0726.csv,timestamp,float64,0.0,1440,1690347600.0,KEEP candidate,
sensor_data\main_data\ankle\C06\C06_0726.csv,datetime,str,0.0,1440,2023-07-26 00:00:00,KEEP candidate,
sensor_data\main_data\ankle\C06\C06_0726.csv,lying,int64,0.0,2,1,UNKNOWN / NEEDS REVIEW,
sensor_data\main_data\ankle\C06\C06_0727.csv,timestamp,float64,0.0,1440,1690434000.0,KEEP candidate,
sensor_data\main_data\ankle\C06\C06_0727.csv,datetime,str,0.0,1440,2023-07-27 00:00:00,KEEP candidate,
sensor_data\main_data\ankle\C06\C06_0727.csv,lying,int64,0.0,2,1,UNKNOWN / NEEDS REVIEW,
sensor_data\main_data\ankle\C06\C06_0728.csv,timestamp,float64,0.0,1440,1690520400.0,KEEP candidate,
sensor_data\main_data\ankle\C06\C06_0728.csv,datetime,str,0.0,1440,2023-07-28 00:00:00,KEEP candidate,
sensor_data\main_data\ankle\C06\C06_0728.csv,lying,int64,0.0,2,1,UNKNOWN / NEEDS REVIEW,
sensor_data\main_data\ankle\C06\C06_0729.csv,timestamp,float64,0.0,1440,1690606800.0,KEEP candidate,
sensor_data\main_data\ankle\C06\C06_0729.csv,datetime,str,0.0,1440,2023-07-29 00:00:00,KEEP candidate,
sensor_data\main_data\ankle\C06\C06_0729.csv,lying,int64,0.0,2,1,UNKNOWN / NEEDS REVIEW,
sensor_data\main_data\ankle\C06\C06_0730.csv,timestamp,float64,0.0,1440,1690693200.0,KEEP candidate,
sensor_data\main_data\ankle\C06\C06_0730.csv,datetime,str,0.0,1440,2023-07-30 00:00:00,KEEP candidate,
sensor_data\main_data\ankle\C06\C06_0730.csv,lying,int64,0.0,2,0,UNKNOWN / NEEDS REVIEW,
sensor_data\main_data\ankle\C06\C06_0731.csv,timestamp,float64,0.0,1440,1690779600.0,KEEP candidate,
sensor_data\main_data\ankle\C06\C06_0731.csv,datetime,str,0.0,1440,2023-07-31 00:00:00,KEEP candidate,
sensor_data\main_data\ankle\C06\C06_0731.csv,lying,int64,0.0,2,0,UNKNOWN / NEEDS REVIEW,
sensor_data\main_data\ankle\C06\C06_0801.csv,timestamp,float64,0.0,1440,1690866000.0,KEEP candidate,
sensor_data\main_data\ankle\C06\C06_0801.csv,datetime,str,0.0,1440,2023-08-01 00:00:00,KEEP candidate,
sensor_data\main_data\ankle\C06\C06_0801.csv,lying,int64,0.0,2,1,UNKNOWN / NEEDS REVIEW,
sensor_data\main_data\ankle\C06\C06_0802.csv,timestamp,float64,0.0,1440,1690952400.0,KEEP candidate,
sensor_data\main_data\ankle\C06\C06_0802.csv,datetime,str,0.0,1440,2023-08-02 00:00:00,KEEP candidate,
sensor_data\main_data\ankle\C06\C06_0802.csv,lying,int64,0.0,2,0,UNKNOWN / NEEDS REVIEW,
sensor_data\main_data\ankle\C06\C06_0803.csv,timestamp,float64,0.0,1440,1691038800.0,KEEP candidate,
sensor_data\main_data\ankle\C06\C06_0803.csv,datetime,str,0.0,1440,2023-08-03 00:00:00,KEEP candidate,
sensor_data\main_data\ankle\C06\C06_0803.csv,lying,int64,0.0,2,0,UNKNOWN / NEEDS REVIEW,
sensor_data\main_data\ankle\C06\C06_0804.csv,timestamp,float64,0.0,421,1691125200.0,KEEP candidate,
sensor_data\main_data\ankle\C06\C06_0804.csv,datetime,str,0.0,421,2023-08-04 00:00:00,KEEP candidate,
sensor_data\main_data\ankle\C06\C06_0804.csv,lying,int64,0.0,2,0,UNKNOWN / NEEDS REVIEW,
sensor_data\main_data\ankle\C07\C07_0721.csv,timestamp,float64,0.0,300,1689984000.0,KEEP candidate,
sensor_data\main_data\ankle\C07\C07_0721.csv,datetime,str,0.0,300,2023-07-21 19:00:00,KEEP candidate,
sensor_data\main_data\ankle\C07\C07_0721.csv,lying,int64,0.0,2,1,UNKNOWN / NEEDS REVIEW,
sensor_data\main_data\ankle\C07\C07_0722.csv,timestamp,float64,0.0,1440,1690002000.0,KEEP candidate,
sensor_data\main_data\ankle\C07\C07_0722.csv,datetime,str,0.0,1440,2023-07-22 00:00:00,KEEP candidate,
sensor_data\main_data\ankle\C07\C07_0722.csv,lying,int64,0.0,2,1,UNKNOWN / NEEDS REVIEW,
sensor_data\main_data\ankle\C07\C07_0723.csv,timestamp,float64,0.0,1440,1690088400.0,KEEP candidate,
sensor_data\main_data\ankle\C07\C07_0723.csv,datetime,str,0.0,1440,2023-07-23 00:00:00,KEEP candidate,
sensor_data\main_data\ankle\C07\C07_0723.csv,lying,int64,0.0,2,0,UNKNOWN / NEEDS REVIEW,
sensor_data\main_data\ankle\C07\C07_0724.csv,timestamp,float64,0.0,1440,1690174800.0,KEEP candidate,
sensor_data\main_data\ankle\C07\C07_0724.csv,datetime,str,0.0,1440,2023-07-24 00:00:00,KEEP candidate,
sensor_data\main_data\ankle\C07\C07_0724.csv,lying,int64,0.0,2,1,UNKNOWN / NEEDS REVIEW,
sensor_data\main_data\ankle\C07\C07_0725.csv,timestamp,float64,0.0,1440,1690261200.0,KEEP candidate,
sensor_data\main_data\ankle\C07\C07_0725.csv,datetime,str,0.0,1440,2023-07-25 00:00:00,KEEP candidate,
sensor_data\main_data\ankle\C07\C07_0725.csv,lying,int64,0.0,2,0,UNKNOWN / NEEDS REVIEW,
sensor_data\main_data\ankle\C07\C07_0726.csv,timestamp,float64,0.0,1440,1690347600.0,KEEP candidate,
sensor_data\main_data\ankle\C07\C07_0726.csv,datetime,str,0.0,1440,2023-07-26 00:00:00,KEEP candidate,
sensor_data\main_data\ankle\C07\C07_0726.csv,lying,int64,0.0,2,1,UNKNOWN / NEEDS REVIEW,
sensor_data\main_data\ankle\C07\C07_0727.csv,timestamp,float64,0.0,1440,1690434000.0,KEEP candidate,
sensor_data\main_data\ankle\C07\C07_0727.csv,datetime,str,0.0,1440,2023-07-27 00:00:00,KEEP candidate,
sensor_data\main_data\ankle\C07\C07_0727.csv,lying,int64,0.0,2,1,UNKNOWN / NEEDS REVIEW,
sensor_data\main_data\ankle\C07\C07_0728.csv,timestamp,float64,0.0,1440,1690520400.0,KEEP candidate,
sensor_data\main_data\ankle\C07\C07_0728.csv,datetime,str,0.0,1440,2023-07-28 00:00:00,KEEP candidate,
sensor_data\main_data\ankle\C07\C07_0728.csv,lying,int64,0.0,2,0,UNKNOWN / NEEDS REVIEW,
sensor_data\main_data\ankle\C07\C07_0729.csv,timestamp,float64,0.0,1440,1690606800.0,KEEP candidate,
sensor_data\main_data\ankle\C07\C07_0729.csv,datetime,str,0.0,1440,2023-07-29 00:00:00,KEEP candidate,
sensor_data\main_data\ankle\C07\C07_0729.csv,lying,int64,0.0,2,1,UNKNOWN / NEEDS REVIEW,
sensor_data\main_data\ankle\C07\C07_0730.csv,timestamp,float64,0.0,1440,1690693200.0,KEEP candidate,
sensor_data\main_data\ankle\C07\C07_0730.csv,datetime,str,0.0,1440,2023-07-30 00:00:00,KEEP candidate,
sensor_data\main_data\ankle\C07\C07_0730.csv,lying,int64,0.0,2,1,UNKNOWN / NEEDS REVIEW,
sensor_data\main_data\ankle\C07\C07_0731.csv,timestamp,float64,0.0,1440,1690779600.0,KEEP candidate,
sensor_data\main_data\ankle\C07\C07_0731.csv,datetime,str,0.0,1440,2023-07-31 00:00:00,KEEP candidate,
sensor_data\main_data\ankle\C07\C07_0731.csv,lying,int64,0.0,2,1,UNKNOWN / NEEDS REVIEW,
sensor_data\main_data\ankle\C07\C07_0801.csv,timestamp,float64,0.0,1440,1690866000.0,KEEP candidate,
sensor_data\main_data\ankle\C07\C07_0801.csv,datetime,str,0.0,1440,2023-08-01 00:00:00,KEEP candidate,
sensor_data\main_data\ankle\C07\C07_0801.csv,lying,int64,0.0,2,1,UNKNOWN / NEEDS REVIEW,
sensor_data\main_data\ankle\C07\C07_0802.csv,timestamp,float64,0.0,1440,1690952400.0,KEEP candidate,
sensor_data\main_data\ankle\C07\C07_0802.csv,datetime,str,0.0,1440,2023-08-02 00:00:00,KEEP candidate,
sensor_data\main_data\ankle\C07\C07_0802.csv,lying,int64,0.0,2,1,UNKNOWN / NEEDS REVIEW,
sensor_data\main_data\ankle\C07\C07_0803.csv,timestamp,float64,0.0,1440,1691038800.0,KEEP candidate,
sensor_data\main_data\ankle\C07\C07_0803.csv,datetime,str,0.0,1440,2023-08-03 00:00:00,KEEP candidate,
sensor_data\main_data\ankle\C07\C07_0803.csv,lying,int64,0.0,2,1,UNKNOWN / NEEDS REVIEW,
sensor_data\main_data\ankle\C07\C07_0804.csv,timestamp,float64,0.0,421,1691125200.0,KEEP candidate,
sensor_data\main_data\ankle\C07\C07_0804.csv,datetime,str,0.0,421,2023-08-04 00:00:00,KEEP candidate,
sensor_data\main_data\ankle\C07\C07_0804.csv,lying,int64,0.0,2,1,UNKNOWN / NEEDS REVIEW,
sensor_data\main_data\ankle\C08\C08_0721.csv,timestamp,float64,0.0,690,1689960600.0,KEEP candidate,
sensor_data\main_data\ankle\C08\C08_0721.csv,datetime,str,0.0,690,2023-07-21 12:30:00,KEEP candidate,
sensor_data\main_data\ankle\C08\C08_0721.csv,lying,int64,0.0,2,1,UNKNOWN / NEEDS REVIEW,
sensor_data\main_data\ankle\C08\C08_0722.csv,timestamp,float64,0.0,1440,1690002000.0,KEEP candidate,
sensor_data\main_data\ankle\C08\C08_0722.csv,datetime,str,0.0,1440,2023-07-22 00:00:00,KEEP candidate,
sensor_data\main_data\ankle\C08\C08_0722.csv,lying,int64,0.0,2,0,UNKNOWN / NEEDS REVIEW,
sensor_data\main_data\ankle\C08\C08_0723.csv,timestamp,float64,0.0,1440,1690088400.0,KEEP candidate,
sensor_data\main_data\ankle\C08\C08_0723.csv,datetime,str,0.0,1440,2023-07-23 00:00:00,KEEP candidate,
sensor_data\main_data\ankle\C08\C08_0723.csv,lying,int64,0.0,2,1,UNKNOWN / NEEDS REVIEW,
sensor_data\main_data\ankle\C08\C08_0724.csv,timestamp,float64,0.0,1440,1690174800.0,KEEP candidate,
sensor_data\main_data\ankle\C08\C08_0724.csv,datetime,str,0.0,1440,2023-07-24 00:00:00,KEEP candidate,
sensor_data\main_data\ankle\C08\C08_0724.csv,lying,int64,0.0,2,1,UNKNOWN / NEEDS REVIEW,
sensor_data\main_data\ankle\C08\C08_0725.csv,timestamp,float64,0.0,1440,1690261200.0,KEEP candidate,
sensor_data\main_data\ankle\C08\C08_0725.csv,datetime,str,0.0,1440,2023-07-25 00:00:00,KEEP candidate,
sensor_data\main_data\ankle\C08\C08_0725.csv,lying,int64,0.0,2,1,UNKNOWN / NEEDS REVIEW,
sensor_data\main_data\ankle\C08\C08_0726.csv,timestamp,float64,0.0,1440,1690347600.0,KEEP candidate,
sensor_data\main_data\ankle\C08\C08_0726.csv,datetime,str,0.0,1440,2023-07-26 00:00:00,KEEP candidate,
sensor_data\main_data\ankle\C08\C08_0726.csv,lying,int64,0.0,2,1,UNKNOWN / NEEDS REVIEW,
sensor_data\main_data\ankle\C08\C08_0727.csv,timestamp,float64,0.0,1440,1690434000.0,KEEP candidate,
sensor_data\main_data\ankle\C08\C08_0727.csv,datetime,str,0.0,1440,2023-07-27 00:00:00,KEEP candidate,
sensor_data\main_data\ankle\C08\C08_0727.csv,lying,int64,0.0,2,0,UNKNOWN / NEEDS REVIEW,
sensor_data\main_data\ankle\C08\C08_0728.csv,timestamp,float64,0.0,1440,1690520400.0,KEEP candidate,
sensor_data\main_data\ankle\C08\C08_0728.csv,datetime,str,0.0,1440,2023-07-28 00:00:00,KEEP candidate,
sensor_data\main_data\ankle\C08\C08_0728.csv,lying,int64,0.0,2,1,UNKNOWN / NEEDS REVIEW,
sensor_data\main_data\ankle\C08\C08_0729.csv,timestamp,float64,0.0,1440,1690606800.0,KEEP candidate,
sensor_data\main_data\ankle\C08\C08_0729.csv,datetime,str,0.0,1440,2023-07-29 00:00:00,KEEP candidate,
sensor_data\main_data\ankle\C08\C08_0729.csv,lying,int64,0.0,2,1,UNKNOWN / NEEDS REVIEW,
sensor_data\main_data\ankle\C08\C08_0730.csv,timestamp,float64,0.0,1440,1690693200.0,KEEP candidate,
sensor_data\main_data\ankle\C08\C08_0730.csv,datetime,str,0.0,1440,2023-07-30 00:00:00,KEEP candidate,
sensor_data\main_data\ankle\C08\C08_0730.csv,lying,int64,0.0,2,0,UNKNOWN / NEEDS REVIEW,
sensor_data\main_data\ankle\C08\C08_0731.csv,timestamp,float64,0.0,1440,1690779600.0,KEEP candidate,
sensor_data\main_data\ankle\C08\C08_0731.csv,datetime,str,0.0,1440,2023-07-31 00:00:00,KEEP candidate,
sensor_data\main_data\ankle\C08\C08_0731.csv,lying,int64,0.0,2,1,UNKNOWN / NEEDS REVIEW,
sensor_data\main_data\ankle\C08\C08_0801.csv,timestamp,float64,0.0,1440,1690866000.0,KEEP candidate,
sensor_data\main_data\ankle\C08\C08_0801.csv,datetime,str,0.0,1440,2023-08-01 00:00:00,KEEP candidate,
sensor_data\main_data\ankle\C08\C08_0801.csv,lying,int64,0.0,2,0,UNKNOWN / NEEDS REVIEW,
sensor_data\main_data\ankle\C08\C08_0802.csv,timestamp,float64,0.0,1440,1690952400.0,KEEP candidate,
sensor_data\main_data\ankle\C08\C08_0802.csv,datetime,str,0.0,1440,2023-08-02 00:00:00,KEEP candidate,
sensor_data\main_data\ankle\C08\C08_0802.csv,lying,int64,0.0,2,0,UNKNOWN / NEEDS REVIEW,
sensor_data\main_data\ankle\C08\C08_0803.csv,timestamp,float64,0.0,1440,1691038800.0,KEEP candidate,
sensor_data\main_data\ankle\C08\C08_0803.csv,datetime,str,0.0,1440,2023-08-03 00:00:00,KEEP candidate,
sensor_data\main_data\ankle\C08\C08_0803.csv,lying,int64,0.0,2,0,UNKNOWN / NEEDS REVIEW,
sensor_data\main_data\ankle\C08\C08_0804.csv,timestamp,float64,0.0,421,1691125200.0,KEEP candidate,
sensor_data\main_data\ankle\C08\C08_0804.csv,datetime,str,0.0,421,2023-08-04 00:00:00,KEEP candidate,
sensor_data\main_data\ankle\C08\C08_0804.csv,lying,int64,0.0,2,1,UNKNOWN / NEEDS REVIEW,
sensor_data\main_data\ankle\C09\C09_0721.csv,timestamp,float64,0.0,690,1689960600.0,KEEP candidate,
sensor_data\main_data\ankle\C09\C09_0721.csv,datetime,str,0.0,690,2023-07-21 12:30:00,KEEP candidate,
sensor_data\main_data\ankle\C09\C09_0721.csv,lying,int64,0.0,2,1,UNKNOWN / NEEDS REVIEW,
sensor_data\main_data\ankle\C09\C09_0722.csv,timestamp,float64,0.0,1440,1690002000.0,KEEP candidate,
sensor_data\main_data\ankle\C09\C09_0722.csv,datetime,str,0.0,1440,2023-07-22 00:00:00,KEEP candidate,
sensor_data\main_data\ankle\C09\C09_0722.csv,lying,int64,0.0,2,1,UNKNOWN / NEEDS REVIEW,
sensor_data\main_data\ankle\C09\C09_0723.csv,timestamp,float64,0.0,1440,1690088400.0,KEEP candidate,
sensor_data\main_data\ankle\C09\C09_0723.csv,datetime,str,0.0,1440,2023-07-23 00:00:00,KEEP candidate,
sensor_data\main_data\ankle\C09\C09_0723.csv,lying,int64,0.0,2,1,UNKNOWN / NEEDS REVIEW,
sensor_data\main_data\ankle\C09\C09_0724.csv,timestamp,float64,0.0,1440,1690174800.0,KEEP candidate,
sensor_data\main_data\ankle\C09\C09_0724.csv,datetime,str,0.0,1440,2023-07-24 00:00:00,KEEP candidate,
sensor_data\main_data\ankle\C09\C09_0724.csv,lying,int64,0.0,2,1,UNKNOWN / NEEDS REVIEW,
sensor_data\main_data\ankle\C09\C09_0725.csv,timestamp,float64,0.0,1440,1690261200.0,KEEP candidate,
sensor_data\main_data\ankle\C09\C09_0725.csv,datetime,str,0.0,1440,2023-07-25 00:00:00,KEEP candidate,
sensor_data\main_data\ankle\C09\C09_0725.csv,lying,int64,0.0,2,0,UNKNOWN / NEEDS REVIEW,
sensor_data\main_data\ankle\C09\C09_0726.csv,timestamp,float64,0.0,1440,1690347600.0,KEEP candidate,
sensor_data\main_data\ankle\C09\C09_0726.csv,datetime,str,0.0,1440,2023-07-26 00:00:00,KEEP candidate,
sensor_data\main_data\ankle\C09\C09_0726.csv,lying,int64,0.0,2,1,UNKNOWN / NEEDS REVIEW,
sensor_data\main_data\ankle\C09\C09_0727.csv,timestamp,float64,0.0,1440,1690434000.0,KEEP candidate,
sensor_data\main_data\ankle\C09\C09_0727.csv,datetime,str,0.0,1440,2023-07-27 00:00:00,KEEP candidate,
sensor_data\main_data\ankle\C09\C09_0727.csv,lying,int64,0.0,2,1,UNKNOWN / NEEDS REVIEW,
sensor_data\main_data\ankle\C09\C09_0728.csv,timestamp,float64,0.0,1440,1690520400.0,KEEP candidate,
sensor_data\main_data\ankle\C09\C09_0728.csv,datetime,str,0.0,1440,2023-07-28 00:00:00,KEEP candidate,
sensor_data\main_data\ankle\C09\C09_0728.csv,lying,int64,0.0,2,0,UNKNOWN / NEEDS REVIEW,
sensor_data\main_data\ankle\C09\C09_0729.csv,timestamp,float64,0.0,1440,1690606800.0,KEEP candidate,
sensor_data\main_data\ankle\C09\C09_0729.csv,datetime,str,0.0,1440,2023-07-29 00:00:00,KEEP candidate,
sensor_data\main_data\ankle\C09\C09_0729.csv,lying,int64,0.0,2,0,UNKNOWN / NEEDS REVIEW,
sensor_data\main_data\ankle\C09\C09_0730.csv,timestamp,float64,0.0,1440,1690693200.0,KEEP candidate,
sensor_data\main_data\ankle\C09\C09_0730.csv,datetime,str,0.0,1440,2023-07-30 00:00:00,KEEP candidate,
sensor_data\main_data\ankle\C09\C09_0730.csv,lying,int64,0.0,2,1,UNKNOWN / NEEDS REVIEW,
sensor_data\main_data\ankle\C09\C09_0731.csv,timestamp,float64,0.0,1440,1690779600.0,KEEP candidate,
sensor_data\main_data\ankle\C09\C09_0731.csv,datetime,str,0.0,1440,2023-07-31 00:00:00,KEEP candidate,
sensor_data\main_data\ankle\C09\C09_0731.csv,lying,int64,0.0,2,1,UNKNOWN / NEEDS REVIEW,
sensor_data\main_data\ankle\C09\C09_0801.csv,timestamp,float64,0.0,1440,1690866000.0,KEEP candidate,
sensor_data\main_data\ankle\C09\C09_0801.csv,datetime,str,0.0,1440,2023-08-01 00:00:00,KEEP candidate,
sensor_data\main_data\ankle\C09\C09_0801.csv,lying,int64,0.0,2,1,UNKNOWN / NEEDS REVIEW,
sensor_data\main_data\ankle\C09\C09_0802.csv,timestamp,float64,0.0,1440,1690952400.0,KEEP candidate,
sensor_data\main_data\ankle\C09\C09_0802.csv,datetime,str,0.0,1440,2023-08-02 00:00:00,KEEP candidate,
sensor_data\main_data\ankle\C09\C09_0802.csv,lying,int64,0.0,2,1,UNKNOWN / NEEDS REVIEW,
sensor_data\main_data\ankle\C09\C09_0803.csv,timestamp,float64,0.0,1440,1691038800.0,KEEP candidate,
sensor_data\main_data\ankle\C09\C09_0803.csv,datetime,str,0.0,1440,2023-08-03 00:00:00,KEEP candidate,
sensor_data\main_data\ankle\C09\C09_0803.csv,lying,int64,0.0,2,0,UNKNOWN / NEEDS REVIEW,
sensor_data\main_data\ankle\C09\C09_0804.csv,timestamp,float64,0.0,421,1691125200.0,KEEP candidate,
sensor_data\main_data\ankle\C09\C09_0804.csv,datetime,str,0.0,421,2023-08-04 00:00:00,KEEP candidate,
sensor_data\main_data\ankle\C09\C09_0804.csv,lying,int64,0.0,2,0,UNKNOWN / NEEDS REVIEW,
sensor_data\main_data\ankle\C10\C10_0721.csv,timestamp,float64,0.0,690,1689960600.0,KEEP candidate,
sensor_data\main_data\ankle\C10\C10_0721.csv,datetime,str,0.0,690,2023-07-21 12:30:00,KEEP candidate,
sensor_data\main_data\ankle\C10\C10_0721.csv,lying,int64,0.0,2,0,UNKNOWN / NEEDS REVIEW,
sensor_data\main_data\ankle\C10\C10_0722.csv,timestamp,float64,0.0,1440,1690002000.0,KEEP candidate,
sensor_data\main_data\ankle\C10\C10_0722.csv,datetime,str,0.0,1440,2023-07-22 00:00:00,KEEP candidate,
sensor_data\main_data\ankle\C10\C10_0722.csv,lying,int64,0.0,2,1,UNKNOWN / NEEDS REVIEW,
sensor_data\main_data\ankle\C10\C10_0723.csv,timestamp,float64,0.0,1440,1690088400.0,KEEP candidate,
sensor_data\main_data\ankle\C10\C10_0723.csv,datetime,str,0.0,1440,2023-07-23 00:00:00,KEEP candidate,
sensor_data\main_data\ankle\C10\C10_0723.csv,lying,int64,0.0,2,1,UNKNOWN / NEEDS REVIEW,
sensor_data\main_data\ankle\C10\C10_0724.csv,timestamp,float64,0.0,1440,1690174800.0,KEEP candidate,
sensor_data\main_data\ankle\C10\C10_0724.csv,datetime,str,0.0,1440,2023-07-24 00:00:00,KEEP candidate,
sensor_data\main_data\ankle\C10\C10_0724.csv,lying,int64,0.0,2,0,UNKNOWN / NEEDS REVIEW,
sensor_data\main_data\ankle\C10\C10_0725.csv,timestamp,float64,0.0,1440,1690261200.0,KEEP candidate,
sensor_data\main_data\ankle\C10\C10_0725.csv,datetime,str,0.0,1440,2023-07-25 00:00:00,KEEP candidate,
sensor_data\main_data\ankle\C10\C10_0725.csv,lying,int64,0.0,2,1,UNKNOWN / NEEDS REVIEW,
sensor_data\main_data\ankle\C10\C10_0726.csv,timestamp,float64,0.0,1440,1690347600.0,KEEP candidate,
sensor_data\main_data\ankle\C10\C10_0726.csv,datetime,str,0.0,1440,2023-07-26 00:00:00,KEEP candidate,
sensor_data\main_data\ankle\C10\C10_0726.csv,lying,int64,0.0,2,1,UNKNOWN / NEEDS REVIEW,
sensor_data\main_data\ankle\C10\C10_0727.csv,timestamp,float64,0.0,1440,1690434000.0,KEEP candidate,
sensor_data\main_data\ankle\C10\C10_0727.csv,datetime,str,0.0,1440,2023-07-27 00:00:00,KEEP candidate,
sensor_data\main_data\ankle\C10\C10_0727.csv,lying,int64,0.0,2,1,UNKNOWN / NEEDS REVIEW,
sensor_data\main_data\ankle\C10\C10_0728.csv,timestamp,float64,0.0,1440,1690520400.0,KEEP candidate,
sensor_data\main_data\ankle\C10\C10_0728.csv,datetime,str,0.0,1440,2023-07-28 00:00:00,KEEP candidate,
sensor_data\main_data\ankle\C10\C10_0728.csv,lying,int64,0.0,2,0,UNKNOWN / NEEDS REVIEW,
sensor_data\main_data\ankle\C10\C10_0729.csv,timestamp,float64,0.0,1440,1690606800.0,KEEP candidate,
sensor_data\main_data\ankle\C10\C10_0729.csv,datetime,str,0.0,1440,2023-07-29 00:00:00,KEEP candidate,
sensor_data\main_data\ankle\C10\C10_0729.csv,lying,int64,0.0,2,1,UNKNOWN / NEEDS REVIEW,
sensor_data\main_data\ankle\C10\C10_0730.csv,timestamp,float64,0.0,1440,1690693200.0,KEEP candidate,
sensor_data\main_data\ankle\C10\C10_0730.csv,datetime,str,0.0,1440,2023-07-30 00:00:00,KEEP candidate,
sensor_data\main_data\ankle\C10\C10_0730.csv,lying,int64,0.0,2,0,UNKNOWN / NEEDS REVIEW,
sensor_data\main_data\ankle\C10\C10_0731.csv,timestamp,float64,0.0,1440,1690779600.0,KEEP candidate,
sensor_data\main_data\ankle\C10\C10_0731.csv,datetime,str,0.0,1440,2023-07-31 00:00:00,KEEP candidate,
sensor_data\main_data\ankle\C10\C10_0731.csv,lying,int64,0.0,2,1,UNKNOWN / NEEDS REVIEW,
sensor_data\main_data\ankle\C10\C10_0801.csv,timestamp,float64,0.0,1440,1690866000.0,KEEP candidate,
sensor_data\main_data\ankle\C10\C10_0801.csv,datetime,str,0.0,1440,2023-08-01 00:00:00,KEEP candidate,
sensor_data\main_data\ankle\C10\C10_0801.csv,lying,int64,0.0,2,1,UNKNOWN / NEEDS REVIEW,
sensor_data\main_data\ankle\C10\C10_0802.csv,timestamp,float64,0.0,1440,1690952400.0,KEEP candidate,
sensor_data\main_data\ankle\C10\C10_0802.csv,datetime,str,0.0,1440,2023-08-02 00:00:00,KEEP candidate,
sensor_data\main_data\ankle\C10\C10_0802.csv,lying,int64,0.0,2,1,UNKNOWN / NEEDS REVIEW,
sensor_data\main_data\ankle\C10\C10_0803.csv,timestamp,float64,0.0,1440,1691038800.0,KEEP candidate,
sensor_data\main_data\ankle\C10\C10_0803.csv,datetime,str,0.0,1440,2023-08-03 00:00:00,KEEP candidate,
sensor_data\main_data\ankle\C10\C10_0803.csv,lying,int64,0.0,2,1,UNKNOWN / NEEDS REVIEW,
sensor_data\main_data\ankle\C10\C10_0804.csv,timestamp,float64,0.0,421,1691125200.0,KEEP candidate,
sensor_data\main_data\ankle\C10\C10_0804.csv,datetime,str,0.0,421,2023-08-04 00:00:00,KEEP candidate,
sensor_data\main_data\ankle\C10\C10_0804.csv,lying,int64,0.0,2,0,UNKNOWN / NEEDS REVIEW,
sensor_data\main_data\cbt\C01.csv,timestamp,float64,0.0,5000,1689960600.0,KEEP candidate,
sensor_data\main_data\cbt\C01.csv,temperature_C,float64,0.0,30,38.35,KEEP candidate,
sensor_data\main_data\cbt\C02.csv,timestamp,float64,0.0,5000,1689960600.0,KEEP candidate,
sensor_data\main_data\cbt\C02.csv,temperature_C,float64,0.0,35,38.37,KEEP candidate,
sensor_data\main_data\cbt\C03.csv,timestamp,float64,0.0,5000,1689960600.0,KEEP candidate,
sensor_data\main_data\cbt\C03.csv,temperature_C,float64,0.0,34,38.46,KEEP candidate,
sensor_data\main_data\cbt\C04.csv,timestamp,float64,0.0,5000,1689960600.0,KEEP candidate,
sensor_data\main_data\cbt\C04.csv,temperature_C,float64,0.0,44,38.66,KEEP candidate,
sensor_data\main_data\cbt\C05.csv,timestamp,float64,0.0,5000,1689960600.0,KEEP candidate,
sensor_data\main_data\cbt\C05.csv,temperature_C,float64,0.0,44,38.5,KEEP candidate,
sensor_data\main_data\cbt\C06.csv,timestamp,float64,0.0,5000,1689960600.0,KEEP candidate,
sensor_data\main_data\cbt\C06.csv,temperature_C,float64,0.0,32,38.5,KEEP candidate,
sensor_data\main_data\cbt\C07.csv,timestamp,float64,0.0,5000,1689984000.0,KEEP candidate,
sensor_data\main_data\cbt\C07.csv,temperature_C,float64,0.0,47,38.96,KEEP candidate,
sensor_data\main_data\cbt\C08.csv,timestamp,float64,0.0,5000,1689960600.0,KEEP candidate,
sensor_data\main_data\cbt\C08.csv,temperature_C,float64,0.0,31,38.8,KEEP candidate,
sensor_data\main_data\cbt\C09.csv,timestamp,float64,0.0,5000,1689960600.0,KEEP candidate,
sensor_data\main_data\cbt\C09.csv,temperature_C,float64,0.0,48,38.43,KEEP candidate,
sensor_data\main_data\cbt\C10.csv,timestamp,float64,0.0,5000,1689960600.0,KEEP candidate,
sensor_data\main_data\cbt\C10.csv,temperature_C,float64,0.0,52,38.08,KEEP candidate,
sensor_data\main_data\immu\T01\T01_0721.csv,timestamp,int64,0.0,501,1689960609,KEEP candidate,
sensor_data\main_data\immu\T01\T01_0721.csv,accel_x_mps2,float64,1.66,1351,-2.07,UNKNOWN / NEEDS REVIEW,
sensor_data\main_data\immu\T01\T01_0721.csv,accel_y_mps2,float64,1.66,1875,-4.299,UNKNOWN / NEEDS REVIEW,
sensor_data\main_data\immu\T01\T01_0721.csv,accel_z_mps2,float64,1.66,872,-7.678,UNKNOWN / NEEDS REVIEW,
sensor_data\main_data\immu\T01\T01_0721.csv,mag_x_uT,float64,1.66,523,-0.1,UNKNOWN / NEEDS REVIEW,
sensor_data\main_data\immu\T01\T01_0721.csv,mag_y_uT,float64,1.66,526,-25.1,UNKNOWN / NEEDS REVIEW,
sensor_data\main_data\immu\T01\T01_0721.csv,mag_z_uT,float64,1.66,222,-38.5,UNKNOWN / NEEDS REVIEW,
sensor_data\main_data\immu\T01\T01_0722.csv,timestamp,float64,0.0,5000,1690002000.0,KEEP candidate,
sensor_data\main_data\immu\T01\T01_0722.csv,accel_x_mps2,float64,2.84,1411,-5.383,UNKNOWN / NEEDS REVIEW,
sensor_data\main_data\immu\T01\T01_0722.csv,accel_y_mps2,float64,2.84,1992,3.059,UNKNOWN / NEEDS REVIEW,
sensor_data\main_data\immu\T01\T01_0722.csv,accel_z_mps2,float64,2.84,1086,-7.999,UNKNOWN / NEEDS REVIEW,
sensor_data\main_data\immu\T01\T01_0722.csv,mag_x_uT,float64,2.86,582,-8.0,UNKNOWN / NEEDS REVIEW,
sensor_data\main_data\immu\T01\T01_0722.csv,mag_y_uT,float64,2.86,572,21.8,UNKNOWN / NEEDS REVIEW,
sensor_data\main_data\immu\T01\T01_0722.csv,mag_z_uT,float64,2.86,560,-35.4,UNKNOWN / NEEDS REVIEW,
sensor_data\main_data\immu\T01\T01_0723.csv,timestamp,float64,0.0,5000,1690088400.0,KEEP candidate,
sensor_data\main_data\immu\T01\T01_0723.csv,accel_x_mps2,float64,2.06,1821,-5.546,UNKNOWN / NEEDS REVIEW,
sensor_data\main_data\immu\T01\T01_0723.csv,accel_y_mps2,float64,2.06,1226,-3.955,UNKNOWN / NEEDS REVIEW,
sensor_data\main_data\immu\T01\T01_0723.csv,accel_z_mps2,float64,2.06,1354,-7.123,UNKNOWN / NEEDS REVIEW,
sensor_data\main_data\immu\T01\T01_0723.csv,mag_x_uT,float64,2.06,579,-18.3,UNKNOWN / NEEDS REVIEW,
sensor_data\main_data\immu\T01\T01_0723.csv,mag_y_uT,float64,2.06,347,-6.0,UNKNOWN / NEEDS REVIEW,
sensor_data\main_data\immu\T01\T01_0723.csv,mag_z_uT,float64,2.06,472,-44.7,UNKNOWN / NEEDS REVIEW,
sensor_data\main_data\immu\T01\T01_0724.csv,timestamp,float64,0.0,5000,1690174800.0,KEEP candidate,
sensor_data\main_data\immu\T01\T01_0724.csv,accel_x_mps2,float64,1.86,1063,-6.145,UNKNOWN / NEEDS REVIEW,
sensor_data\main_data\immu\T01\T01_0724.csv,accel_y_mps2,float64,1.86,1685,-4.587,UNKNOWN / NEEDS REVIEW,
sensor_data\main_data\immu\T01\T01_0724.csv,accel_z_mps2,float64,1.86,952,-5.696,UNKNOWN / NEEDS REVIEW,
sensor_data\main_data\immu\T01\T01_0724.csv,mag_x_uT,float64,1.86,459,-52.4,UNKNOWN / NEEDS REVIEW,
sensor_data\main_data\immu\T01\T01_0724.csv,mag_y_uT,float64,1.86,464,-8.1,UNKNOWN / NEEDS REVIEW,
sensor_data\main_data\immu\T01\T01_0724.csv,mag_z_uT,float64,1.86,355,-15.6,UNKNOWN / NEEDS REVIEW,
sensor_data\main_data\immu\T01\T01_0725.csv,timestamp,float64,0.0,5000,1690261200.0,KEEP candidate,
sensor_data\main_data\immu\T01\T01_0725.csv,accel_x_mps2,float64,1.86,626,-9.76,UNKNOWN / NEEDS REVIEW,
sensor_data\main_data\immu\T01\T01_0725.csv,accel_y_mps2,float64,1.86,843,1.426,UNKNOWN / NEEDS REVIEW,
sensor_data\main_data\immu\T01\T01_0725.csv,accel_z_mps2,float64,1.86,592,0.672,UNKNOWN / NEEDS REVIEW,
sensor_data\main_data\immu\T01\T01_0725.csv,mag_x_uT,float64,1.86,177,-68.3,UNKNOWN / NEEDS REVIEW,
sensor_data\main_data\immu\T01\T01_0725.csv,mag_y_uT,float64,1.86,237,-24.6,UNKNOWN / NEEDS REVIEW,
sensor_data\main_data\immu\T01\T01_0725.csv,mag_z_uT,float64,1.86,194,-40.3,UNKNOWN / NEEDS REVIEW,
sensor_data\main_data\immu\T01\T01_0726.csv,timestamp,float64,0.0,5000,1690347600.0,KEEP candidate,
sensor_data\main_data\immu\T01\T01_0726.csv,accel_x_mps2,float64,1.86,761,-6.274,UNKNOWN / NEEDS REVIEW,
sensor_data\main_data\immu\T01\T01_0726.csv,accel_y_mps2,float64,1.86,932,-0.814,UNKNOWN / NEEDS REVIEW,
sensor_data\main_data\immu\T01\T01_0726.csv,accel_z_mps2,float64,1.86,877,-7.511,UNKNOWN / NEEDS REVIEW,
sensor_data\main_data\immu\T01\T01_0726.csv,mag_x_uT,float64,1.86,221,-31.6,UNKNOWN / NEEDS REVIEW,
sensor_data\main_data\immu\T01\T01_0726.csv,mag_y_uT,float64,1.86,263,8.8,UNKNOWN / NEEDS REVIEW,
sensor_data\main_data\immu\T01\T01_0726.csv,mag_z_uT,float64,1.86,237,-39.9,UNKNOWN / NEEDS REVIEW,
sensor_data\main_data\immu\T01\T01_0727.csv,timestamp,float64,0.0,5000,1690434000.0,KEEP candidate,
sensor_data\main_data\immu\T01\T01_0727.csv,accel_x_mps2,float64,1.66,785,-5.987,UNKNOWN / NEEDS REVIEW,
sensor_data\main_data\immu\T01\T01_0727.csv,accel_y_mps2,float64,1.66,639,-2.513,UNKNOWN / NEEDS REVIEW,
sensor_data\main_data\immu\T01\T01_0727.csv,accel_z_mps2,float64,1.66,810,-7.3,UNKNOWN / NEEDS REVIEW,
sensor_data\main_data\immu\T01\T01_0727.csv,mag_x_uT,float64,1.66,205,-29.1,UNKNOWN / NEEDS REVIEW,
sensor_data\main_data\immu\T01\T01_0727.csv,mag_y_uT,float64,1.66,154,12.5,UNKNOWN / NEEDS REVIEW,
sensor_data\main_data\immu\T01\T01_0727.csv,mag_z_uT,float64,1.66,170,-48.1,UNKNOWN / NEEDS REVIEW,
sensor_data\main_data\immu\T01\T01_0728.csv,timestamp,float64,0.0,5000,1690520400.0,KEEP candidate,
sensor_data\main_data\immu\T01\T01_0728.csv,accel_x_mps2,float64,1.66,1440,-5.585,UNKNOWN / NEEDS REVIEW,
sensor_data\main_data\immu\T01\T01_0728.csv,accel_y_mps2,float64,1.66,2038,6.627,UNKNOWN / NEEDS REVIEW,
sensor_data\main_data\immu\T01\T01_0728.csv,accel_z_mps2,float64,1.66,1162,-4.446,UNKNOWN / NEEDS REVIEW,
sensor_data\main_data\immu\T01\T01_0728.csv,mag_x_uT,float64,1.66,384,-13.7,UNKNOWN / NEEDS REVIEW,
sensor_data\main_data\immu\T01\T01_0728.csv,mag_y_uT,float64,1.66,599,22.6,UNKNOWN / NEEDS REVIEW,
sensor_data\main_data\immu\T01\T01_0728.csv,mag_z_uT,float64,1.66,330,-26.6,UNKNOWN / NEEDS REVIEW,
sensor_data\main_data\immu\T01\T01_0729.csv,timestamp,float64,0.0,5000,1690606800.0,KEEP candidate,
sensor_data\main_data\immu\T01\T01_0729.csv,accel_x_mps2,float64,1.86,1023,-6.944,UNKNOWN / NEEDS REVIEW,
sensor_data\main_data\immu\T01\T01_0729.csv,accel_y_mps2,float64,1.86,1168,-4.984,UNKNOWN / NEEDS REVIEW,
sensor_data\main_data\immu\T01\T01_0729.csv,accel_z_mps2,float64,1.86,1202,-4.882,UNKNOWN / NEEDS REVIEW,
sensor_data\main_data\immu\T01\T01_0729.csv,mag_x_uT,float64,1.86,172,-44.0,UNKNOWN / NEEDS REVIEW,
sensor_data\main_data\immu\T01\T01_0729.csv,mag_y_uT,float64,1.86,331,-14.8,UNKNOWN / NEEDS REVIEW,
sensor_data\main_data\immu\T01\T01_0729.csv,mag_z_uT,float64,1.86,368,-10.3,UNKNOWN / NEEDS REVIEW,
sensor_data\main_data\immu\T01\T01_0730.csv,timestamp,float64,0.0,5000,1690693200.0,KEEP candidate,
sensor_data\main_data\immu\T01\T01_0730.csv,accel_x_mps2,float64,1.66,666,-7.045,UNKNOWN / NEEDS REVIEW,
sensor_data\main_data\immu\T01\T01_0730.csv,accel_y_mps2,float64,1.66,551,-3.912,UNKNOWN / NEEDS REVIEW,
sensor_data\main_data\immu\T01\T01_0730.csv,accel_z_mps2,float64,1.66,588,-6.275,UNKNOWN / NEEDS REVIEW,
sensor_data\main_data\immu\T01\T01_0730.csv,mag_x_uT,float64,1.66,111,-55.5,UNKNOWN / NEEDS REVIEW,
sensor_data\main_data\immu\T01\T01_0730.csv,mag_y_uT,float64,1.66,170,-4.7,UNKNOWN / NEEDS REVIEW,
sensor_data\main_data\immu\T01\T01_0730.csv,mag_z_uT,float64,1.66,153,-25.8,UNKNOWN / NEEDS REVIEW,
sensor_data\main_data\immu\T01\T01_0731.csv,timestamp,float64,0.0,5000,1690779600.0,KEEP candidate,
sensor_data\main_data\immu\T01\T01_0731.csv,accel_x_mps2,float64,1.86,623,-5.953,UNKNOWN / NEEDS REVIEW,
sensor_data\main_data\immu\T01\T01_0731.csv,accel_y_mps2,float64,1.86,959,-0.737,UNKNOWN / NEEDS REVIEW,
sensor_data\main_data\immu\T01\T01_0731.csv,accel_z_mps2,float64,1.86,909,-7.726,UNKNOWN / NEEDS REVIEW,
sensor_data\main_data\immu\T01\T01_0731.csv,mag_x_uT,float64,1.86,231,-20.8,UNKNOWN / NEEDS REVIEW,
sensor_data\main_data\immu\T01\T01_0731.csv,mag_y_uT,float64,1.86,245,15.2,UNKNOWN / NEEDS REVIEW,
sensor_data\main_data\immu\T01\T01_0731.csv,mag_z_uT,float64,1.86,178,-50.7,UNKNOWN / NEEDS REVIEW,
sensor_data\main_data\immu\T01\T01_0801.csv,timestamp,float64,0.0,5000,1690866000.0,KEEP candidate,
sensor_data\main_data\immu\T01\T01_0801.csv,accel_x_mps2,float64,3.06,1747,-4.191,UNKNOWN / NEEDS REVIEW,
sensor_data\main_data\immu\T01\T01_0801.csv,accel_y_mps2,float64,3.06,1893,3.543,UNKNOWN / NEEDS REVIEW,
sensor_data\main_data\immu\T01\T01_0801.csv,accel_z_mps2,float64,3.06,1077,-8.052,UNKNOWN / NEEDS REVIEW,
sensor_data\main_data\immu\T01\T01_0801.csv,mag_x_uT,float64,3.08,487,-10.4,UNKNOWN / NEEDS REVIEW,
sensor_data\main_data\immu\T01\T01_0801.csv,mag_y_uT,float64,3.08,533,26.5,UNKNOWN / NEEDS REVIEW,
sensor_data\main_data\immu\T01\T01_0801.csv,mag_z_uT,float64,3.08,408,-42.2,UNKNOWN / NEEDS REVIEW,
sensor_data\main_data\immu\T01\T01_0802.csv,timestamp,float64,0.0,5000,1690952401.0,KEEP candidate,
sensor_data\main_data\immu\T01\T01_0802.csv,accel_x_mps2,float64,1.66,955,-3.554,UNKNOWN / NEEDS REVIEW,
sensor_data\main_data\immu\T01\T01_0802.csv,accel_y_mps2,float64,1.66,1086,-1.752,UNKNOWN / NEEDS REVIEW,
sensor_data\main_data\immu\T01\T01_0802.csv,accel_z_mps2,float64,1.66,807,-8.191,UNKNOWN / NEEDS REVIEW,
sensor_data\main_data\immu\T01\T01_0802.csv,mag_x_uT,float64,1.66,274,-21.0,UNKNOWN / NEEDS REVIEW,
sensor_data\main_data\immu\T01\T01_0802.csv,mag_y_uT,float64,1.66,351,2.9,UNKNOWN / NEEDS REVIEW,
sensor_data\main_data\immu\T01\T01_0802.csv,mag_z_uT,float64,1.66,249,-47.4,UNKNOWN / NEEDS REVIEW,
sensor_data\main_data\immu\T01\T01_0803.csv,timestamp,float64,0.0,5000,1691038800.0,KEEP candidate,
sensor_data\main_data\immu\T01\T01_0803.csv,accel_x_mps2,float64,1.66,775,-5.944,UNKNOWN / NEEDS REVIEW,
sensor_data\main_data\immu\T01\T01_0803.csv,accel_y_mps2,float64,1.66,815,-4.429,UNKNOWN / NEEDS REVIEW,
sensor_data\main_data\immu\T01\T01_0803.csv,accel_z_mps2,float64,1.66,762,-4.417,UNKNOWN / NEEDS REVIEW,
sensor_data\main_data\immu\T01\T01_0803.csv,mag_x_uT,float64,1.66,147,-35.5,UNKNOWN / NEEDS REVIEW,
sensor_data\main_data\immu\T01\T01_0803.csv,mag_y_uT,float64,1.66,212,-8.9,UNKNOWN / NEEDS REVIEW,
sensor_data\main_data\immu\T01\T01_0803.csv,mag_z_uT,float64,1.66,177,-25.7,UNKNOWN / NEEDS REVIEW,
sensor_data\main_data\immu\T01\T01_0804.csv,timestamp,float64,0.0,5000,1691125200.0,KEEP candidate,
sensor_data\main_data\immu\T01\T01_0804.csv,accel_x_mps2,float64,3.06,721,-6.858,UNKNOWN / NEEDS REVIEW,
sensor_data\main_data\immu\T01\T01_0804.csv,accel_y_mps2,float64,3.06,650,-6.071,UNKNOWN / NEEDS REVIEW,
sensor_data\main_data\immu\T01\T01_0804.csv,accel_z_mps2,float64,3.06,711,-3.613,UNKNOWN / NEEDS REVIEW,
sensor_data\main_data\immu\T01\T01_0804.csv,mag_x_uT,float64,3.08,159,-17.2,UNKNOWN / NEEDS REVIEW,
sensor_data\main_data\immu\T01\T01_0804.csv,mag_y_uT,float64,3.08,143,-36.6,UNKNOWN / NEEDS REVIEW,
sensor_data\main_data\immu\T01\T01_0804.csv,mag_z_uT,float64,3.08,176,-20.4,UNKNOWN / NEEDS REVIEW,
sensor_data\main_data\immu\T02\T02_0721.csv,timestamp,float64,0.0,5000,1689960607.0,KEEP candidate,
sensor_data\main_data\immu\T02\T02_0721.csv,accel_x_mps2,float64,1.46,1461,-8.878,UNKNOWN / NEEDS REVIEW,
sensor_data\main_data\immu\T02\T02_0721.csv,accel_y_mps2,float64,1.46,2065,-3.076,UNKNOWN / NEEDS REVIEW,
sensor_data\main_data\immu\T02\T02_0721.csv,accel_z_mps2,float64,1.46,1578,-4.656,UNKNOWN / NEEDS REVIEW,
sensor_data\main_data\immu\T02\T02_0721.csv,mag_x_uT,float64,1.46,374,-33.3,UNKNOWN / NEEDS REVIEW,
sensor_data\main_data\immu\T02\T02_0721.csv,mag_y_uT,float64,1.46,464,-3.0,UNKNOWN / NEEDS REVIEW,
sensor_data\main_data\immu\T02\T02_0721.csv,mag_z_uT,float64,1.46,324,-20.6,UNKNOWN / NEEDS REVIEW,
sensor_data\main_data\immu\T02\T02_0722.csv,timestamp,float64,0.0,5000,1690002000.0,KEEP candidate,
sensor_data\main_data\immu\T02\T02_0722.csv,accel_x_mps2,float64,1.66,1120,-5.464,UNKNOWN / NEEDS REVIEW,
sensor_data\main_data\immu\T02\T02_0722.csv,accel_y_mps2,float64,1.66,1301,4.517,UNKNOWN / NEEDS REVIEW,
sensor_data\main_data\immu\T02\T02_0722.csv,accel_z_mps2,float64,1.66,1003,-6.547,UNKNOWN / NEEDS REVIEW,
sensor_data\main_data\immu\T02\T02_0722.csv,mag_x_uT,float64,1.66,169,-23.7,UNKNOWN / NEEDS REVIEW,
sensor_data\main_data\immu\T02\T02_0722.csv,mag_y_uT,float64,1.66,308,5.8,UNKNOWN / NEEDS REVIEW,
sensor_data\main_data\immu\T02\T02_0722.csv,mag_z_uT,float64,1.66,293,1.8,UNKNOWN / NEEDS REVIEW,
sensor_data\main_data\immu\T02\T02_0723.csv,timestamp,float64,0.0,5000,1690088401.0,KEEP candidate,
sensor_data\main_data\immu\T02\T02_0723.csv,accel_x_mps2,float64,1.46,782,-9.386,UNKNOWN / NEEDS REVIEW,
sensor_data\main_data\immu\T02\T02_0723.csv,accel_y_mps2,float64,1.46,1399,1.142,UNKNOWN / NEEDS REVIEW,
sensor_data\main_data\immu\T02\T02_0723.csv,accel_z_mps2,float64,1.46,932,-2.898,UNKNOWN / NEEDS REVIEW,
sensor_data\main_data\immu\T02\T02_0723.csv,mag_x_uT,float64,1.46,277,-43.1,UNKNOWN / NEEDS REVIEW,
sensor_data\main_data\immu\T02\T02_0723.csv,mag_y_uT,float64,1.46,328,-17.4,UNKNOWN / NEEDS REVIEW,
sensor_data\main_data\immu\T02\T02_0723.csv,mag_z_uT,float64,1.46,335,8.6,UNKNOWN / NEEDS REVIEW,
sensor_data\main_data\immu\T02\T02_0724.csv,timestamp,float64,0.0,5000,1690174800.0,KEEP candidate,
sensor_data\main_data\immu\T02\T02_0724.csv,accel_x_mps2,float64,2.64,713,-6.422,UNKNOWN / NEEDS REVIEW,
sensor_data\main_data\immu\T02\T02_0724.csv,accel_y_mps2,float64,2.64,631,-3.584,UNKNOWN / NEEDS REVIEW,
sensor_data\main_data\immu\T02\T02_0724.csv,accel_z_mps2,float64,2.64,686,-5.082,UNKNOWN / NEEDS REVIEW,
sensor_data\main_data\immu\T02\T02_0724.csv,mag_x_uT,float64,2.66,96,-44.6,UNKNOWN / NEEDS REVIEW,
sensor_data\main_data\immu\T02\T02_0724.csv,mag_y_uT,float64,2.66,136,-13.5,UNKNOWN / NEEDS REVIEW,
sensor_data\main_data\immu\T02\T02_0724.csv,mag_z_uT,float64,2.66,148,-21.0,UNKNOWN / NEEDS REVIEW,
sensor_data\main_data\immu\T02\T02_0725.csv,timestamp,float64,0.0,5000,1690261200.0,KEEP candidate,
sensor_data\main_data\immu\T02\T02_0725.csv,accel_x_mps2,float64,1.26,679,-8.414,UNKNOWN / NEEDS REVIEW,
sensor_data\main_data\immu\T02\T02_0725.csv,accel_y_mps2,float64,1.26,623,-4.474,UNKNOWN / NEEDS REVIEW,
sensor_data\main_data\immu\T02\T02_0725.csv,accel_z_mps2,float64,1.26,537,-1.792,UNKNOWN / NEEDS REVIEW,
sensor_data\main_data\immu\T02\T02_0725.csv,mag_x_uT,float64,1.26,48,-47.9,UNKNOWN / NEEDS REVIEW,
sensor_data\main_data\immu\T02\T02_0725.csv,mag_y_uT,float64,1.26,91,-18.1,UNKNOWN / NEEDS REVIEW,
sensor_data\main_data\immu\T02\T02_0725.csv,mag_z_uT,float64,1.26,81,7.4,UNKNOWN / NEEDS REVIEW,
sensor_data\main_data\immu\T02\T02_0726.csv,timestamp,float64,0.0,5000,1690347600.0,KEEP candidate,
sensor_data\main_data\immu\T02\T02_0726.csv,accel_x_mps2,float64,2.66,809,-5.742,UNKNOWN / NEEDS REVIEW,
sensor_data\main_data\immu\T02\T02_0726.csv,accel_y_mps2,float64,2.66,1489,1.151,UNKNOWN / NEEDS REVIEW,
sensor_data\main_data\immu\T02\T02_0726.csv,accel_z_mps2,float64,2.66,786,-8.874,UNKNOWN / NEEDS REVIEW,
sensor_data\main_data\immu\T02\T02_0726.csv,mag_x_uT,float64,2.68,284,-22.0,UNKNOWN / NEEDS REVIEW,
sensor_data\main_data\immu\T02\T02_0726.csv,mag_y_uT,float64,2.68,486,13.4,UNKNOWN / NEEDS REVIEW,
sensor_data\main_data\immu\T02\T02_0726.csv,mag_z_uT,float64,2.68,225,-24.3,UNKNOWN / NEEDS REVIEW,
sensor_data\main_data\immu\T02\T02_0727.csv,timestamp,float64,0.0,5000,1690434000.0,KEEP candidate,
sensor_data\main_data\immu\T02\T02_0727.csv,accel_x_mps2,float64,1.46,1505,-5.321,UNKNOWN / NEEDS REVIEW,
sensor_data\main_data\immu\T02\T02_0727.csv,accel_y_mps2,float64,1.46,1918,5.331,UNKNOWN / NEEDS REVIEW,
sensor_data\main_data\immu\T02\T02_0727.csv,accel_z_mps2,float64,1.46,1115,-7.538,UNKNOWN / NEEDS REVIEW,
sensor_data\main_data\immu\T02\T02_0727.csv,mag_x_uT,float64,1.46,447,-6.0,UNKNOWN / NEEDS REVIEW,
sensor_data\main_data\immu\T02\T02_0727.csv,mag_y_uT,float64,1.46,480,8.4,UNKNOWN / NEEDS REVIEW,
sensor_data\main_data\immu\T02\T02_0727.csv,mag_z_uT,float64,1.46,365,-14.7,UNKNOWN / NEEDS REVIEW,
sensor_data\main_data\immu\T02\T02_0728.csv,timestamp,float64,0.0,5000,1690520400.0,KEEP candidate,
sensor_data\main_data\immu\T02\T02_0728.csv,accel_x_mps2,float64,2.46,661,-6.901,UNKNOWN / NEEDS REVIEW,
sensor_data\main_data\immu\T02\T02_0728.csv,accel_y_mps2,float64,2.46,640,-2.923,UNKNOWN / NEEDS REVIEW,
sensor_data\main_data\immu\T02\T02_0728.csv,accel_z_mps2,float64,2.46,490,-3.789,UNKNOWN / NEEDS REVIEW,
sensor_data\main_data\immu\T02\T02_0728.csv,mag_x_uT,float64,2.48,62,-40.3,UNKNOWN / NEEDS REVIEW,
sensor_data\main_data\immu\T02\T02_0728.csv,mag_y_uT,float64,2.48,131,-12.1,UNKNOWN / NEEDS REVIEW,
sensor_data\main_data\immu\T02\T02_0728.csv,mag_z_uT,float64,2.48,96,-29.9,UNKNOWN / NEEDS REVIEW,
sensor_data\main_data\immu\T02\T02_0729.csv,timestamp,float64,0.0,5000,1690606800.0,KEEP candidate,
sensor_data\main_data\immu\T02\T02_0729.csv,accel_x_mps2,float64,1.26,1507,-4.789,UNKNOWN / NEEDS REVIEW,
sensor_data\main_data\immu\T02\T02_0729.csv,accel_y_mps2,float64,1.26,2116,4.355,UNKNOWN / NEEDS REVIEW,
sensor_data\main_data\immu\T02\T02_0729.csv,accel_z_mps2,float64,1.26,1240,-7.433,UNKNOWN / NEEDS REVIEW,
sensor_data\main_data\immu\T02\T02_0729.csv,mag_x_uT,float64,1.26,429,-35.7,UNKNOWN / NEEDS REVIEW,
sensor_data\main_data\immu\T02\T02_0729.csv,mag_y_uT,float64,1.26,559,-12.8,UNKNOWN / NEEDS REVIEW,
sensor_data\main_data\immu\T02\T02_0729.csv,mag_z_uT,float64,1.26,427,-25.7,UNKNOWN / NEEDS REVIEW,
sensor_data\main_data\immu\T02\T02_0730.csv,timestamp,float64,0.0,5000,1690693200.0,KEEP candidate,
sensor_data\main_data\immu\T02\T02_0730.csv,accel_x_mps2,float64,2.66,1135,-7.763,UNKNOWN / NEEDS REVIEW,
sensor_data\main_data\immu\T02\T02_0730.csv,accel_y_mps2,float64,2.66,1001,-3.847,UNKNOWN / NEEDS REVIEW,
sensor_data\main_data\immu\T02\T02_0730.csv,accel_z_mps2,float64,2.66,827,-5.02,UNKNOWN / NEEDS REVIEW,
sensor_data\main_data\immu\T02\T02_0730.csv,mag_x_uT,float64,2.68,297,-23.7,UNKNOWN / NEEDS REVIEW,
sensor_data\main_data\immu\T02\T02_0730.csv,mag_y_uT,float64,2.68,238,-32.9,UNKNOWN / NEEDS REVIEW,
sensor_data\main_data\immu\T02\T02_0730.csv,mag_z_uT,float64,2.68,169,-29.2,UNKNOWN / NEEDS REVIEW,
sensor_data\main_data\immu\T02\T02_0731.csv,timestamp,float64,0.0,5000,1690779600.0,KEEP candidate,
sensor_data\main_data\immu\T02\T02_0731.csv,accel_x_mps2,float64,1.46,637,-7.902,UNKNOWN / NEEDS REVIEW,
sensor_data\main_data\immu\T02\T02_0731.csv,accel_y_mps2,float64,1.46,495,-4.321,UNKNOWN / NEEDS REVIEW,
sensor_data\main_data\immu\T02\T02_0731.csv,accel_z_mps2,float64,1.46,484,-4.507,UNKNOWN / NEEDS REVIEW,
sensor_data\main_data\immu\T02\T02_0731.csv,mag_x_uT,float64,1.46,64,-39.0,UNKNOWN / NEEDS REVIEW,
sensor_data\main_data\immu\T02\T02_0731.csv,mag_y_uT,float64,1.46,100,-35.4,UNKNOWN / NEEDS REVIEW,
sensor_data\main_data\immu\T02\T02_0731.csv,mag_z_uT,float64,1.46,96,-2.2,UNKNOWN / NEEDS REVIEW,
sensor_data\main_data\immu\T02\T02_0801.csv,timestamp,float64,0.0,5000,1690866000.0,KEEP candidate,
sensor_data\main_data\immu\T02\T02_0801.csv,accel_x_mps2,float64,2.86,821,-7.609,UNKNOWN / NEEDS REVIEW,
sensor_data\main_data\immu\T02\T02_0801.csv,accel_y_mps2,float64,2.86,804,-4.201,UNKNOWN / NEEDS REVIEW,
sensor_data\main_data\immu\T02\T02_0801.csv,accel_z_mps2,float64,2.86,905,-4.478,UNKNOWN / NEEDS REVIEW,
sensor_data\main_data\immu\T02\T02_0801.csv,mag_x_uT,float64,2.88,117,-46.3,UNKNOWN / NEEDS REVIEW,
sensor_data\main_data\immu\T02\T02_0801.csv,mag_y_uT,float64,2.88,209,-14.4,UNKNOWN / NEEDS REVIEW,
sensor_data\main_data\immu\T02\T02_0801.csv,mag_z_uT,float64,2.88,192,-8.1,UNKNOWN / NEEDS REVIEW,
sensor_data\main_data\immu\T02\T02_0802.csv,timestamp,float64,0.0,5000,1690952400.0,KEEP candidate,
sensor_data\main_data\immu\T02\T02_0802.csv,accel_x_mps2,float64,1.46,920,-7.313,UNKNOWN / NEEDS REVIEW,
sensor_data\main_data\immu\T02\T02_0802.csv,accel_y_mps2,float64,1.46,940,0.457,UNKNOWN / NEEDS REVIEW,
sensor_data\main_data\immu\T02\T02_0802.csv,accel_z_mps2,float64,1.46,923,-6.925,UNKNOWN / NEEDS REVIEW,
sensor_data\main_data\immu\T02\T02_0802.csv,mag_x_uT,float64,1.46,319,-28.0,UNKNOWN / NEEDS REVIEW,
sensor_data\main_data\immu\T02\T02_0802.csv,mag_y_uT,float64,1.46,254,-8.8,UNKNOWN / NEEDS REVIEW,
sensor_data\main_data\immu\T02\T02_0802.csv,mag_z_uT,float64,1.46,254,-38.7,UNKNOWN / NEEDS REVIEW,
sensor_data\main_data\immu\T02\T02_0803.csv,timestamp,float64,0.0,5000,1691038800.0,KEEP candidate,
sensor_data\main_data\immu\T02\T02_0803.csv,accel_x_mps2,float64,2.66,730,-6.202,UNKNOWN / NEEDS REVIEW,
sensor_data\main_data\immu\T02\T02_0803.csv,accel_y_mps2,float64,2.66,690,-2.956,UNKNOWN / NEEDS REVIEW,
sensor_data\main_data\immu\T02\T02_0803.csv,accel_z_mps2,float64,2.66,616,-6.102,UNKNOWN / NEEDS REVIEW,
sensor_data\main_data\immu\T02\T02_0803.csv,mag_x_uT,float64,2.68,96,-37.1,UNKNOWN / NEEDS REVIEW,
sensor_data\main_data\immu\T02\T02_0803.csv,mag_y_uT,float64,2.68,182,-10.0,UNKNOWN / NEEDS REVIEW,
sensor_data\main_data\immu\T02\T02_0803.csv,mag_z_uT,float64,2.68,147,-21.7,UNKNOWN / NEEDS REVIEW,
sensor_data\main_data\immu\T02\T02_0804.csv,timestamp,float64,0.0,5000,1691125200.0,KEEP candidate,
sensor_data\main_data\immu\T02\T02_0804.csv,accel_x_mps2,float64,1.26,760,-7.825,UNKNOWN / NEEDS REVIEW,
sensor_data\main_data\immu\T02\T02_0804.csv,accel_y_mps2,float64,1.26,1033,-4.077,UNKNOWN / NEEDS REVIEW,
sensor_data\main_data\immu\T02\T02_0804.csv,accel_z_mps2,float64,1.26,926,-4.502,UNKNOWN / NEEDS REVIEW,
sensor_data\main_data\immu\T02\T02_0804.csv,mag_x_uT,float64,1.26,171,-35.8,UNKNOWN / NEEDS REVIEW,
sensor_data\main_data\immu\T02\T02_0804.csv,mag_y_uT,float64,1.26,303,-16.5,UNKNOWN / NEEDS REVIEW,
sensor_data\main_data\immu\T02\T02_0804.csv,mag_z_uT,float64,1.26,277,-30.2,UNKNOWN / NEEDS REVIEW,
sensor_data\main_data\immu\T03\T03_0721.csv,timestamp,float64,0.0,5000,1689960605.0,KEEP candidate,
sensor_data\main_data\immu\T03\T03_0721.csv,accel_x_mps2,float64,1.46,580,-8.752,UNKNOWN / NEEDS REVIEW,
sensor_data\main_data\immu\T03\T03_0721.csv,accel_y_mps2,float64,1.46,995,-2.846,UNKNOWN / NEEDS REVIEW,
sensor_data\main_data\immu\T03\T03_0721.csv,accel_z_mps2,float64,1.46,967,-4.317,UNKNOWN / NEEDS REVIEW,
sensor_data\main_data\immu\T03\T03_0721.csv,mag_x_uT,float64,1.46,114,-36.3,UNKNOWN / NEEDS REVIEW,
sensor_data\main_data\immu\T03\T03_0721.csv,mag_y_uT,float64,1.46,154,-33.4,UNKNOWN / NEEDS REVIEW,
sensor_data\main_data\immu\T03\T03_0721.csv,mag_z_uT,float64,1.46,183,-16.4,UNKNOWN / NEEDS REVIEW,
sensor_data\main_data\immu\T03\T03_0722.csv,timestamp,float64,0.0,5000,1690002000.0,KEEP candidate,
sensor_data\main_data\immu\T03\T03_0722.csv,accel_x_mps2,float64,2.84,701,-5.749,UNKNOWN / NEEDS REVIEW,
sensor_data\main_data\immu\T03\T03_0722.csv,accel_y_mps2,float64,2.84,1175,-5.293,UNKNOWN / NEEDS REVIEW,
sensor_data\main_data\immu\T03\T03_0722.csv,accel_z_mps2,float64,2.84,1171,-3.8,UNKNOWN / NEEDS REVIEW,
sensor_data\main_data\immu\T03\T03_0722.csv,mag_x_uT,float64,2.86,84,-38.7,UNKNOWN / NEEDS REVIEW,
sensor_data\main_data\immu\T03\T03_0722.csv,mag_y_uT,float64,2.86,207,-39.7,UNKNOWN / NEEDS REVIEW,
sensor_data\main_data\immu\T03\T03_0722.csv,mag_z_uT,float64,2.86,218,-0.2,UNKNOWN / NEEDS REVIEW,
sensor_data\main_data\immu\T03\T03_0723.csv,timestamp,float64,0.0,5000,1690088400.0,KEEP candidate,
sensor_data\main_data\immu\T03\T03_0723.csv,accel_x_mps2,float64,2.24,983,-7.176,UNKNOWN / NEEDS REVIEW,
sensor_data\main_data\immu\T03\T03_0723.csv,accel_y_mps2,float64,2.24,1602,-3.703,UNKNOWN / NEEDS REVIEW,
sensor_data\main_data\immu\T03\T03_0723.csv,accel_z_mps2,float64,2.24,1418,-6.065,UNKNOWN / NEEDS REVIEW,
sensor_data\main_data\immu\T03\T03_0723.csv,mag_x_uT,float64,2.24,183,-40.9,UNKNOWN / NEEDS REVIEW,
sensor_data\main_data\immu\T03\T03_0723.csv,mag_y_uT,float64,2.24,318,-19.7,UNKNOWN / NEEDS REVIEW,
sensor_data\main_data\immu\T03\T03_0723.csv,mag_z_uT,float64,2.24,269,-23.8,UNKNOWN / NEEDS REVIEW,
sensor_data\main_data\immu\T03\T03_0724.csv,timestamp,float64,0.0,5000,1690174800.0,KEEP candidate,
sensor_data\main_data\immu\T03\T03_0724.csv,accel_x_mps2,float64,1.66,588,-7.406,UNKNOWN / NEEDS REVIEW,
sensor_data\main_data\immu\T03\T03_0724.csv,accel_y_mps2,float64,1.66,695,-6.174,UNKNOWN / NEEDS REVIEW,
sensor_data\main_data\immu\T03\T03_0724.csv,accel_z_mps2,float64,1.66,673,-2.048,UNKNOWN / NEEDS REVIEW,
sensor_data\main_data\immu\T03\T03_0724.csv,mag_x_uT,float64,1.66,53,-33.7,UNKNOWN / NEEDS REVIEW,
sensor_data\main_data\immu\T03\T03_0724.csv,mag_y_uT,float64,1.66,103,-34.9,UNKNOWN / NEEDS REVIEW,
sensor_data\main_data\immu\T03\T03_0724.csv,mag_z_uT,float64,1.66,125,5.9,UNKNOWN / NEEDS REVIEW,
sensor_data\main_data\immu\T03\T03_0725.csv,timestamp,float64,0.0,5000,1690261200.0,KEEP candidate,
sensor_data\main_data\immu\T03\T03_0725.csv,accel_x_mps2,float64,3.04,1091,-7.353,UNKNOWN / NEEDS REVIEW,
sensor_data\main_data\immu\T03\T03_0725.csv,accel_y_mps2,float64,3.04,2137,-4.833,UNKNOWN / NEEDS REVIEW,
sensor_data\main_data\immu\T03\T03_0725.csv,accel_z_mps2,float64,3.04,999,-4.442,UNKNOWN / NEEDS REVIEW,
sensor_data\main_data\immu\T03\T03_0725.csv,mag_x_uT,float64,3.06,282,-10.6,UNKNOWN / NEEDS REVIEW,
sensor_data\main_data\immu\T03\T03_0725.csv,mag_y_uT,float64,3.06,383,-50.0,UNKNOWN / NEEDS REVIEW,
sensor_data\main_data\immu\T03\T03_0725.csv,mag_z_uT,float64,3.06,359,12.2,UNKNOWN / NEEDS REVIEW,
sensor_data\main_data\immu\T03\T03_0726.csv,timestamp,float64,0.0,5000,1690347600.0,KEEP candidate,
sensor_data\main_data\immu\T03\T03_0726.csv,accel_x_mps2,float64,1.46,804,-7.621,UNKNOWN / NEEDS REVIEW,
sensor_data\main_data\immu\T03\T03_0726.csv,accel_y_mps2,float64,1.46,1218,-6.327,UNKNOWN / NEEDS REVIEW,
sensor_data\main_data\immu\T03\T03_0726.csv,accel_z_mps2,float64,1.46,1287,-1.387,UNKNOWN / NEEDS REVIEW,
sensor_data\main_data\immu\T03\T03_0726.csv,mag_x_uT,float64,1.46,112,-35.5,UNKNOWN / NEEDS REVIEW,
sensor_data\main_data\immu\T03\T03_0726.csv,mag_y_uT,float64,1.46,160,-47.6,UNKNOWN / NEEDS REVIEW,
sensor_data\main_data\immu\T03\T03_0726.csv,mag_z_uT,float64,1.46,278,12.4,UNKNOWN / NEEDS REVIEW,
sensor_data\main_data\immu\T03\T03_0727.csv,timestamp,float64,0.0,5000,1690434000.0,KEEP candidate,
sensor_data\main_data\immu\T03\T03_0727.csv,accel_x_mps2,float64,1.66,473,-7.976,UNKNOWN / NEEDS REVIEW,
sensor_data\main_data\immu\T03\T03_0727.csv,accel_y_mps2,float64,1.66,643,-5.25,UNKNOWN / NEEDS REVIEW,
sensor_data\main_data\immu\T03\T03_0727.csv,accel_z_mps2,float64,1.66,682,-2.809,UNKNOWN / NEEDS REVIEW,
sensor_data\main_data\immu\T03\T03_0727.csv,mag_x_uT,float64,1.66,54,-38.4,UNKNOWN / NEEDS REVIEW,
sensor_data\main_data\immu\T03\T03_0727.csv,mag_y_uT,float64,1.66,65,-37.7,UNKNOWN / NEEDS REVIEW,
sensor_data\main_data\immu\T03\T03_0727.csv,mag_z_uT,float64,1.66,115,6.1,UNKNOWN / NEEDS REVIEW,
sensor_data\main_data\immu\T03\T03_0728.csv,timestamp,float64,0.0,5000,1690520400.0,KEEP candidate,
sensor_data\main_data\immu\T03\T03_0728.csv,accel_x_mps2,float64,1.46,775,-5.591,UNKNOWN / NEEDS REVIEW,
sensor_data\main_data\immu\T03\T03_0728.csv,accel_y_mps2,float64,1.46,1121,5.015,UNKNOWN / NEEDS REVIEW,
sensor_data\main_data\immu\T03\T03_0728.csv,accel_z_mps2,float64,1.46,1143,-6.453,UNKNOWN / NEEDS REVIEW,
sensor_data\main_data\immu\T03\T03_0728.csv,mag_x_uT,float64,1.46,137,-23.1,UNKNOWN / NEEDS REVIEW,
sensor_data\main_data\immu\T03\T03_0728.csv,mag_y_uT,float64,1.46,269,-0.8,UNKNOWN / NEEDS REVIEW,
sensor_data\main_data\immu\T03\T03_0728.csv,mag_z_uT,float64,1.46,190,-27.4,UNKNOWN / NEEDS REVIEW,
sensor_data\main_data\immu\T03\T03_0729.csv,timestamp,float64,0.0,5000,1690606800.0,KEEP candidate,
sensor_data\main_data\immu\T03\T03_0729.csv,accel_x_mps2,float64,1.66,1057,-7.028,UNKNOWN / NEEDS REVIEW,
sensor_data\main_data\immu\T03\T03_0729.csv,accel_y_mps2,float64,1.66,1855,-1.338,UNKNOWN / NEEDS REVIEW,
sensor_data\main_data\immu\T03\T03_0729.csv,accel_z_mps2,float64,1.66,889,-6.415,UNKNOWN / NEEDS REVIEW,
sensor_data\main_data\immu\T03\T03_0729.csv,mag_x_uT,float64,1.66,257,-22.5,UNKNOWN / NEEDS REVIEW,
sensor_data\main_data\immu\T03\T03_0729.csv,mag_y_uT,float64,1.66,333,-0.2,UNKNOWN / NEEDS REVIEW,
sensor_data\main_data\immu\T03\T03_0729.csv,mag_z_uT,float64,1.66,290,-43.4,UNKNOWN / NEEDS REVIEW,
sensor_data\main_data\immu\T03\T03_0730.csv,timestamp,float64,0.0,5000,1690693200.0,KEEP candidate,
sensor_data\main_data\immu\T03\T03_0730.csv,accel_x_mps2,float64,3.04,649,-8.498,UNKNOWN / NEEDS REVIEW,
sensor_data\main_data\immu\T03\T03_0730.csv,accel_y_mps2,float64,3.04,1408,-4.369,UNKNOWN / NEEDS REVIEW,
sensor_data\main_data\immu\T03\T03_0730.csv,accel_z_mps2,float64,3.04,1015,-3.116,UNKNOWN / NEEDS REVIEW,
sensor_data\main_data\immu\T03\T03_0730.csv,mag_x_uT,float64,3.06,124,-38.8,UNKNOWN / NEEDS REVIEW,
sensor_data\main_data\immu\T03\T03_0730.csv,mag_y_uT,float64,3.06,204,-15.4,UNKNOWN / NEEDS REVIEW,
sensor_data\main_data\immu\T03\T03_0730.csv,mag_z_uT,float64,3.06,153,-16.3,UNKNOWN / NEEDS REVIEW,
sensor_data\main_data\immu\T03\T03_0731.csv,timestamp,float64,0.0,5000,1690779600.0,KEEP candidate,
sensor_data\main_data\immu\T03\T03_0731.csv,accel_x_mps2,float64,1.46,1339,-7.54,UNKNOWN / NEEDS REVIEW,
sensor_data\main_data\immu\T03\T03_0731.csv,accel_y_mps2,float64,1.46,2075,4.283,UNKNOWN / NEEDS REVIEW,
sensor_data\main_data\immu\T03\T03_0731.csv,accel_z_mps2,float64,1.46,1163,-5.85,UNKNOWN / NEEDS REVIEW,
sensor_data\main_data\immu\T03\T03_0731.csv,mag_x_uT,float64,1.46,180,-19.8,UNKNOWN / NEEDS REVIEW,
sensor_data\main_data\immu\T03\T03_0731.csv,mag_y_uT,float64,1.46,356,10.4,UNKNOWN / NEEDS REVIEW,
sensor_data\main_data\immu\T03\T03_0731.csv,mag_z_uT,float64,1.46,257,-8.8,UNKNOWN / NEEDS REVIEW,
sensor_data\main_data\immu\T03\T03_0801.csv,timestamp,float64,0.0,5000,1690866000.0,KEEP candidate,
sensor_data\main_data\immu\T03\T03_0801.csv,accel_x_mps2,float64,1.66,560,-5.031,UNKNOWN / NEEDS REVIEW,
sensor_data\main_data\immu\T03\T03_0801.csv,accel_y_mps2,float64,1.66,691,-6.481,UNKNOWN / NEEDS REVIEW,
sensor_data\main_data\immu\T03\T03_0801.csv,accel_z_mps2,float64,1.66,597,-5.395,UNKNOWN / NEEDS REVIEW,
sensor_data\main_data\immu\T03\T03_0801.csv,mag_x_uT,float64,1.66,39,-34.6,UNKNOWN / NEEDS REVIEW,
sensor_data\main_data\immu\T03\T03_0801.csv,mag_y_uT,float64,1.66,59,-29.9,UNKNOWN / NEEDS REVIEW,
sensor_data\main_data\immu\T03\T03_0801.csv,mag_z_uT,float64,1.66,82,-11.9,UNKNOWN / NEEDS REVIEW,
sensor_data\main_data\immu\T03\T03_0802.csv,timestamp,float64,0.0,5000,1690952400.0,KEEP candidate,
sensor_data\main_data\immu\T03\T03_0802.csv,accel_x_mps2,float64,2.86,1216,-8.464,UNKNOWN / NEEDS REVIEW,
sensor_data\main_data\immu\T03\T03_0802.csv,accel_y_mps2,float64,2.86,2084,4.201,UNKNOWN / NEEDS REVIEW,
sensor_data\main_data\immu\T03\T03_0802.csv,accel_z_mps2,float64,2.86,1149,-4.466,UNKNOWN / NEEDS REVIEW,
sensor_data\main_data\immu\T03\T03_0802.csv,mag_x_uT,float64,2.88,199,-21.1,UNKNOWN / NEEDS REVIEW,
sensor_data\main_data\immu\T03\T03_0802.csv,mag_y_uT,float64,2.88,369,4.0,UNKNOWN / NEEDS REVIEW,
sensor_data\main_data\immu\T03\T03_0802.csv,mag_z_uT,float64,2.88,291,-7.4,UNKNOWN / NEEDS REVIEW,
sensor_data\main_data\immu\T03\T03_0803.csv,timestamp,float64,0.0,5000,1691038800.0,KEEP candidate,
sensor_data\main_data\immu\T03\T03_0803.csv,accel_x_mps2,float64,1.66,560,-6.822,UNKNOWN / NEEDS REVIEW,
sensor_data\main_data\immu\T03\T03_0803.csv,accel_y_mps2,float64,1.66,985,-5.365,UNKNOWN / NEEDS REVIEW,
sensor_data\main_data\immu\T03\T03_0803.csv,accel_z_mps2,float64,1.66,1045,-1.933,UNKNOWN / NEEDS REVIEW,
sensor_data\main_data\immu\T03\T03_0803.csv,mag_x_uT,float64,1.66,62,-33.7,UNKNOWN / NEEDS REVIEW,
sensor_data\main_data\immu\T03\T03_0803.csv,mag_y_uT,float64,1.66,125,-21.2,UNKNOWN / NEEDS REVIEW,
sensor_data\main_data\immu\T03\T03_0803.csv,mag_z_uT,float64,1.66,139,-2.8,UNKNOWN / NEEDS REVIEW,
sensor_data\main_data\immu\T03\T03_0804.csv,timestamp,float64,0.0,5000,1691125200.0,KEEP candidate,
sensor_data\main_data\immu\T03\T03_0804.csv,accel_x_mps2,float64,2.86,1303,-5.304,UNKNOWN / NEEDS REVIEW,
sensor_data\main_data\immu\T03\T03_0804.csv,accel_y_mps2,float64,2.86,2029,-2.655,UNKNOWN / NEEDS REVIEW,
sensor_data\main_data\immu\T03\T03_0804.csv,accel_z_mps2,float64,2.86,1117,-6.75,UNKNOWN / NEEDS REVIEW,
sensor_data\main_data\immu\T03\T03_0804.csv,mag_x_uT,float64,2.88,208,-18.1,UNKNOWN / NEEDS REVIEW,
sensor_data\main_data\immu\T03\T03_0804.csv,mag_y_uT,float64,2.88,348,-35.6,UNKNOWN / NEEDS REVIEW,
sensor_data\main_data\immu\T03\T03_0804.csv,mag_z_uT,float64,2.88,278,-8.5,UNKNOWN / NEEDS REVIEW,
sensor_data\main_data\immu\T04\T04_0721.csv,timestamp,float64,0.0,5000,1689960609.0,KEEP candidate,
sensor_data\main_data\immu\T04\T04_0721.csv,accel_x_mps2,float64,1.26,854,-11.4,UNKNOWN / NEEDS REVIEW,
sensor_data\main_data\immu\T04\T04_0721.csv,accel_y_mps2,float64,1.26,1571,2.899,UNKNOWN / NEEDS REVIEW,
sensor_data\main_data\immu\T04\T04_0721.csv,accel_z_mps2,float64,1.26,919,-1.963,UNKNOWN / NEEDS REVIEW,
sensor_data\main_data\immu\T04\T04_0721.csv,mag_x_uT,float64,1.26,389,-69.0,UNKNOWN / NEEDS REVIEW,
sensor_data\main_data\immu\T04\T04_0721.csv,mag_y_uT,float64,1.26,459,-9.3,UNKNOWN / NEEDS REVIEW,
sensor_data\main_data\immu\T04\T04_0721.csv,mag_z_uT,float64,1.26,337,-9.8,UNKNOWN / NEEDS REVIEW,
sensor_data\main_data\immu\T04\T04_0722.csv,timestamp,float64,0.0,5000,1690002000.0,KEEP candidate,
sensor_data\main_data\immu\T04\T04_0722.csv,accel_x_mps2,float64,1.46,446,-4.495,UNKNOWN / NEEDS REVIEW,
sensor_data\main_data\immu\T04\T04_0722.csv,accel_y_mps2,float64,1.46,703,4.633,UNKNOWN / NEEDS REVIEW,
sensor_data\main_data\immu\T04\T04_0722.csv,accel_z_mps2,float64,1.46,747,-7.48,UNKNOWN / NEEDS REVIEW,
sensor_data\main_data\immu\T04\T04_0722.csv,mag_x_uT,float64,1.46,97,-41.7,UNKNOWN / NEEDS REVIEW,
sensor_data\main_data\immu\T04\T04_0722.csv,mag_y_uT,float64,1.46,137,19.2,UNKNOWN / NEEDS REVIEW,
sensor_data\main_data\immu\T04\T04_0722.csv,mag_z_uT,float64,1.46,189,-32.9,UNKNOWN / NEEDS REVIEW,
sensor_data\main_data\immu\T04\T04_0723.csv,timestamp,float64,0.0,5000,1690088400.0,KEEP candidate,
sensor_data\main_data\immu\T04\T04_0723.csv,accel_x_mps2,float64,1.86,612,-6.976,UNKNOWN / NEEDS REVIEW,
sensor_data\main_data\immu\T04\T04_0723.csv,accel_y_mps2,float64,1.86,517,-2.41,UNKNOWN / NEEDS REVIEW,
sensor_data\main_data\immu\T04\T04_0723.csv,accel_z_mps2,float64,1.86,405,-6.977,UNKNOWN / NEEDS REVIEW,
sensor_data\main_data\immu\T04\T04_0723.csv,mag_x_uT,float64,1.86,60,-51.0,UNKNOWN / NEEDS REVIEW,
sensor_data\main_data\immu\T04\T04_0723.csv,mag_y_uT,float64,1.86,105,-17.5,UNKNOWN / NEEDS REVIEW,
sensor_data\main_data\immu\T04\T04_0723.csv,mag_z_uT,float64,1.86,58,-46.1,UNKNOWN / NEEDS REVIEW,
sensor_data\main_data\immu\T04\T04_0724.csv,timestamp,float64,0.0,5000,1690174800.0,KEEP candidate,
sensor_data\main_data\immu\T04\T04_0724.csv,accel_x_mps2,float64,2.66,716,-5.841,UNKNOWN / NEEDS REVIEW,
sensor_data\main_data\immu\T04\T04_0724.csv,accel_y_mps2,float64,2.66,1784,-1.203,UNKNOWN / NEEDS REVIEW,
sensor_data\main_data\immu\T04\T04_0724.csv,accel_z_mps2,float64,2.66,797,-7.671,UNKNOWN / NEEDS REVIEW,
sensor_data\main_data\immu\T04\T04_0724.csv,mag_x_uT,float64,2.68,238,-42.5,UNKNOWN / NEEDS REVIEW,
sensor_data\main_data\immu\T04\T04_0724.csv,mag_y_uT,float64,2.68,423,-9.3,UNKNOWN / NEEDS REVIEW,
sensor_data\main_data\immu\T04\T04_0724.csv,mag_z_uT,float64,2.68,250,-47.1,UNKNOWN / NEEDS REVIEW,
sensor_data\main_data\immu\T04\T04_0725.csv,timestamp,float64,0.0,5000,1690261200.0,KEEP candidate,
sensor_data\main_data\immu\T04\T04_0725.csv,accel_x_mps2,float64,1.26,603,-4.907,UNKNOWN / NEEDS REVIEW,
sensor_data\main_data\immu\T04\T04_0725.csv,accel_y_mps2,float64,1.26,775,-0.734,UNKNOWN / NEEDS REVIEW,
sensor_data\main_data\immu\T04\T04_0725.csv,accel_z_mps2,float64,1.26,565,-8.447,UNKNOWN / NEEDS REVIEW,
sensor_data\main_data\immu\T04\T04_0725.csv,mag_x_uT,float64,1.26,119,-56.8,UNKNOWN / NEEDS REVIEW,
sensor_data\main_data\immu\T04\T04_0725.csv,mag_y_uT,float64,1.26,170,-14.4,UNKNOWN / NEEDS REVIEW,
sensor_data\main_data\immu\T04\T04_0725.csv,mag_z_uT,float64,1.26,159,-35.9,UNKNOWN / NEEDS REVIEW,
sensor_data\main_data\immu\T04\T04_0726.csv,timestamp,float64,0.0,5000,1690347600.0,KEEP candidate,
sensor_data\main_data\immu\T04\T04_0726.csv,accel_x_mps2,float64,2.86,716,-5.501,UNKNOWN / NEEDS REVIEW,
sensor_data\main_data\immu\T04\T04_0726.csv,accel_y_mps2,float64,2.86,1277,-6.375,UNKNOWN / NEEDS REVIEW,
sensor_data\main_data\immu\T04\T04_0726.csv,accel_z_mps2,float64,2.86,1031,-4.429,UNKNOWN / NEEDS REVIEW,
sensor_data\main_data\immu\T04\T04_0726.csv,mag_x_uT,float64,2.88,185,-36.4,UNKNOWN / NEEDS REVIEW,
sensor_data\main_data\immu\T04\T04_0726.csv,mag_y_uT,float64,2.88,307,-42.6,UNKNOWN / NEEDS REVIEW,
sensor_data\main_data\immu\T04\T04_0726.csv,mag_z_uT,float64,2.88,237,-44.5,UNKNOWN / NEEDS REVIEW,
sensor_data\main_data\immu\T04\T04_0727.csv,timestamp,float64,0.0,5000,1690434000.0,KEEP candidate,
sensor_data\main_data\immu\T04\T04_0727.csv,accel_x_mps2,float64,1.26,545,-3.94,UNKNOWN / NEEDS REVIEW,
sensor_data\main_data\immu\T04\T04_0727.csv,accel_y_mps2,float64,1.26,1008,-4.895,UNKNOWN / NEEDS REVIEW,
sensor_data\main_data\immu\T04\T04_0727.csv,accel_z_mps2,float64,1.26,817,-7.489,UNKNOWN / NEEDS REVIEW,
sensor_data\main_data\immu\T04\T04_0727.csv,mag_x_uT,float64,1.26,174,-24.7,UNKNOWN / NEEDS REVIEW,
sensor_data\main_data\immu\T04\T04_0727.csv,mag_y_uT,float64,1.26,171,-46.4,UNKNOWN / NEEDS REVIEW,
sensor_data\main_data\immu\T04\T04_0727.csv,mag_z_uT,float64,1.26,156,-37.5,UNKNOWN / NEEDS REVIEW,
sensor_data\main_data\immu\T04\T04_0728.csv,timestamp,float64,0.0,5000,1690520400.0,KEEP candidate,
sensor_data\main_data\immu\T04\T04_0728.csv,accel_x_mps2,float64,2.64,1520,-0.449,UNKNOWN / NEEDS REVIEW,
sensor_data\main_data\immu\T04\T04_0728.csv,accel_y_mps2,float64,2.64,2201,4.465,UNKNOWN / NEEDS REVIEW,
sensor_data\main_data\immu\T04\T04_0728.csv,accel_z_mps2,float64,2.64,1108,-7.484,UNKNOWN / NEEDS REVIEW,
sensor_data\main_data\immu\T04\T04_0728.csv,mag_x_uT,float64,2.66,456,-2.1,UNKNOWN / NEEDS REVIEW,
sensor_data\main_data\immu\T04\T04_0728.csv,mag_y_uT,float64,2.66,625,-2.8,UNKNOWN / NEEDS REVIEW,
sensor_data\main_data\immu\T04\T04_0728.csv,mag_z_uT,float64,2.66,292,-27.2,UNKNOWN / NEEDS REVIEW,
sensor_data\main_data\immu\T04\T04_0729.csv,timestamp,float64,0.0,5000,1690606800.0,KEEP candidate,
sensor_data\main_data\immu\T04\T04_0729.csv,accel_x_mps2,float64,1.26,426,-5.836,UNKNOWN / NEEDS REVIEW,
sensor_data\main_data\immu\T04\T04_0729.csv,accel_y_mps2,float64,1.26,848,-7.16,UNKNOWN / NEEDS REVIEW,
sensor_data\main_data\immu\T04\T04_0729.csv,accel_z_mps2,float64,1.26,1100,-2.978,UNKNOWN / NEEDS REVIEW,
sensor_data\main_data\immu\T04\T04_0729.csv,mag_x_uT,float64,1.26,116,-24.5,UNKNOWN / NEEDS REVIEW,
sensor_data\main_data\immu\T04\T04_0729.csv,mag_y_uT,float64,1.26,206,-43.3,UNKNOWN / NEEDS REVIEW,
sensor_data\main_data\immu\T04\T04_0729.csv,mag_z_uT,float64,1.26,202,-11.4,UNKNOWN / NEEDS REVIEW,
sensor_data\main_data\immu\T04\T04_0730.csv,timestamp,float64,0.0,5000,1690693200.0,KEEP candidate,
sensor_data\main_data\immu\T04\T04_0730.csv,accel_x_mps2,float64,1.26,597,-5.439,UNKNOWN / NEEDS REVIEW,
sensor_data\main_data\immu\T04\T04_0730.csv,accel_y_mps2,float64,1.26,1075,5.231,UNKNOWN / NEEDS REVIEW,
sensor_data\main_data\immu\T04\T04_0730.csv,accel_z_mps2,float64,1.26,1068,-6.144,UNKNOWN / NEEDS REVIEW,
sensor_data\main_data\immu\T04\T04_0730.csv,mag_x_uT,float64,1.26,204,-30.0,UNKNOWN / NEEDS REVIEW,
sensor_data\main_data\immu\T04\T04_0730.csv,mag_y_uT,float64,1.26,307,-3.2,UNKNOWN / NEEDS REVIEW,
sensor_data\main_data\immu\T04\T04_0730.csv,mag_z_uT,float64,1.26,266,-30.7,UNKNOWN / NEEDS REVIEW,
sensor_data\main_data\immu\T04\T04_0731.csv,timestamp,float64,0.0,5000,1690779600.0,KEEP candidate,
sensor_data\main_data\immu\T04\T04_0731.csv,accel_x_mps2,float64,1.46,911,-5.826,UNKNOWN / NEEDS REVIEW,
sensor_data\main_data\immu\T04\T04_0731.csv,accel_y_mps2,float64,1.46,964,-4.699,UNKNOWN / NEEDS REVIEW,
sensor_data\main_data\immu\T04\T04_0731.csv,accel_z_mps2,float64,1.46,1120,-6.694,UNKNOWN / NEEDS REVIEW,
sensor_data\main_data\immu\T04\T04_0731.csv,mag_x_uT,float64,1.46,253,-16.1,UNKNOWN / NEEDS REVIEW,
sensor_data\main_data\immu\T04\T04_0731.csv,mag_y_uT,float64,1.46,310,-45.8,UNKNOWN / NEEDS REVIEW,
sensor_data\main_data\immu\T04\T04_0731.csv,mag_z_uT,float64,1.46,306,-17.4,UNKNOWN / NEEDS REVIEW,
sensor_data\main_data\immu\T04\T04_0801.csv,timestamp,float64,0.0,5000,1690866000.0,KEEP candidate,
sensor_data\main_data\immu\T04\T04_0801.csv,accel_x_mps2,float64,2.66,975,-7.565,UNKNOWN / NEEDS REVIEW,
sensor_data\main_data\immu\T04\T04_0801.csv,accel_y_mps2,float64,2.66,1505,0.031,UNKNOWN / NEEDS REVIEW,
sensor_data\main_data\immu\T04\T04_0801.csv,accel_z_mps2,float64,2.66,619,-6.373,UNKNOWN / NEEDS REVIEW,
sensor_data\main_data\immu\T04\T04_0801.csv,mag_x_uT,float64,2.68,185,-35.7,UNKNOWN / NEEDS REVIEW,
sensor_data\main_data\immu\T04\T04_0801.csv,mag_y_uT,float64,2.68,414,-13.5,UNKNOWN / NEEDS REVIEW,
sensor_data\main_data\immu\T04\T04_0801.csv,mag_z_uT,float64,2.68,210,-20.9,UNKNOWN / NEEDS REVIEW,
sensor_data\main_data\immu\T04\T04_0802.csv,timestamp,float64,0.0,5000,1690952400.0,KEEP candidate,
sensor_data\main_data\immu\T04\T04_0802.csv,accel_x_mps2,float64,1.86,848,-7.153,UNKNOWN / NEEDS REVIEW,
sensor_data\main_data\immu\T04\T04_0802.csv,accel_y_mps2,float64,1.86,1701,5.366,UNKNOWN / NEEDS REVIEW,
sensor_data\main_data\immu\T04\T04_0802.csv,accel_z_mps2,float64,1.86,1048,-4.453,UNKNOWN / NEEDS REVIEW,
sensor_data\main_data\immu\T04\T04_0802.csv,mag_x_uT,float64,1.86,317,-32.0,UNKNOWN / NEEDS REVIEW,
sensor_data\main_data\immu\T04\T04_0802.csv,mag_y_uT,float64,1.86,462,2.2,UNKNOWN / NEEDS REVIEW,
sensor_data\main_data\immu\T04\T04_0802.csv,mag_z_uT,float64,1.86,313,-16.6,UNKNOWN / NEEDS REVIEW,
sensor_data\main_data\immu\T04\T04_0803.csv,timestamp,float64,0.0,5000,1691038800.0,KEEP candidate,
sensor_data\main_data\immu\T04\T04_0803.csv,accel_x_mps2,float64,2.66,771,-6.573,UNKNOWN / NEEDS REVIEW,
sensor_data\main_data\immu\T04\T04_0803.csv,accel_y_mps2,float64,2.66,1614,-1.241,UNKNOWN / NEEDS REVIEW,
sensor_data\main_data\immu\T04\T04_0803.csv,accel_z_mps2,float64,2.66,996,-7.168,UNKNOWN / NEEDS REVIEW,
sensor_data\main_data\immu\T04\T04_0803.csv,mag_x_uT,float64,2.68,271,-46.6,UNKNOWN / NEEDS REVIEW,
sensor_data\main_data\immu\T04\T04_0803.csv,mag_y_uT,float64,2.68,487,-14.2,UNKNOWN / NEEDS REVIEW,
sensor_data\main_data\immu\T04\T04_0803.csv,mag_z_uT,float64,2.68,191,-25.5,UNKNOWN / NEEDS REVIEW,
sensor_data\main_data\immu\T04\T04_0804.csv,timestamp,float64,0.0,5000,1691125200.0,KEEP candidate,
sensor_data\main_data\immu\T04\T04_0804.csv,accel_x_mps2,float64,1.66,903,-6.205,UNKNOWN / NEEDS REVIEW,
sensor_data\main_data\immu\T04\T04_0804.csv,accel_y_mps2,float64,1.66,1079,-4.335,UNKNOWN / NEEDS REVIEW,
sensor_data\main_data\immu\T04\T04_0804.csv,accel_z_mps2,float64,1.66,1110,-5.765,UNKNOWN / NEEDS REVIEW,
sensor_data\main_data\immu\T04\T04_0804.csv,mag_x_uT,float64,1.66,196,-31.6,UNKNOWN / NEEDS REVIEW,
sensor_data\main_data\immu\T04\T04_0804.csv,mag_y_uT,float64,1.66,284,-26.9,UNKNOWN / NEEDS REVIEW,
sensor_data\main_data\immu\T04\T04_0804.csv,mag_z_uT,float64,1.66,251,-36.3,UNKNOWN / NEEDS REVIEW,
sensor_data\main_data\immu\T05\T05_0721.csv,timestamp,float64,0.0,5000,1689960606.0,KEEP candidate,
sensor_data\main_data\immu\T05\T05_0721.csv,accel_x_mps2,float64,1.26,884,-1.912,UNKNOWN / NEEDS REVIEW,
sensor_data\main_data\immu\T05\T05_0721.csv,accel_y_mps2,float64,1.26,1054,2.557,UNKNOWN / NEEDS REVIEW,
sensor_data\main_data\immu\T05\T05_0721.csv,accel_z_mps2,float64,1.26,808,-9.147,UNKNOWN / NEEDS REVIEW,
sensor_data\main_data\immu\T05\T05_0721.csv,mag_x_uT,float64,1.26,225,-30.4,UNKNOWN / NEEDS REVIEW,
sensor_data\main_data\immu\T05\T05_0721.csv,mag_y_uT,float64,1.26,275,8.4,UNKNOWN / NEEDS REVIEW,
sensor_data\main_data\immu\T05\T05_0721.csv,mag_z_uT,float64,1.26,223,-38.1,UNKNOWN / NEEDS REVIEW,
sensor_data\main_data\immu\T05\T05_0722.csv,timestamp,float64,0.0,5000,1690002000.0,KEEP candidate,
sensor_data\main_data\immu\T05\T05_0722.csv,accel_x_mps2,float64,2.46,726,-6.356,UNKNOWN / NEEDS REVIEW,
sensor_data\main_data\immu\T05\T05_0722.csv,accel_y_mps2,float64,2.46,1126,-2.786,UNKNOWN / NEEDS REVIEW,
sensor_data\main_data\immu\T05\T05_0722.csv,accel_z_mps2,float64,2.46,879,-7.198,UNKNOWN / NEEDS REVIEW,
sensor_data\main_data\immu\T05\T05_0722.csv,mag_x_uT,float64,2.48,138,-36.7,UNKNOWN / NEEDS REVIEW,
sensor_data\main_data\immu\T05\T05_0722.csv,mag_y_uT,float64,2.48,249,-11.6,UNKNOWN / NEEDS REVIEW,
sensor_data\main_data\immu\T05\T05_0722.csv,mag_z_uT,float64,2.48,177,-36.8,UNKNOWN / NEEDS REVIEW,
sensor_data\main_data\immu\T05\T05_0723.csv,timestamp,float64,0.0,5000,1690088400.0,KEEP candidate,
sensor_data\main_data\immu\T05\T05_0723.csv,accel_x_mps2,float64,1.28,1034,-4.01,UNKNOWN / NEEDS REVIEW,
sensor_data\main_data\immu\T05\T05_0723.csv,accel_y_mps2,float64,1.28,1526,2.892,UNKNOWN / NEEDS REVIEW,
sensor_data\main_data\immu\T05\T05_0723.csv,accel_z_mps2,float64,1.28,839,-8.481,UNKNOWN / NEEDS REVIEW,
sensor_data\main_data\immu\T05\T05_0723.csv,mag_x_uT,float64,1.28,495,-21.0,UNKNOWN / NEEDS REVIEW,
sensor_data\main_data\immu\T05\T05_0723.csv,mag_y_uT,float64,1.28,514,34.9,UNKNOWN / NEEDS REVIEW,
sensor_data\main_data\immu\T05\T05_0723.csv,mag_z_uT,float64,1.28,320,-21.5,UNKNOWN / NEEDS REVIEW,
sensor_data\main_data\immu\T05\T05_0724.csv,timestamp,float64,0.0,5000,1690174800.0,KEEP candidate,
sensor_data\main_data\immu\T05\T05_0724.csv,accel_x_mps2,float64,2.44,693,-7.649,UNKNOWN / NEEDS REVIEW,
sensor_data\main_data\immu\T05\T05_0724.csv,accel_y_mps2,float64,2.44,788,-2.024,UNKNOWN / NEEDS REVIEW,
sensor_data\main_data\immu\T05\T05_0724.csv,accel_z_mps2,float64,2.44,698,-6.288,UNKNOWN / NEEDS REVIEW,
sensor_data\main_data\immu\T05\T05_0724.csv,mag_x_uT,float64,2.46,120,-42.5,UNKNOWN / NEEDS REVIEW,
sensor_data\main_data\immu\T05\T05_0724.csv,mag_y_uT,float64,2.46,138,-10.6,UNKNOWN / NEEDS REVIEW,
sensor_data\main_data\immu\T05\T05_0724.csv,mag_z_uT,float64,2.46,126,-18.7,UNKNOWN / NEEDS REVIEW,
sensor_data\main_data\immu\T05\T05_0725.csv,timestamp,float64,0.0,5000,1690261200.0,KEEP candidate,
sensor_data\main_data\immu\T05\T05_0725.csv,accel_x_mps2,float64,1.28,848,-5.743,UNKNOWN / NEEDS REVIEW,
sensor_data\main_data\immu\T05\T05_0725.csv,accel_y_mps2,float64,1.28,1170,-0.037,UNKNOWN / NEEDS REVIEW,
sensor_data\main_data\immu\T05\T05_0725.csv,accel_z_mps2,float64,1.28,628,-7.691,UNKNOWN / NEEDS REVIEW,
sensor_data\main_data\immu\T05\T05_0725.csv,mag_x_uT,float64,1.28,245,-35.3,UNKNOWN / NEEDS REVIEW,
sensor_data\main_data\immu\T05\T05_0725.csv,mag_y_uT,float64,1.28,328,18.7,UNKNOWN / NEEDS REVIEW,
sensor_data\main_data\immu\T05\T05_0725.csv,mag_z_uT,float64,1.28,208,-33.0,UNKNOWN / NEEDS REVIEW,
sensor_data\main_data\immu\T05\T05_0726.csv,timestamp,float64,0.0,5000,1690347600.0,KEEP candidate,
sensor_data\main_data\immu\T05\T05_0726.csv,accel_x_mps2,float64,1.26,1463,-6.131,UNKNOWN / NEEDS REVIEW,
sensor_data\main_data\immu\T05\T05_0726.csv,accel_y_mps2,float64,1.26,1944,-1.996,UNKNOWN / NEEDS REVIEW,
sensor_data\main_data\immu\T05\T05_0726.csv,accel_z_mps2,float64,1.26,881,-7.131,UNKNOWN / NEEDS REVIEW,
sensor_data\main_data\immu\T05\T05_0726.csv,mag_x_uT,float64,1.26,529,-45.5,UNKNOWN / NEEDS REVIEW,
sensor_data\main_data\immu\T05\T05_0726.csv,mag_y_uT,float64,1.26,592,-11.6,UNKNOWN / NEEDS REVIEW,
sensor_data\main_data\immu\T05\T05_0726.csv,mag_z_uT,float64,1.26,390,-14.0,UNKNOWN / NEEDS REVIEW,
sensor_data\main_data\immu\T05\T05_0727.csv,timestamp,float64,0.0,5000,1690434000.0,KEEP candidate,
sensor_data\main_data\immu\T05\T05_0727.csv,accel_x_mps2,float64,1.26,665,-4.915,UNKNOWN / NEEDS REVIEW,
sensor_data\main_data\immu\T05\T05_0727.csv,accel_y_mps2,float64,1.26,749,-0.032,UNKNOWN / NEEDS REVIEW,
sensor_data\main_data\immu\T05\T05_0727.csv,accel_z_mps2,float64,1.26,417,-7.428,UNKNOWN / NEEDS REVIEW,
sensor_data\main_data\immu\T05\T05_0727.csv,mag_x_uT,float64,1.26,149,-43.3,UNKNOWN / NEEDS REVIEW,
sensor_data\main_data\immu\T05\T05_0727.csv,mag_y_uT,float64,1.26,220,-3.7,UNKNOWN / NEEDS REVIEW,
sensor_data\main_data\immu\T05\T05_0727.csv,mag_z_uT,float64,1.26,166,-25.1,UNKNOWN / NEEDS REVIEW,
sensor_data\main_data\immu\T05\T05_0728.csv,timestamp,float64,0.0,5000,1690520400.0,KEEP candidate,
sensor_data\main_data\immu\T05\T05_0728.csv,accel_x_mps2,float64,1.26,740,-7.429,UNKNOWN / NEEDS REVIEW,
sensor_data\main_data\immu\T05\T05_0728.csv,accel_y_mps2,float64,1.26,602,-5.228,UNKNOWN / NEEDS REVIEW,
sensor_data\main_data\immu\T05\T05_0728.csv,accel_z_mps2,float64,1.26,764,-4.138,UNKNOWN / NEEDS REVIEW,
sensor_data\main_data\immu\T05\T05_0728.csv,mag_x_uT,float64,1.26,105,-62.6,UNKNOWN / NEEDS REVIEW,
sensor_data\main_data\immu\T05\T05_0728.csv,mag_y_uT,float64,1.26,144,-5.0,UNKNOWN / NEEDS REVIEW,
sensor_data\main_data\immu\T05\T05_0728.csv,mag_z_uT,float64,1.26,138,-11.4,UNKNOWN / NEEDS REVIEW,
sensor_data\main_data\immu\T05\T05_0729.csv,timestamp,float64,0.0,5000,1690606800.0,KEEP candidate,
sensor_data\main_data\immu\T05\T05_0729.csv,accel_x_mps2,float64,2.46,629,-7.726,UNKNOWN / NEEDS REVIEW,
sensor_data\main_data\immu\T05\T05_0729.csv,accel_y_mps2,float64,2.46,663,-4.51,UNKNOWN / NEEDS REVIEW,
sensor_data\main_data\immu\T05\T05_0729.csv,accel_z_mps2,float64,2.46,574,-2.912,UNKNOWN / NEEDS REVIEW,
sensor_data\main_data\immu\T05\T05_0729.csv,mag_x_uT,float64,2.48,68,-60.8,UNKNOWN / NEEDS REVIEW,
sensor_data\main_data\immu\T05\T05_0729.csv,mag_y_uT,float64,2.48,142,-1.9,UNKNOWN / NEEDS REVIEW,
sensor_data\main_data\immu\T05\T05_0729.csv,mag_z_uT,float64,2.48,111,-10.9,UNKNOWN / NEEDS REVIEW,
sensor_data\main_data\immu\T05\T05_0730.csv,timestamp,float64,0.0,5000,1690693200.0,KEEP candidate,
sensor_data\main_data\immu\T05\T05_0730.csv,accel_x_mps2,float64,1.08,1290,-6.5,UNKNOWN / NEEDS REVIEW,
sensor_data\main_data\immu\T05\T05_0730.csv,accel_y_mps2,float64,1.08,1896,0.182,UNKNOWN / NEEDS REVIEW,
sensor_data\main_data\immu\T05\T05_0730.csv,accel_z_mps2,float64,1.08,1325,-6.733,UNKNOWN / NEEDS REVIEW,
sensor_data\main_data\immu\T05\T05_0730.csv,mag_x_uT,float64,1.08,329,-41.9,UNKNOWN / NEEDS REVIEW,
sensor_data\main_data\immu\T05\T05_0730.csv,mag_y_uT,float64,1.08,552,1.6,UNKNOWN / NEEDS REVIEW,
sensor_data\main_data\immu\T05\T05_0730.csv,mag_z_uT,float64,1.08,324,-22.7,UNKNOWN / NEEDS REVIEW,
sensor_data\main_data\immu\T05\T05_0731.csv,timestamp,float64,0.0,5000,1690779600.0,KEEP candidate,
sensor_data\main_data\immu\T05\T05_0731.csv,accel_x_mps2,float64,2.24,632,-8.243,UNKNOWN / NEEDS REVIEW,
sensor_data\main_data\immu\T05\T05_0731.csv,accel_y_mps2,float64,2.24,533,-2.345,UNKNOWN / NEEDS REVIEW,
sensor_data\main_data\immu\T05\T05_0731.csv,accel_z_mps2,float64,2.24,588,-4.923,UNKNOWN / NEEDS REVIEW,
sensor_data\main_data\immu\T05\T05_0731.csv,mag_x_uT,float64,2.26,75,-54.0,UNKNOWN / NEEDS REVIEW,
sensor_data\main_data\immu\T05\T05_0731.csv,mag_y_uT,float64,2.26,105,11.5,UNKNOWN / NEEDS REVIEW,
sensor_data\main_data\immu\T05\T05_0731.csv,mag_z_uT,float64,2.26,101,-21.1,UNKNOWN / NEEDS REVIEW,
sensor_data\main_data\immu\T05\T05_0801.csv,timestamp,float64,0.0,5000,1690866000.0,KEEP candidate,
sensor_data\main_data\immu\T05\T05_0801.csv,accel_x_mps2,float64,1.26,896,-2.133,UNKNOWN / NEEDS REVIEW,
sensor_data\main_data\immu\T05\T05_0801.csv,accel_y_mps2,float64,1.26,1259,2.576,UNKNOWN / NEEDS REVIEW,
sensor_data\main_data\immu\T05\T05_0801.csv,accel_z_mps2,float64,1.26,887,-9.261,UNKNOWN / NEEDS REVIEW,
sensor_data\main_data\immu\T05\T05_0801.csv,mag_x_uT,float64,1.26,280,-29.5,UNKNOWN / NEEDS REVIEW,
sensor_data\main_data\immu\T05\T05_0801.csv,mag_y_uT,float64,1.26,339,2.6,UNKNOWN / NEEDS REVIEW,
sensor_data\main_data\immu\T05\T05_0801.csv,mag_z_uT,float64,1.26,263,-38.6,UNKNOWN / NEEDS REVIEW,
sensor_data\main_data\immu\T05\T05_0802.csv,timestamp,float64,0.0,5000,1690952400.0,KEEP candidate,
sensor_data\main_data\immu\T05\T05_0802.csv,accel_x_mps2,float64,1.46,758,-7.515,UNKNOWN / NEEDS REVIEW,
sensor_data\main_data\immu\T05\T05_0802.csv,accel_y_mps2,float64,1.46,895,-2.824,UNKNOWN / NEEDS REVIEW,
sensor_data\main_data\immu\T05\T05_0802.csv,accel_z_mps2,float64,1.46,840,-4.617,UNKNOWN / NEEDS REVIEW,
sensor_data\main_data\immu\T05\T05_0802.csv,mag_x_uT,float64,1.46,221,-48.4,UNKNOWN / NEEDS REVIEW,
sensor_data\main_data\immu\T05\T05_0802.csv,mag_y_uT,float64,1.46,212,-14.9,UNKNOWN / NEEDS REVIEW,
sensor_data\main_data\immu\T05\T05_0802.csv,mag_z_uT,float64,1.46,188,-30.5,UNKNOWN / NEEDS REVIEW,
sensor_data\main_data\immu\T05\T05_0803.csv,timestamp,float64,0.0,5000,1691038800.0,KEEP candidate,
sensor_data\main_data\immu\T05\T05_0803.csv,accel_x_mps2,float64,1.28,487,-8.429,UNKNOWN / NEEDS REVIEW,
sensor_data\main_data\immu\T05\T05_0803.csv,accel_y_mps2,float64,1.28,582,-2.963,UNKNOWN / NEEDS REVIEW,
sensor_data\main_data\immu\T05\T05_0803.csv,accel_z_mps2,float64,1.28,506,-3.673,UNKNOWN / NEEDS REVIEW,
sensor_data\main_data\immu\T05\T05_0803.csv,mag_x_uT,float64,1.28,95,-48.0,UNKNOWN / NEEDS REVIEW,
sensor_data\main_data\immu\T05\T05_0803.csv,mag_y_uT,float64,1.28,111,-6.3,UNKNOWN / NEEDS REVIEW,
sensor_data\main_data\immu\T05\T05_0803.csv,mag_z_uT,float64,1.28,94,4.5,UNKNOWN / NEEDS REVIEW,
sensor_data\main_data\immu\T05\T05_0804.csv,timestamp,float64,0.0,5000,1691125200.0,KEEP candidate,
sensor_data\main_data\immu\T05\T05_0804.csv,accel_x_mps2,float64,1.06,653,-6.916,UNKNOWN / NEEDS REVIEW,
sensor_data\main_data\immu\T05\T05_0804.csv,accel_y_mps2,float64,1.06,569,-1.656,UNKNOWN / NEEDS REVIEW,
sensor_data\main_data\immu\T05\T05_0804.csv,accel_z_mps2,float64,1.06,440,-6.561,UNKNOWN / NEEDS REVIEW,
sensor_data\main_data\immu\T05\T05_0804.csv,mag_x_uT,float64,1.06,87,-43.3,UNKNOWN / NEEDS REVIEW,
sensor_data\main_data\immu\T05\T05_0804.csv,mag_y_uT,float64,1.06,153,-3.7,UNKNOWN / NEEDS REVIEW,
sensor_data\main_data\immu\T05\T05_0804.csv,mag_z_uT,float64,1.06,158,-7.4,UNKNOWN / NEEDS REVIEW,
sensor_data\main_data\immu\T06\T06_0721.csv,timestamp,float64,0.0,5000,1689960612.0,KEEP candidate,
sensor_data\main_data\immu\T06\T06_0721.csv,accel_x_mps2,float64,2.44,1628,-5.598,UNKNOWN / NEEDS REVIEW,
sensor_data\main_data\immu\T06\T06_0721.csv,accel_y_mps2,float64,2.44,1773,0.042,UNKNOWN / NEEDS REVIEW,
sensor_data\main_data\immu\T06\T06_0721.csv,accel_z_mps2,float64,2.44,1025,-7.552,UNKNOWN / NEEDS REVIEW,
sensor_data\main_data\immu\T06\T06_0721.csv,mag_x_uT,float64,2.46,567,-52.8,UNKNOWN / NEEDS REVIEW,
sensor_data\main_data\immu\T06\T06_0721.csv,mag_y_uT,float64,2.46,517,-4.2,UNKNOWN / NEEDS REVIEW,
sensor_data\main_data\immu\T06\T06_0721.csv,mag_z_uT,float64,2.46,373,-17.8,UNKNOWN / NEEDS REVIEW,
sensor_data\main_data\immu\T06\T06_0722.csv,timestamp,float64,0.0,5000,1690002000.0,KEEP candidate,
sensor_data\main_data\immu\T06\T06_0722.csv,accel_x_mps2,float64,1.26,1453,-3.587,UNKNOWN / NEEDS REVIEW,
sensor_data\main_data\immu\T06\T06_0722.csv,accel_y_mps2,float64,1.26,1385,-1.781,UNKNOWN / NEEDS REVIEW,
sensor_data\main_data\immu\T06\T06_0722.csv,accel_z_mps2,float64,1.26,1142,-8.831,UNKNOWN / NEEDS REVIEW,
sensor_data\main_data\immu\T06\T06_0722.csv,mag_x_uT,float64,1.26,320,-9.1,UNKNOWN / NEEDS REVIEW,
sensor_data\main_data\immu\T06\T06_0722.csv,mag_y_uT,float64,1.26,298,1.2,UNKNOWN / NEEDS REVIEW,
sensor_data\main_data\immu\T06\T06_0722.csv,mag_z_uT,float64,1.26,252,-41.5,UNKNOWN / NEEDS REVIEW,
sensor_data\main_data\immu\T06\T06_0723.csv,timestamp,float64,0.0,5000,1690088400.0,KEEP candidate,
sensor_data\main_data\immu\T06\T06_0723.csv,accel_x_mps2,float64,1.28,969,-2.265,UNKNOWN / NEEDS REVIEW,
sensor_data\main_data\immu\T06\T06_0723.csv,accel_y_mps2,float64,1.28,936,-1.839,UNKNOWN / NEEDS REVIEW,
sensor_data\main_data\immu\T06\T06_0723.csv,accel_z_mps2,float64,1.28,723,-9.046,UNKNOWN / NEEDS REVIEW,
sensor_data\main_data\immu\T06\T06_0723.csv,mag_x_uT,float64,1.28,137,3.8,UNKNOWN / NEEDS REVIEW,
sensor_data\main_data\immu\T06\T06_0723.csv,mag_y_uT,float64,1.28,175,-23.9,UNKNOWN / NEEDS REVIEW,
sensor_data\main_data\immu\T06\T06_0723.csv,mag_z_uT,float64,1.28,133,-31.7,UNKNOWN / NEEDS REVIEW,
sensor_data\main_data\immu\T06\T06_0724.csv,timestamp,float64,0.0,5000,1690174800.0,KEEP candidate,
sensor_data\main_data\immu\T06\T06_0724.csv,accel_x_mps2,float64,2.64,559,-5.789,UNKNOWN / NEEDS REVIEW,
sensor_data\main_data\immu\T06\T06_0724.csv,accel_y_mps2,float64,2.64,581,-2.409,UNKNOWN / NEEDS REVIEW,
sensor_data\main_data\immu\T06\T06_0724.csv,accel_z_mps2,float64,2.64,469,-7.691,UNKNOWN / NEEDS REVIEW,
sensor_data\main_data\immu\T06\T06_0724.csv,mag_x_uT,float64,2.66,148,-30.7,UNKNOWN / NEEDS REVIEW,
sensor_data\main_data\immu\T06\T06_0724.csv,mag_y_uT,float64,2.66,162,-22.1,UNKNOWN / NEEDS REVIEW,
sensor_data\main_data\immu\T06\T06_0724.csv,mag_z_uT,float64,2.66,138,-33.8,UNKNOWN / NEEDS REVIEW,
sensor_data\main_data\immu\T06\T06_0725.csv,timestamp,float64,0.0,5000,1690261200.0,KEEP candidate,
sensor_data\main_data\immu\T06\T06_0725.csv,accel_x_mps2,float64,1.06,1225,-6.354,UNKNOWN / NEEDS REVIEW,
sensor_data\main_data\immu\T06\T06_0725.csv,accel_y_mps2,float64,1.06,646,-3.314,UNKNOWN / NEEDS REVIEW,
sensor_data\main_data\immu\T06\T06_0725.csv,accel_z_mps2,float64,1.06,916,-5.354,UNKNOWN / NEEDS REVIEW,
sensor_data\main_data\immu\T06\T06_0725.csv,mag_x_uT,float64,1.06,183,-35.6,UNKNOWN / NEEDS REVIEW,
sensor_data\main_data\immu\T06\T06_0725.csv,mag_y_uT,float64,1.06,162,-19.8,UNKNOWN / NEEDS REVIEW,
sensor_data\main_data\immu\T06\T06_0725.csv,mag_z_uT,float64,1.06,194,-13.4,UNKNOWN / NEEDS REVIEW,
sensor_data\main_data\immu\T06\T06_0726.csv,timestamp,float64,0.0,5000,1690347600.0,KEEP candidate,
sensor_data\main_data\immu\T06\T06_0726.csv,accel_x_mps2,float64,2.44,844,-4.865,UNKNOWN / NEEDS REVIEW,
sensor_data\main_data\immu\T06\T06_0726.csv,accel_y_mps2,float64,2.44,809,-2.471,UNKNOWN / NEEDS REVIEW,
sensor_data\main_data\immu\T06\T06_0726.csv,accel_z_mps2,float64,2.44,776,-8.28,UNKNOWN / NEEDS REVIEW,
sensor_data\main_data\immu\T06\T06_0726.csv,mag_x_uT,float64,2.46,161,-28.6,UNKNOWN / NEEDS REVIEW,
sensor_data\main_data\immu\T06\T06_0726.csv,mag_y_uT,float64,2.46,203,-4.3,UNKNOWN / NEEDS REVIEW,
sensor_data\main_data\immu\T06\T06_0726.csv,mag_z_uT,float64,2.46,152,-35.4,UNKNOWN / NEEDS REVIEW,
sensor_data\main_data\immu\T06\T06_0727.csv,timestamp,float64,0.0,5000,1690434000.0,KEEP candidate,
sensor_data\main_data\immu\T06\T06_0727.csv,accel_x_mps2,float64,1.26,1050,-5.219,UNKNOWN / NEEDS REVIEW,
sensor_data\main_data\immu\T06\T06_0727.csv,accel_y_mps2,float64,1.26,1246,-6.225,UNKNOWN / NEEDS REVIEW,
sensor_data\main_data\immu\T06\T06_0727.csv,accel_z_mps2,float64,1.26,1272,-5.934,UNKNOWN / NEEDS REVIEW,
sensor_data\main_data\immu\T06\T06_0727.csv,mag_x_uT,float64,1.26,286,-5.7,UNKNOWN / NEEDS REVIEW,
sensor_data\main_data\immu\T06\T06_0727.csv,mag_y_uT,float64,1.26,292,-33.3,UNKNOWN / NEEDS REVIEW,
sensor_data\main_data\immu\T06\T06_0727.csv,mag_z_uT,float64,1.26,267,-27.4,UNKNOWN / NEEDS REVIEW,
sensor_data\main_data\immu\T06\T06_0728.csv,timestamp,float64,0.0,5000,1690520400.0,KEEP candidate,
sensor_data\main_data\immu\T06\T06_0728.csv,accel_x_mps2,float64,2.26,1560,-2.327,UNKNOWN / NEEDS REVIEW,
sensor_data\main_data\immu\T06\T06_0728.csv,accel_y_mps2,float64,2.26,1499,-0.805,UNKNOWN / NEEDS REVIEW,
sensor_data\main_data\immu\T06\T06_0728.csv,accel_z_mps2,float64,2.26,1249,-9.51,UNKNOWN / NEEDS REVIEW,
sensor_data\main_data\immu\T06\T06_0728.csv,mag_x_uT,float64,2.28,309,-21.3,UNKNOWN / NEEDS REVIEW,
sensor_data\main_data\immu\T06\T06_0728.csv,mag_y_uT,float64,2.28,428,-6.9,UNKNOWN / NEEDS REVIEW,
sensor_data\main_data\immu\T06\T06_0728.csv,mag_z_uT,float64,2.28,351,-36.3,UNKNOWN / NEEDS REVIEW,
sensor_data\main_data\immu\T06\T06_0729.csv,timestamp,float64,0.0,5000,1690606800.0,KEEP candidate,
sensor_data\main_data\immu\T06\T06_0729.csv,accel_x_mps2,float64,1.28,1124,-4.276,UNKNOWN / NEEDS REVIEW,
sensor_data\main_data\immu\T06\T06_0729.csv,accel_y_mps2,float64,1.28,957,-2.581,UNKNOWN / NEEDS REVIEW,
sensor_data\main_data\immu\T06\T06_0729.csv,accel_z_mps2,float64,1.28,1031,-8.529,UNKNOWN / NEEDS REVIEW,
sensor_data\main_data\immu\T06\T06_0729.csv,mag_x_uT,float64,1.28,184,-2.9,UNKNOWN / NEEDS REVIEW,
sensor_data\main_data\immu\T06\T06_0729.csv,mag_y_uT,float64,1.28,135,-29.5,UNKNOWN / NEEDS REVIEW,
sensor_data\main_data\immu\T06\T06_0729.csv,mag_z_uT,float64,1.28,151,-28.4,UNKNOWN / NEEDS REVIEW,
sensor_data\main_data\immu\T06\T06_0730.csv,timestamp,float64,0.0,5000,1690693200.0,KEEP candidate,
sensor_data\main_data\immu\T06\T06_0730.csv,accel_x_mps2,float64,1.28,1305,-4.238,UNKNOWN / NEEDS REVIEW,
sensor_data\main_data\immu\T06\T06_0730.csv,accel_y_mps2,float64,1.28,2345,7.009,UNKNOWN / NEEDS REVIEW,
sensor_data\main_data\immu\T06\T06_0730.csv,accel_z_mps2,float64,1.28,1221,-5.756,UNKNOWN / NEEDS REVIEW,
sensor_data\main_data\immu\T06\T06_0730.csv,mag_x_uT,float64,1.28,513,-3.2,UNKNOWN / NEEDS REVIEW,
sensor_data\main_data\immu\T06\T06_0730.csv,mag_y_uT,float64,1.28,662,7.3,UNKNOWN / NEEDS REVIEW,
sensor_data\main_data\immu\T06\T06_0730.csv,mag_z_uT,float64,1.28,390,-15.2,UNKNOWN / NEEDS REVIEW,
sensor_data\main_data\immu\T06\T06_0731.csv,timestamp,float64,0.0,5000,1690779600.0,KEEP candidate,
sensor_data\main_data\immu\T06\T06_0731.csv,accel_x_mps2,float64,2.26,1054,-5.191,UNKNOWN / NEEDS REVIEW,
sensor_data\main_data\immu\T06\T06_0731.csv,accel_y_mps2,float64,2.26,1733,2.594,UNKNOWN / NEEDS REVIEW,
sensor_data\main_data\immu\T06\T06_0731.csv,accel_z_mps2,float64,2.26,798,-7.72,UNKNOWN / NEEDS REVIEW,
sensor_data\main_data\immu\T06\T06_0731.csv,mag_x_uT,float64,2.28,382,-19.8,UNKNOWN / NEEDS REVIEW,
sensor_data\main_data\immu\T06\T06_0731.csv,mag_y_uT,float64,2.28,502,13.6,UNKNOWN / NEEDS REVIEW,
sensor_data\main_data\immu\T06\T06_0731.csv,mag_z_uT,float64,2.28,273,-30.8,UNKNOWN / NEEDS REVIEW,
sensor_data\main_data\immu\T06\T06_0801.csv,timestamp,float64,0.0,5000,1690866000.0,KEEP candidate,
sensor_data\main_data\immu\T06\T06_0801.csv,accel_x_mps2,float64,1.46,761,-6.757,UNKNOWN / NEEDS REVIEW,
sensor_data\main_data\immu\T06\T06_0801.csv,accel_y_mps2,float64,1.46,1039,-4.808,UNKNOWN / NEEDS REVIEW,
sensor_data\main_data\immu\T06\T06_0801.csv,accel_z_mps2,float64,1.46,820,-4.344,UNKNOWN / NEEDS REVIEW,
sensor_data\main_data\immu\T06\T06_0801.csv,mag_x_uT,float64,1.46,151,-10.7,UNKNOWN / NEEDS REVIEW,
sensor_data\main_data\immu\T06\T06_0801.csv,mag_y_uT,float64,1.46,150,-38.4,UNKNOWN / NEEDS REVIEW,
sensor_data\main_data\immu\T06\T06_0801.csv,mag_z_uT,float64,1.46,157,-14.8,UNKNOWN / NEEDS REVIEW,
sensor_data\main_data\immu\T06\T06_0802.csv,timestamp,float64,0.0,5000,1690952400.0,KEEP candidate,
sensor_data\main_data\immu\T06\T06_0802.csv,accel_x_mps2,float64,1.26,1507,1.234,UNKNOWN / NEEDS REVIEW,
sensor_data\main_data\immu\T06\T06_0802.csv,accel_y_mps2,float64,1.26,1660,-2.734,UNKNOWN / NEEDS REVIEW,
sensor_data\main_data\immu\T06\T06_0802.csv,accel_z_mps2,float64,1.26,1076,-9.654,UNKNOWN / NEEDS REVIEW,
sensor_data\main_data\immu\T06\T06_0802.csv,mag_x_uT,float64,1.26,416,34.5,UNKNOWN / NEEDS REVIEW,
sensor_data\main_data\immu\T06\T06_0802.csv,mag_y_uT,float64,1.26,466,-17.3,UNKNOWN / NEEDS REVIEW,
sensor_data\main_data\immu\T06\T06_0802.csv,mag_z_uT,float64,1.26,278,-40.5,UNKNOWN / NEEDS REVIEW,
sensor_data\main_data\immu\T06\T06_0803.csv,timestamp,float64,0.0,5000,1691038800.0,KEEP candidate,
sensor_data\main_data\immu\T06\T06_0803.csv,accel_x_mps2,float64,2.64,1177,-0.45,UNKNOWN / NEEDS REVIEW,
sensor_data\main_data\immu\T06\T06_0803.csv,accel_y_mps2,float64,2.64,944,1.249,UNKNOWN / NEEDS REVIEW,
sensor_data\main_data\immu\T06\T06_0803.csv,accel_z_mps2,float64,2.64,451,-9.951,UNKNOWN / NEEDS REVIEW,
sensor_data\main_data\immu\T06\T06_0803.csv,mag_x_uT,float64,2.66,379,26.1,UNKNOWN / NEEDS REVIEW,
sensor_data\main_data\immu\T06\T06_0803.csv,mag_y_uT,float64,2.66,384,-7.6,UNKNOWN / NEEDS REVIEW,
sensor_data\main_data\immu\T06\T06_0803.csv,mag_z_uT,float64,2.66,148,-42.7,UNKNOWN / NEEDS REVIEW,
sensor_data\main_data\immu\T06\T06_0804.csv,timestamp,float64,0.0,5000,1691125200.0,KEEP candidate,
sensor_data\main_data\immu\T06\T06_0804.csv,accel_x_mps2,float64,1.26,1100,4.002,UNKNOWN / NEEDS REVIEW,
sensor_data\main_data\immu\T06\T06_0804.csv,accel_y_mps2,float64,1.26,1403,1.0,UNKNOWN / NEEDS REVIEW,
sensor_data\main_data\immu\T06\T06_0804.csv,accel_z_mps2,float64,1.26,555,-8.692,UNKNOWN / NEEDS REVIEW,
sensor_data\main_data\immu\T06\T06_0804.csv,mag_x_uT,float64,1.26,430,26.8,UNKNOWN / NEEDS REVIEW,
sensor_data\main_data\immu\T06\T06_0804.csv,mag_y_uT,float64,1.26,511,-23.8,UNKNOWN / NEEDS REVIEW,
sensor_data\main_data\immu\T06\T06_0804.csv,mag_z_uT,float64,1.26,376,-36.4,UNKNOWN / NEEDS REVIEW,
sensor_data\main_data\immu\T07\T07_0721.csv,timestamp,float64,0.0,5000,1689984007.0,KEEP candidate,
sensor_data\main_data\immu\T07\T07_0721.csv,accel_x_mps2,float64,1.46,2251,-0.146,UNKNOWN / NEEDS REVIEW,
sensor_data\main_data\immu\T07\T07_0721.csv,accel_y_mps2,float64,1.46,2132,-6.816,UNKNOWN / NEEDS REVIEW,
sensor_data\main_data\immu\T07\T07_0721.csv,accel_z_mps2,float64,1.46,2109,6.435,UNKNOWN / NEEDS REVIEW,
sensor_data\main_data\immu\T07\T07_0721.csv,mag_x_uT,float64,1.46,709,19.8,UNKNOWN / NEEDS REVIEW,
sensor_data\main_data\immu\T07\T07_0721.csv,mag_y_uT,float64,1.46,709,-26.9,UNKNOWN / NEEDS REVIEW,
sensor_data\main_data\immu\T07\T07_0721.csv,mag_z_uT,float64,1.46,704,45.8,UNKNOWN / NEEDS REVIEW,
sensor_data\main_data\immu\T07\T07_0722.csv,timestamp,float64,0.0,5000,1690002000.0,KEEP candidate,
sensor_data\main_data\immu\T07\T07_0722.csv,accel_x_mps2,float64,2.44,1001,-4.757,UNKNOWN / NEEDS REVIEW,
sensor_data\main_data\immu\T07\T07_0722.csv,accel_y_mps2,float64,2.44,1556,2.396,UNKNOWN / NEEDS REVIEW,
sensor_data\main_data\immu\T07\T07_0722.csv,accel_z_mps2,float64,2.44,922,-8.738,UNKNOWN / NEEDS REVIEW,
sensor_data\main_data\immu\T07\T07_0722.csv,mag_x_uT,float64,2.46,352,-4.9,UNKNOWN / NEEDS REVIEW,
sensor_data\main_data\immu\T07\T07_0722.csv,mag_y_uT,float64,2.46,569,-10.3,UNKNOWN / NEEDS REVIEW,
sensor_data\main_data\immu\T07\T07_0722.csv,mag_z_uT,float64,2.46,289,-41.2,UNKNOWN / NEEDS REVIEW,
sensor_data\main_data\immu\T07\T07_0723.csv,timestamp,float64,0.0,5000,1690088400.0,KEEP candidate,
sensor_data\main_data\immu\T07\T07_0723.csv,accel_x_mps2,float64,1.46,1339,-5.595,UNKNOWN / NEEDS REVIEW,
sensor_data\main_data\immu\T07\T07_0723.csv,accel_y_mps2,float64,1.46,1954,0.95,UNKNOWN / NEEDS REVIEW,
sensor_data\main_data\immu\T07\T07_0723.csv,accel_z_mps2,float64,1.46,1952,-8.336,UNKNOWN / NEEDS REVIEW,
sensor_data\main_data\immu\T07\T07_0723.csv,mag_x_uT,float64,1.46,317,-21.2,UNKNOWN / NEEDS REVIEW,
sensor_data\main_data\immu\T07\T07_0723.csv,mag_y_uT,float64,1.46,515,-2.7,UNKNOWN / NEEDS REVIEW,
sensor_data\main_data\immu\T07\T07_0723.csv,mag_z_uT,float64,1.46,494,-22.2,UNKNOWN / NEEDS REVIEW,
sensor_data\main_data\immu\T07\T07_0724.csv,timestamp,float64,0.0,5000,1690174800.0,KEEP candidate,
sensor_data\main_data\immu\T07\T07_0724.csv,accel_x_mps2,float64,2.46,658,-7.228,UNKNOWN / NEEDS REVIEW,
sensor_data\main_data\immu\T07\T07_0724.csv,accel_y_mps2,float64,2.46,680,-2.152,UNKNOWN / NEEDS REVIEW,
sensor_data\main_data\immu\T07\T07_0724.csv,accel_z_mps2,float64,2.46,642,-6.665,UNKNOWN / NEEDS REVIEW,
sensor_data\main_data\immu\T07\T07_0724.csv,mag_x_uT,float64,2.48,139,-29.6,UNKNOWN / NEEDS REVIEW,
sensor_data\main_data\immu\T07\T07_0724.csv,mag_y_uT,float64,2.48,153,-0.7,UNKNOWN / NEEDS REVIEW,
sensor_data\main_data\immu\T07\T07_0724.csv,mag_z_uT,float64,2.48,157,-26.4,UNKNOWN / NEEDS REVIEW,
sensor_data\main_data\immu\T07\T07_0725.csv,timestamp,float64,0.0,5000,1690261200.0,KEEP candidate,
sensor_data\main_data\immu\T07\T07_0725.csv,accel_x_mps2,float64,1.26,1178,-5.461,UNKNOWN / NEEDS REVIEW,
sensor_data\main_data\immu\T07\T07_0725.csv,accel_y_mps2,float64,1.26,1611,3.751,UNKNOWN / NEEDS REVIEW,
sensor_data\main_data\immu\T07\T07_0725.csv,accel_z_mps2,float64,1.26,947,-7.546,UNKNOWN / NEEDS REVIEW,
sensor_data\main_data\immu\T07\T07_0725.csv,mag_x_uT,float64,1.26,441,-12.4,UNKNOWN / NEEDS REVIEW,
sensor_data\main_data\immu\T07\T07_0725.csv,mag_y_uT,float64,1.26,518,20.8,UNKNOWN / NEEDS REVIEW,
sensor_data\main_data\immu\T07\T07_0725.csv,mag_z_uT,float64,1.26,338,-24.3,UNKNOWN / NEEDS REVIEW,
sensor_data\main_data\immu\T07\T07_0726.csv,timestamp,float64,0.0,5000,1690347600.0,KEEP candidate,
sensor_data\main_data\immu\T07\T07_0726.csv,accel_x_mps2,float64,2.66,676,-8.128,UNKNOWN / NEEDS REVIEW,
sensor_data\main_data\immu\T07\T07_0726.csv,accel_y_mps2,float64,2.66,924,-3.928,UNKNOWN / NEEDS REVIEW,
sensor_data\main_data\immu\T07\T07_0726.csv,accel_z_mps2,float64,2.66,965,-3.94,UNKNOWN / NEEDS REVIEW,
sensor_data\main_data\immu\T07\T07_0726.csv,mag_x_uT,float64,2.68,176,-39.4,UNKNOWN / NEEDS REVIEW,
sensor_data\main_data\immu\T07\T07_0726.csv,mag_y_uT,float64,2.68,302,-25.0,UNKNOWN / NEEDS REVIEW,
sensor_data\main_data\immu\T07\T07_0726.csv,mag_z_uT,float64,2.68,303,-10.9,UNKNOWN / NEEDS REVIEW,
sensor_data\main_data\immu\T07\T07_0727.csv,timestamp,float64,0.0,5000,1690434000.0,KEEP candidate,
sensor_data\main_data\immu\T07\T07_0727.csv,accel_x_mps2,float64,1.26,817,-7.659,UNKNOWN / NEEDS REVIEW,
sensor_data\main_data\immu\T07\T07_0727.csv,accel_y_mps2,float64,1.26,738,-5.868,UNKNOWN / NEEDS REVIEW,
sensor_data\main_data\immu\T07\T07_0727.csv,accel_z_mps2,float64,1.26,1069,-1.063,UNKNOWN / NEEDS REVIEW,
sensor_data\main_data\immu\T07\T07_0727.csv,mag_x_uT,float64,1.26,162,-24.2,UNKNOWN / NEEDS REVIEW,
sensor_data\main_data\immu\T07\T07_0727.csv,mag_y_uT,float64,1.26,169,-39.9,UNKNOWN / NEEDS REVIEW,
sensor_data\main_data\immu\T07\T07_0727.csv,mag_z_uT,float64,1.26,220,-10.5,UNKNOWN / NEEDS REVIEW,
sensor_data\main_data\immu\T07\T07_0728.csv,timestamp,float64,0.0,5000,1690520400.0,KEEP candidate,
sensor_data\main_data\immu\T07\T07_0728.csv,accel_x_mps2,float64,2.46,1040,-6.428,UNKNOWN / NEEDS REVIEW,
sensor_data\main_data\immu\T07\T07_0728.csv,accel_y_mps2,float64,2.46,2016,-2.128,UNKNOWN / NEEDS REVIEW,
sensor_data\main_data\immu\T07\T07_0728.csv,accel_z_mps2,float64,2.46,1096,-7.637,UNKNOWN / NEEDS REVIEW,
sensor_data\main_data\immu\T07\T07_0728.csv,mag_x_uT,float64,2.48,312,-33.1,UNKNOWN / NEEDS REVIEW,
sensor_data\main_data\immu\T07\T07_0728.csv,mag_y_uT,float64,2.48,623,-23.1,UNKNOWN / NEEDS REVIEW,
sensor_data\main_data\immu\T07\T07_0728.csv,mag_z_uT,float64,2.48,491,-15.8,UNKNOWN / NEEDS REVIEW,
sensor_data\main_data\immu\T07\T07_0729.csv,timestamp,float64,0.0,5000,1690606800.0,KEEP candidate,
sensor_data\main_data\immu\T07\T07_0729.csv,accel_x_mps2,float64,1.46,657,-8.252,UNKNOWN / NEEDS REVIEW,
sensor_data\main_data\immu\T07\T07_0729.csv,accel_y_mps2,float64,1.46,590,-3.181,UNKNOWN / NEEDS REVIEW,
sensor_data\main_data\immu\T07\T07_0729.csv,accel_z_mps2,float64,1.46,515,-5.205,UNKNOWN / NEEDS REVIEW,
sensor_data\main_data\immu\T07\T07_0729.csv,mag_x_uT,float64,1.46,105,-45.0,UNKNOWN / NEEDS REVIEW,
sensor_data\main_data\immu\T07\T07_0729.csv,mag_y_uT,float64,1.46,196,-27.5,UNKNOWN / NEEDS REVIEW,
sensor_data\main_data\immu\T07\T07_0729.csv,mag_z_uT,float64,1.46,153,-11.3,UNKNOWN / NEEDS REVIEW,
sensor_data\main_data\immu\T07\T07_0730.csv,timestamp,float64,0.0,5000,1690693200.0,KEEP candidate,
sensor_data\main_data\immu\T07\T07_0730.csv,accel_x_mps2,float64,2.66,576,-6.011,UNKNOWN / NEEDS REVIEW,
sensor_data\main_data\immu\T07\T07_0730.csv,accel_y_mps2,float64,2.66,470,-1.836,UNKNOWN / NEEDS REVIEW,
sensor_data\main_data\immu\T07\T07_0730.csv,accel_z_mps2,float64,2.66,441,-6.732,UNKNOWN / NEEDS REVIEW,
sensor_data\main_data\immu\T07\T07_0730.csv,mag_x_uT,float64,2.68,88,-22.2,UNKNOWN / NEEDS REVIEW,
sensor_data\main_data\immu\T07\T07_0730.csv,mag_y_uT,float64,2.68,76,2.7,UNKNOWN / NEEDS REVIEW,
sensor_data\main_data\immu\T07\T07_0730.csv,mag_z_uT,float64,2.68,62,-28.7,UNKNOWN / NEEDS REVIEW,
sensor_data\main_data\immu\T07\T07_0731.csv,timestamp,float64,0.0,5000,1690779600.0,KEEP candidate,
sensor_data\main_data\immu\T07\T07_0731.csv,accel_x_mps2,float64,1.28,884,-7.486,UNKNOWN / NEEDS REVIEW,
sensor_data\main_data\immu\T07\T07_0731.csv,accel_y_mps2,float64,1.28,629,-3.679,UNKNOWN / NEEDS REVIEW,
sensor_data\main_data\immu\T07\T07_0731.csv,accel_z_mps2,float64,1.28,831,-5.07,UNKNOWN / NEEDS REVIEW,
sensor_data\main_data\immu\T07\T07_0731.csv,mag_x_uT,float64,1.28,272,-39.8,UNKNOWN / NEEDS REVIEW,
sensor_data\main_data\immu\T07\T07_0731.csv,mag_y_uT,float64,1.28,168,-11.8,UNKNOWN / NEEDS REVIEW,
sensor_data\main_data\immu\T07\T07_0731.csv,mag_z_uT,float64,1.28,174,-30.0,UNKNOWN / NEEDS REVIEW,
sensor_data\main_data\immu\T07\T07_0801.csv,timestamp,float64,0.0,5000,1690866000.0,KEEP candidate,
sensor_data\main_data\immu\T07\T07_0801.csv,accel_x_mps2,float64,2.66,972,-2.458,UNKNOWN / NEEDS REVIEW,
sensor_data\main_data\immu\T07\T07_0801.csv,accel_y_mps2,float64,2.66,1212,1.132,UNKNOWN / NEEDS REVIEW,
sensor_data\main_data\immu\T07\T07_0801.csv,accel_z_mps2,float64,2.66,1538,-9.739,UNKNOWN / NEEDS REVIEW,
sensor_data\main_data\immu\T07\T07_0801.csv,mag_x_uT,float64,2.68,205,-18.7,UNKNOWN / NEEDS REVIEW,
sensor_data\main_data\immu\T07\T07_0801.csv,mag_y_uT,float64,2.68,271,-13.2,UNKNOWN / NEEDS REVIEW,
sensor_data\main_data\immu\T07\T07_0801.csv,mag_z_uT,float64,2.68,374,-37.9,UNKNOWN / NEEDS REVIEW,
sensor_data\main_data\immu\T07\T07_0802.csv,timestamp,float64,0.0,5000,1690952400.0,KEEP candidate,
sensor_data\main_data\immu\T07\T07_0802.csv,accel_x_mps2,float64,1.26,748,-7.884,UNKNOWN / NEEDS REVIEW,
sensor_data\main_data\immu\T07\T07_0802.csv,accel_y_mps2,float64,1.26,829,-3.526,UNKNOWN / NEEDS REVIEW,
sensor_data\main_data\immu\T07\T07_0802.csv,accel_z_mps2,float64,1.26,890,-4.654,UNKNOWN / NEEDS REVIEW,
sensor_data\main_data\immu\T07\T07_0802.csv,mag_x_uT,float64,1.26,200,-34.8,UNKNOWN / NEEDS REVIEW,
sensor_data\main_data\immu\T07\T07_0802.csv,mag_y_uT,float64,1.26,218,-24.8,UNKNOWN / NEEDS REVIEW,
sensor_data\main_data\immu\T07\T07_0802.csv,mag_z_uT,float64,1.26,223,-32.0,UNKNOWN / NEEDS REVIEW,
sensor_data\main_data\immu\T07\T07_0803.csv,timestamp,float64,0.0,5000,1691038800.0,KEEP candidate,
sensor_data\main_data\immu\T07\T07_0803.csv,accel_x_mps2,float64,1.46,704,-6.926,UNKNOWN / NEEDS REVIEW,
sensor_data\main_data\immu\T07\T07_0803.csv,accel_y_mps2,float64,1.46,1175,4.35,UNKNOWN / NEEDS REVIEW,
sensor_data\main_data\immu\T07\T07_0803.csv,accel_z_mps2,float64,1.46,1112,-5.674,UNKNOWN / NEEDS REVIEW,
sensor_data\main_data\immu\T07\T07_0803.csv,mag_x_uT,float64,1.46,167,-35.1,UNKNOWN / NEEDS REVIEW,
sensor_data\main_data\immu\T07\T07_0803.csv,mag_y_uT,float64,1.46,334,18.5,UNKNOWN / NEEDS REVIEW,
sensor_data\main_data\immu\T07\T07_0803.csv,mag_z_uT,float64,1.46,290,-12.1,UNKNOWN / NEEDS REVIEW,
sensor_data\main_data\immu\T07\T07_0804.csv,timestamp,float64,0.0,5000,1691125200.0,KEEP candidate,
sensor_data\main_data\immu\T07\T07_0804.csv,accel_x_mps2,float64,1.26,207,-7.587,UNKNOWN / NEEDS REVIEW,
sensor_data\main_data\immu\T07\T07_0804.csv,accel_y_mps2,float64,1.26,429,-1.434,UNKNOWN / NEEDS REVIEW,
sensor_data\main_data\immu\T07\T07_0804.csv,accel_z_mps2,float64,1.26,216,-6.234,UNKNOWN / NEEDS REVIEW,
sensor_data\main_data\immu\T07\T07_0804.csv,mag_x_uT,float64,1.26,51,-38.4,UNKNOWN / NEEDS REVIEW,
sensor_data\main_data\immu\T07\T07_0804.csv,mag_y_uT,float64,1.26,94,-13.0,UNKNOWN / NEEDS REVIEW,
sensor_data\main_data\immu\T07\T07_0804.csv,mag_z_uT,float64,1.26,68,-14.8,UNKNOWN / NEEDS REVIEW,
sensor_data\main_data\immu\T08\T08_0721.csv,timestamp,float64,0.0,5000,1689960602.0,KEEP candidate,
sensor_data\main_data\immu\T08\T08_0721.csv,accel_x_mps2,float64,1.26,864,-5.853,UNKNOWN / NEEDS REVIEW,
sensor_data\main_data\immu\T08\T08_0721.csv,accel_y_mps2,float64,1.26,993,-4.383,UNKNOWN / NEEDS REVIEW,
sensor_data\main_data\immu\T08\T08_0721.csv,accel_z_mps2,float64,1.26,731,-6.566,UNKNOWN / NEEDS REVIEW,
sensor_data\main_data\immu\T08\T08_0721.csv,mag_x_uT,float64,1.26,333,-22.9,UNKNOWN / NEEDS REVIEW,
sensor_data\main_data\immu\T08\T08_0721.csv,mag_y_uT,float64,1.26,237,-41.7,UNKNOWN / NEEDS REVIEW,
sensor_data\main_data\immu\T08\T08_0721.csv,mag_z_uT,float64,1.26,233,-21.5,UNKNOWN / NEEDS REVIEW,
sensor_data\main_data\immu\T08\T08_0722.csv,timestamp,float64,0.0,5000,1690002002.0,KEEP candidate,
sensor_data\main_data\immu\T08\T08_0722.csv,accel_x_mps2,float64,1.26,1162,-0.696,UNKNOWN / NEEDS REVIEW,
sensor_data\main_data\immu\T08\T08_0722.csv,accel_y_mps2,float64,1.26,1050,6.84,UNKNOWN / NEEDS REVIEW,
sensor_data\main_data\immu\T08\T08_0722.csv,accel_z_mps2,float64,1.26,967,-7.457,UNKNOWN / NEEDS REVIEW,
sensor_data\main_data\immu\T08\T08_0722.csv,mag_x_uT,float64,1.28,235,-2.1,UNKNOWN / NEEDS REVIEW,
sensor_data\main_data\immu\T08\T08_0722.csv,mag_y_uT,float64,1.28,263,6.0,UNKNOWN / NEEDS REVIEW,
sensor_data\main_data\immu\T08\T08_0722.csv,mag_z_uT,float64,1.28,207,-17.3,UNKNOWN / NEEDS REVIEW,
sensor_data\main_data\immu\T08\T08_0723.csv,timestamp,float64,0.0,5000,1690088400.0,KEEP candidate,
sensor_data\main_data\immu\T08\T08_0723.csv,accel_x_mps2,float64,2.06,1586,-5.398,UNKNOWN / NEEDS REVIEW,
sensor_data\main_data\immu\T08\T08_0723.csv,accel_y_mps2,float64,2.06,1310,-6.509,UNKNOWN / NEEDS REVIEW,
sensor_data\main_data\immu\T08\T08_0723.csv,accel_z_mps2,float64,2.06,1027,-5.958,UNKNOWN / NEEDS REVIEW,
sensor_data\main_data\immu\T08\T08_0723.csv,mag_x_uT,float64,2.06,362,-25.0,UNKNOWN / NEEDS REVIEW,
sensor_data\main_data\immu\T08\T08_0723.csv,mag_y_uT,float64,2.06,357,-33.8,UNKNOWN / NEEDS REVIEW,
sensor_data\main_data\immu\T08\T08_0723.csv,mag_z_uT,float64,2.06,287,-15.9,UNKNOWN / NEEDS REVIEW,
sensor_data\main_data\immu\T08\T08_0724.csv,timestamp,float64,0.0,5000,1690174800.0,KEEP candidate,
sensor_data\main_data\immu\T08\T08_0724.csv,accel_x_mps2,float64,2.66,920,-6.576,UNKNOWN / NEEDS REVIEW,
sensor_data\main_data\immu\T08\T08_0724.csv,accel_y_mps2,float64,2.66,1220,-7.06,UNKNOWN / NEEDS REVIEW,
sensor_data\main_data\immu\T08\T08_0724.csv,accel_z_mps2,float64,2.66,1231,-4.474,UNKNOWN / NEEDS REVIEW,
sensor_data\main_data\immu\T08\T08_0724.csv,mag_x_uT,float64,2.68,174,-45.0,UNKNOWN / NEEDS REVIEW,
sensor_data\main_data\immu\T08\T08_0724.csv,mag_y_uT,float64,2.68,322,-38.2,UNKNOWN / NEEDS REVIEW,
sensor_data\main_data\immu\T08\T08_0724.csv,mag_z_uT,float64,2.68,294,-9.2,UNKNOWN / NEEDS REVIEW,
sensor_data\main_data\immu\T08\T08_0725.csv,timestamp,float64,0.0,5000,1690261200.0,KEEP candidate,
sensor_data\main_data\immu\T08\T08_0725.csv,accel_x_mps2,float64,1.26,1229,-5.039,UNKNOWN / NEEDS REVIEW,
sensor_data\main_data\immu\T08\T08_0725.csv,accel_y_mps2,float64,1.26,714,-2.023,UNKNOWN / NEEDS REVIEW,
sensor_data\main_data\immu\T08\T08_0725.csv,accel_z_mps2,float64,1.26,449,-8.161,UNKNOWN / NEEDS REVIEW,
sensor_data\main_data\immu\T08\T08_0725.csv,mag_x_uT,float64,1.26,239,-23.4,UNKNOWN / NEEDS REVIEW,
sensor_data\main_data\immu\T08\T08_0725.csv,mag_y_uT,float64,1.26,201,-19.8,UNKNOWN / NEEDS REVIEW,
sensor_data\main_data\immu\T08\T08_0725.csv,mag_z_uT,float64,1.26,121,-32.7,UNKNOWN / NEEDS REVIEW,
sensor_data\main_data\immu\T08\T08_0726.csv,timestamp,float64,0.0,5000,1690347600.0,KEEP candidate,
sensor_data\main_data\immu\T08\T08_0726.csv,accel_x_mps2,float64,1.46,1586,-6.945,UNKNOWN / NEEDS REVIEW,
sensor_data\main_data\immu\T08\T08_0726.csv,accel_y_mps2,float64,1.46,1533,-4.149,UNKNOWN / NEEDS REVIEW,
sensor_data\main_data\immu\T08\T08_0726.csv,accel_z_mps2,float64,1.46,1245,-4.258,UNKNOWN / NEEDS REVIEW,
sensor_data\main_data\immu\T08\T08_0726.csv,mag_x_uT,float64,1.46,555,-63.9,UNKNOWN / NEEDS REVIEW,
sensor_data\main_data\immu\T08\T08_0726.csv,mag_y_uT,float64,1.46,466,-32.3,UNKNOWN / NEEDS REVIEW,
sensor_data\main_data\immu\T08\T08_0726.csv,mag_z_uT,float64,1.46,346,-16.5,UNKNOWN / NEEDS REVIEW,
sensor_data\main_data\immu\T08\T08_0727.csv,timestamp,float64,0.0,5000,1690434000.0,KEEP candidate,
sensor_data\main_data\immu\T08\T08_0727.csv,accel_x_mps2,float64,1.46,851,-7.127,UNKNOWN / NEEDS REVIEW,
sensor_data\main_data\immu\T08\T08_0727.csv,accel_y_mps2,float64,1.46,633,-1.017,UNKNOWN / NEEDS REVIEW,
sensor_data\main_data\immu\T08\T08_0727.csv,accel_z_mps2,float64,1.46,509,-6.126,UNKNOWN / NEEDS REVIEW,
sensor_data\main_data\immu\T08\T08_0727.csv,mag_x_uT,float64,1.46,191,-46.9,UNKNOWN / NEEDS REVIEW,
sensor_data\main_data\immu\T08\T08_0727.csv,mag_y_uT,float64,1.46,144,-7.9,UNKNOWN / NEEDS REVIEW,
sensor_data\main_data\immu\T08\T08_0727.csv,mag_z_uT,float64,1.46,146,-26.7,UNKNOWN / NEEDS REVIEW,
sensor_data\main_data\immu\T08\T08_0728.csv,timestamp,float64,0.0,5000,1690520400.0,KEEP candidate,
sensor_data\main_data\immu\T08\T08_0728.csv,accel_x_mps2,float64,1.26,999,-7.275,UNKNOWN / NEEDS REVIEW,
sensor_data\main_data\immu\T08\T08_0728.csv,accel_y_mps2,float64,1.26,989,-1.759,UNKNOWN / NEEDS REVIEW,
sensor_data\main_data\immu\T08\T08_0728.csv,accel_z_mps2,float64,1.26,1013,-6.087,UNKNOWN / NEEDS REVIEW,
sensor_data\main_data\immu\T08\T08_0728.csv,mag_x_uT,float64,1.26,254,-41.7,UNKNOWN / NEEDS REVIEW,
sensor_data\main_data\immu\T08\T08_0728.csv,mag_y_uT,float64,1.26,295,-8.4,UNKNOWN / NEEDS REVIEW,
sensor_data\main_data\immu\T08\T08_0728.csv,mag_z_uT,float64,1.26,256,-41.1,UNKNOWN / NEEDS REVIEW,
sensor_data\main_data\immu\T08\T08_0729.csv,timestamp,float64,0.0,5000,1690606800.0,KEEP candidate,
sensor_data\main_data\immu\T08\T08_0729.csv,accel_x_mps2,float64,1.26,1152,-6.284,UNKNOWN / NEEDS REVIEW,
sensor_data\main_data\immu\T08\T08_0729.csv,accel_y_mps2,float64,1.26,1353,-2.908,UNKNOWN / NEEDS REVIEW,
sensor_data\main_data\immu\T08\T08_0729.csv,accel_z_mps2,float64,1.26,1076,-6.854,UNKNOWN / NEEDS REVIEW,
sensor_data\main_data\immu\T08\T08_0729.csv,mag_x_uT,float64,1.26,469,-21.7,UNKNOWN / NEEDS REVIEW,
sensor_data\main_data\immu\T08\T08_0729.csv,mag_y_uT,float64,1.26,407,-29.7,UNKNOWN / NEEDS REVIEW,
sensor_data\main_data\immu\T08\T08_0729.csv,mag_z_uT,float64,1.26,286,-32.7,UNKNOWN / NEEDS REVIEW,
sensor_data\main_data\immu\T08\T08_0730.csv,timestamp,float64,0.0,5000,1690693200.0,KEEP candidate,
sensor_data\main_data\immu\T08\T08_0730.csv,accel_x_mps2,float64,1.46,1148,-4.556,UNKNOWN / NEEDS REVIEW,
sensor_data\main_data\immu\T08\T08_0730.csv,accel_y_mps2,float64,1.46,1369,1.951,UNKNOWN / NEEDS REVIEW,
sensor_data\main_data\immu\T08\T08_0730.csv,accel_z_mps2,float64,1.46,746,-8.166,UNKNOWN / NEEDS REVIEW,
sensor_data\main_data\immu\T08\T08_0730.csv,mag_x_uT,float64,1.46,406,-40.0,UNKNOWN / NEEDS REVIEW,
sensor_data\main_data\immu\T08\T08_0730.csv,mag_y_uT,float64,1.46,487,4.8,UNKNOWN / NEEDS REVIEW,
sensor_data\main_data\immu\T08\T08_0730.csv,mag_z_uT,float64,1.46,353,-43.1,UNKNOWN / NEEDS REVIEW,
sensor_data\main_data\immu\T08\T08_0731.csv,timestamp,float64,0.0,5000,1690779600.0,KEEP candidate,
sensor_data\main_data\immu\T08\T08_0731.csv,accel_x_mps2,float64,1.46,1072,-6.983,UNKNOWN / NEEDS REVIEW,
sensor_data\main_data\immu\T08\T08_0731.csv,accel_y_mps2,float64,1.46,996,-5.116,UNKNOWN / NEEDS REVIEW,
sensor_data\main_data\immu\T08\T08_0731.csv,accel_z_mps2,float64,1.46,988,-5.134,UNKNOWN / NEEDS REVIEW,
sensor_data\main_data\immu\T08\T08_0731.csv,mag_x_uT,float64,1.46,176,-29.5,UNKNOWN / NEEDS REVIEW,
sensor_data\main_data\immu\T08\T08_0731.csv,mag_y_uT,float64,1.46,251,-24.2,UNKNOWN / NEEDS REVIEW,
sensor_data\main_data\immu\T08\T08_0731.csv,mag_z_uT,float64,1.46,223,-24.0,UNKNOWN / NEEDS REVIEW,
sensor_data\main_data\immu\T08\T08_0801.csv,timestamp,float64,0.0,5000,1690866000.0,KEEP candidate,
sensor_data\main_data\immu\T08\T08_0801.csv,accel_x_mps2,float64,1.46,1016,-5.81,UNKNOWN / NEEDS REVIEW,
sensor_data\main_data\immu\T08\T08_0801.csv,accel_y_mps2,float64,1.46,1631,-0.83,UNKNOWN / NEEDS REVIEW,
sensor_data\main_data\immu\T08\T08_0801.csv,accel_z_mps2,float64,1.46,790,-7.49,UNKNOWN / NEEDS REVIEW,
sensor_data\main_data\immu\T08\T08_0801.csv,mag_x_uT,float64,1.46,328,-20.0,UNKNOWN / NEEDS REVIEW,
sensor_data\main_data\immu\T08\T08_0801.csv,mag_y_uT,float64,1.46,452,-22.2,UNKNOWN / NEEDS REVIEW,
sensor_data\main_data\immu\T08\T08_0801.csv,mag_z_uT,float64,1.46,203,-31.2,UNKNOWN / NEEDS REVIEW,
sensor_data\main_data\immu\T08\T08_0802.csv,timestamp,float64,0.0,5000,1690952400.0,KEEP candidate,
sensor_data\main_data\immu\T08\T08_0802.csv,accel_x_mps2,float64,1.86,1403,3.287,UNKNOWN / NEEDS REVIEW,
sensor_data\main_data\immu\T08\T08_0802.csv,accel_y_mps2,float64,1.86,1760,1.697,UNKNOWN / NEEDS REVIEW,
sensor_data\main_data\immu\T08\T08_0802.csv,accel_z_mps2,float64,1.86,1128,-9.032,UNKNOWN / NEEDS REVIEW,
sensor_data\main_data\immu\T08\T08_0802.csv,mag_x_uT,float64,1.86,428,2.4,UNKNOWN / NEEDS REVIEW,
sensor_data\main_data\immu\T08\T08_0802.csv,mag_y_uT,float64,1.86,420,-1.2,UNKNOWN / NEEDS REVIEW,
sensor_data\main_data\immu\T08\T08_0802.csv,mag_z_uT,float64,1.86,481,-49.0,UNKNOWN / NEEDS REVIEW,
sensor_data\main_data\immu\T08\T08_0803.csv,timestamp,float64,0.0,5000,1691038800.0,KEEP candidate,
sensor_data\main_data\immu\T08\T08_0803.csv,accel_x_mps2,float64,1.46,1634,-3.895,UNKNOWN / NEEDS REVIEW,
sensor_data\main_data\immu\T08\T08_0803.csv,accel_y_mps2,float64,1.46,2274,-0.035,UNKNOWN / NEEDS REVIEW,
sensor_data\main_data\immu\T08\T08_0803.csv,accel_z_mps2,float64,1.46,1193,-8.936,UNKNOWN / NEEDS REVIEW,
sensor_data\main_data\immu\T08\T08_0803.csv,mag_x_uT,float64,1.46,576,-30.5,UNKNOWN / NEEDS REVIEW,
sensor_data\main_data\immu\T08\T08_0803.csv,mag_y_uT,float64,1.46,736,4.9,UNKNOWN / NEEDS REVIEW,
sensor_data\main_data\immu\T08\T08_0803.csv,mag_z_uT,float64,1.46,438,-28.6,UNKNOWN / NEEDS REVIEW,
sensor_data\main_data\immu\T08\T08_0804.csv,timestamp,float64,0.0,5000,1691125200.0,KEEP candidate,
sensor_data\main_data\immu\T08\T08_0804.csv,accel_x_mps2,float64,2.46,783,-8.267,UNKNOWN / NEEDS REVIEW,
sensor_data\main_data\immu\T08\T08_0804.csv,accel_y_mps2,float64,2.46,1241,-2.252,UNKNOWN / NEEDS REVIEW,
sensor_data\main_data\immu\T08\T08_0804.csv,accel_z_mps2,float64,2.46,1097,-5.264,UNKNOWN / NEEDS REVIEW,
sensor_data\main_data\immu\T08\T08_0804.csv,mag_x_uT,float64,2.48,210,-35.6,UNKNOWN / NEEDS REVIEW,
sensor_data\main_data\immu\T08\T08_0804.csv,mag_y_uT,float64,2.48,331,-30.9,UNKNOWN / NEEDS REVIEW,
sensor_data\main_data\immu\T08\T08_0804.csv,mag_z_uT,float64,2.48,291,-28.0,UNKNOWN / NEEDS REVIEW,
sensor_data\main_data\immu\T09\T09_0721.csv,timestamp,float64,0.0,5000,1689960600.0,KEEP candidate,
sensor_data\main_data\immu\T09\T09_0721.csv,accel_x_mps2,float64,1.46,495,-7.487,UNKNOWN / NEEDS REVIEW,
sensor_data\main_data\immu\T09\T09_0721.csv,accel_y_mps2,float64,1.46,731,-4.774,UNKNOWN / NEEDS REVIEW,
sensor_data\main_data\immu\T09\T09_0721.csv,accel_z_mps2,float64,1.46,797,-4.771,UNKNOWN / NEEDS REVIEW,
sensor_data\main_data\immu\T09\T09_0721.csv,mag_x_uT,float64,1.46,111,-10.4,UNKNOWN / NEEDS REVIEW,
sensor_data\main_data\immu\T09\T09_0721.csv,mag_y_uT,float64,1.46,145,-18.7,UNKNOWN / NEEDS REVIEW,
sensor_data\main_data\immu\T09\T09_0721.csv,mag_z_uT,float64,1.46,151,-25.7,UNKNOWN / NEEDS REVIEW,
sensor_data\main_data\immu\T09\T09_0722.csv,timestamp,float64,0.0,5000,1690002000.0,KEEP candidate,
sensor_data\main_data\immu\T09\T09_0722.csv,accel_x_mps2,float64,1.66,839,-7.477,UNKNOWN / NEEDS REVIEW,
sensor_data\main_data\immu\T09\T09_0722.csv,accel_y_mps2,float64,1.66,1264,0.827,UNKNOWN / NEEDS REVIEW,
sensor_data\main_data\immu\T09\T09_0722.csv,accel_z_mps2,float64,1.66,1262,-6.074,UNKNOWN / NEEDS REVIEW,
sensor_data\main_data\immu\T09\T09_0722.csv,mag_x_uT,float64,1.66,128,-24.6,UNKNOWN / NEEDS REVIEW,
sensor_data\main_data\immu\T09\T09_0722.csv,mag_y_uT,float64,1.66,271,-3.0,UNKNOWN / NEEDS REVIEW,
sensor_data\main_data\immu\T09\T09_0722.csv,mag_z_uT,float64,1.66,237,-26.1,UNKNOWN / NEEDS REVIEW,
sensor_data\main_data\immu\T09\T09_0723.csv,timestamp,float64,0.0,5000,1690088400.0,KEEP candidate,
sensor_data\main_data\immu\T09\T09_0723.csv,accel_x_mps2,float64,1.66,860,-7.104,UNKNOWN / NEEDS REVIEW,
sensor_data\main_data\immu\T09\T09_0723.csv,accel_y_mps2,float64,1.66,1511,-2.595,UNKNOWN / NEEDS REVIEW,
sensor_data\main_data\immu\T09\T09_0723.csv,accel_z_mps2,float64,1.66,830,-6.26,UNKNOWN / NEEDS REVIEW,
sensor_data\main_data\immu\T09\T09_0723.csv,mag_x_uT,float64,1.66,300,-26.1,UNKNOWN / NEEDS REVIEW,
sensor_data\main_data\immu\T09\T09_0723.csv,mag_y_uT,float64,1.66,391,-18.4,UNKNOWN / NEEDS REVIEW,
sensor_data\main_data\immu\T09\T09_0723.csv,mag_z_uT,float64,1.66,277,-36.8,UNKNOWN / NEEDS REVIEW,
sensor_data\main_data\immu\T09\T09_0724.csv,timestamp,float64,0.0,5000,1690174800.0,KEEP candidate,
sensor_data\main_data\immu\T09\T09_0724.csv,accel_x_mps2,float64,3.06,1071,-7.046,UNKNOWN / NEEDS REVIEW,
sensor_data\main_data\immu\T09\T09_0724.csv,accel_y_mps2,float64,3.06,1060,-1.911,UNKNOWN / NEEDS REVIEW,
sensor_data\main_data\immu\T09\T09_0724.csv,accel_z_mps2,float64,3.06,926,-6.596,UNKNOWN / NEEDS REVIEW,
sensor_data\main_data\immu\T09\T09_0724.csv,mag_x_uT,float64,3.08,296,-41.1,UNKNOWN / NEEDS REVIEW,
sensor_data\main_data\immu\T09\T09_0724.csv,mag_y_uT,float64,3.08,296,-5.1,UNKNOWN / NEEDS REVIEW,
sensor_data\main_data\immu\T09\T09_0724.csv,mag_z_uT,float64,3.08,352,-23.8,UNKNOWN / NEEDS REVIEW,
sensor_data\main_data\immu\T09\T09_0725.csv,timestamp,float64,0.0,5000,1690261200.0,KEEP candidate,
sensor_data\main_data\immu\T09\T09_0725.csv,accel_x_mps2,float64,1.46,1366,-3.742,UNKNOWN / NEEDS REVIEW,
sensor_data\main_data\immu\T09\T09_0725.csv,accel_y_mps2,float64,1.46,1604,4.725,UNKNOWN / NEEDS REVIEW,
sensor_data\main_data\immu\T09\T09_0725.csv,accel_z_mps2,float64,1.46,951,-8.358,UNKNOWN / NEEDS REVIEW,
sensor_data\main_data\immu\T09\T09_0725.csv,mag_x_uT,float64,1.46,366,-13.1,UNKNOWN / NEEDS REVIEW,
sensor_data\main_data\immu\T09\T09_0725.csv,mag_y_uT,float64,1.46,489,-5.4,UNKNOWN / NEEDS REVIEW,
sensor_data\main_data\immu\T09\T09_0725.csv,mag_z_uT,float64,1.46,291,-31.0,UNKNOWN / NEEDS REVIEW,
sensor_data\main_data\immu\T09\T09_0726.csv,timestamp,float64,0.0,5000,1690347600.0,KEEP candidate,
sensor_data\main_data\immu\T09\T09_0726.csv,accel_x_mps2,float64,1.28,867,-7.108,UNKNOWN / NEEDS REVIEW,
sensor_data\main_data\immu\T09\T09_0726.csv,accel_y_mps2,float64,1.28,962,-2.466,UNKNOWN / NEEDS REVIEW,
sensor_data\main_data\immu\T09\T09_0726.csv,accel_z_mps2,float64,1.28,861,-5.499,UNKNOWN / NEEDS REVIEW,
sensor_data\main_data\immu\T09\T09_0726.csv,mag_x_uT,float64,1.28,177,-31.2,UNKNOWN / NEEDS REVIEW,
sensor_data\main_data\immu\T09\T09_0726.csv,mag_y_uT,float64,1.28,249,6.8,UNKNOWN / NEEDS REVIEW,
sensor_data\main_data\immu\T09\T09_0726.csv,mag_z_uT,float64,1.28,217,-25.0,UNKNOWN / NEEDS REVIEW,
sensor_data\main_data\immu\T09\T09_0727.csv,timestamp,float64,0.0,5000,1690434000.0,KEEP candidate,
sensor_data\main_data\immu\T09\T09_0727.csv,accel_x_mps2,float64,1.46,980,-8.09,UNKNOWN / NEEDS REVIEW,
sensor_data\main_data\immu\T09\T09_0727.csv,accel_y_mps2,float64,1.46,1085,-3.175,UNKNOWN / NEEDS REVIEW,
sensor_data\main_data\immu\T09\T09_0727.csv,accel_z_mps2,float64,1.46,912,-5.231,UNKNOWN / NEEDS REVIEW,
sensor_data\main_data\immu\T09\T09_0727.csv,mag_x_uT,float64,1.46,288,-28.2,UNKNOWN / NEEDS REVIEW,
sensor_data\main_data\immu\T09\T09_0727.csv,mag_y_uT,float64,1.46,292,-8.4,UNKNOWN / NEEDS REVIEW,
sensor_data\main_data\immu\T09\T09_0727.csv,mag_z_uT,float64,1.46,214,-24.2,UNKNOWN / NEEDS REVIEW,
sensor_data\main_data\immu\T09\T09_0728.csv,timestamp,float64,0.0,5000,1690520400.0,KEEP candidate,
sensor_data\main_data\immu\T09\T09_0728.csv,accel_x_mps2,float64,1.26,819,-6.692,UNKNOWN / NEEDS REVIEW,
sensor_data\main_data\immu\T09\T09_0728.csv,accel_y_mps2,float64,1.26,1794,-1.868,UNKNOWN / NEEDS REVIEW,
sensor_data\main_data\immu\T09\T09_0728.csv,accel_z_mps2,float64,1.26,745,-7.261,UNKNOWN / NEEDS REVIEW,
sensor_data\main_data\immu\T09\T09_0728.csv,mag_x_uT,float64,1.26,274,-25.7,UNKNOWN / NEEDS REVIEW,
sensor_data\main_data\immu\T09\T09_0728.csv,mag_y_uT,float64,1.26,425,1.7,UNKNOWN / NEEDS REVIEW,
sensor_data\main_data\immu\T09\T09_0728.csv,mag_z_uT,float64,1.26,320,-30.7,UNKNOWN / NEEDS REVIEW,
sensor_data\main_data\immu\T09\T09_0729.csv,timestamp,float64,0.0,5000,1690606800.0,KEEP candidate,
sensor_data\main_data\immu\T09\T09_0729.csv,accel_x_mps2,float64,1.46,1181,-8.952,UNKNOWN / NEEDS REVIEW,
sensor_data\main_data\immu\T09\T09_0729.csv,accel_y_mps2,float64,1.46,1892,-3.706,UNKNOWN / NEEDS REVIEW,
sensor_data\main_data\immu\T09\T09_0729.csv,accel_z_mps2,float64,1.46,1064,-0.284,UNKNOWN / NEEDS REVIEW,
sensor_data\main_data\immu\T09\T09_0729.csv,mag_x_uT,float64,1.46,644,-33.0,UNKNOWN / NEEDS REVIEW,
sensor_data\main_data\immu\T09\T09_0729.csv,mag_y_uT,float64,1.46,820,2.9,UNKNOWN / NEEDS REVIEW,
sensor_data\main_data\immu\T09\T09_0729.csv,mag_z_uT,float64,1.46,555,-1.7,UNKNOWN / NEEDS REVIEW,
sensor_data\main_data\immu\T09\T09_0730.csv,timestamp,float64,0.0,5000,1690693200.0,KEEP candidate,
sensor_data\main_data\immu\T09\T09_0730.csv,accel_x_mps2,float64,1.46,770,-6.409,UNKNOWN / NEEDS REVIEW,
sensor_data\main_data\immu\T09\T09_0730.csv,accel_y_mps2,float64,1.46,941,-1.35,UNKNOWN / NEEDS REVIEW,
sensor_data\main_data\immu\T09\T09_0730.csv,accel_z_mps2,float64,1.46,971,-7.606,UNKNOWN / NEEDS REVIEW,
sensor_data\main_data\immu\T09\T09_0730.csv,mag_x_uT,float64,1.46,147,-38.7,UNKNOWN / NEEDS REVIEW,
sensor_data\main_data\immu\T09\T09_0730.csv,mag_y_uT,float64,1.46,326,3.6,UNKNOWN / NEEDS REVIEW,
sensor_data\main_data\immu\T09\T09_0730.csv,mag_z_uT,float64,1.46,316,-31.1,UNKNOWN / NEEDS REVIEW,
sensor_data\main_data\immu\T09\T09_0731.csv,timestamp,float64,0.0,5000,1690779600.0,KEEP candidate,
sensor_data\main_data\immu\T09\T09_0731.csv,accel_x_mps2,float64,1.66,975,-7.817,UNKNOWN / NEEDS REVIEW,
sensor_data\main_data\immu\T09\T09_0731.csv,accel_y_mps2,float64,1.66,1636,-4.142,UNKNOWN / NEEDS REVIEW,
sensor_data\main_data\immu\T09\T09_0731.csv,accel_z_mps2,float64,1.66,1070,-4.699,UNKNOWN / NEEDS REVIEW,
sensor_data\main_data\immu\T09\T09_0731.csv,mag_x_uT,float64,1.66,280,-36.6,UNKNOWN / NEEDS REVIEW,
sensor_data\main_data\immu\T09\T09_0731.csv,mag_y_uT,float64,1.66,438,-14.4,UNKNOWN / NEEDS REVIEW,
sensor_data\main_data\immu\T09\T09_0731.csv,mag_z_uT,float64,1.66,345,-9.7,UNKNOWN / NEEDS REVIEW,
sensor_data\main_data\immu\T09\T09_0801.csv,timestamp,float64,0.0,5000,1690866000.0,KEEP candidate,
sensor_data\main_data\immu\T09\T09_0801.csv,accel_x_mps2,float64,1.48,693,4.067,UNKNOWN / NEEDS REVIEW,
sensor_data\main_data\immu\T09\T09_0801.csv,accel_y_mps2,float64,1.48,656,1.536,UNKNOWN / NEEDS REVIEW,
sensor_data\main_data\immu\T09\T09_0801.csv,accel_z_mps2,float64,1.48,834,-8.86,UNKNOWN / NEEDS REVIEW,
sensor_data\main_data\immu\T09\T09_0801.csv,mag_x_uT,float64,1.48,196,6.9,UNKNOWN / NEEDS REVIEW,
sensor_data\main_data\immu\T09\T09_0801.csv,mag_y_uT,float64,1.48,217,14.4,UNKNOWN / NEEDS REVIEW,
sensor_data\main_data\immu\T09\T09_0801.csv,mag_z_uT,float64,1.48,189,-34.4,UNKNOWN / NEEDS REVIEW,
sensor_data\main_data\immu\T09\T09_0802.csv,timestamp,float64,0.0,5000,1690952400.0,KEEP candidate,
sensor_data\main_data\immu\T09\T09_0802.csv,accel_x_mps2,float64,3.46,588,-7.951,UNKNOWN / NEEDS REVIEW,
sensor_data\main_data\immu\T09\T09_0802.csv,accel_y_mps2,float64,3.46,866,-1.595,UNKNOWN / NEEDS REVIEW,
sensor_data\main_data\immu\T09\T09_0802.csv,accel_z_mps2,float64,3.46,851,-5.93,UNKNOWN / NEEDS REVIEW,
sensor_data\main_data\immu\T09\T09_0802.csv,mag_x_uT,float64,3.48,219,-32.1,UNKNOWN / NEEDS REVIEW,
sensor_data\main_data\immu\T09\T09_0802.csv,mag_y_uT,float64,3.48,206,9.7,UNKNOWN / NEEDS REVIEW,
sensor_data\main_data\immu\T09\T09_0802.csv,mag_z_uT,float64,3.48,210,-27.2,UNKNOWN / NEEDS REVIEW,
sensor_data\main_data\immu\T09\T09_0803.csv,timestamp,float64,0.0,5000,1691038800.0,KEEP candidate,
sensor_data\main_data\immu\T09\T09_0803.csv,accel_x_mps2,float64,1.26,1391,-5.002,UNKNOWN / NEEDS REVIEW,
sensor_data\main_data\immu\T09\T09_0803.csv,accel_y_mps2,float64,1.26,1808,4.261,UNKNOWN / NEEDS REVIEW,
sensor_data\main_data\immu\T09\T09_0803.csv,accel_z_mps2,float64,1.26,905,-7.467,UNKNOWN / NEEDS REVIEW,
sensor_data\main_data\immu\T09\T09_0803.csv,mag_x_uT,float64,1.26,545,-15.9,UNKNOWN / NEEDS REVIEW,
sensor_data\main_data\immu\T09\T09_0803.csv,mag_y_uT,float64,1.26,606,4.0,UNKNOWN / NEEDS REVIEW,
sensor_data\main_data\immu\T09\T09_0803.csv,mag_z_uT,float64,1.26,426,-39.4,UNKNOWN / NEEDS REVIEW,
sensor_data\main_data\immu\T09\T09_0804.csv,timestamp,float64,0.0,5000,1691125200.0,KEEP candidate,
sensor_data\main_data\immu\T09\T09_0804.csv,accel_x_mps2,float64,2.46,1259,-1.449,UNKNOWN / NEEDS REVIEW,
sensor_data\main_data\immu\T09\T09_0804.csv,accel_y_mps2,float64,2.46,1149,5.29,UNKNOWN / NEEDS REVIEW,
sensor_data\main_data\immu\T09\T09_0804.csv,accel_z_mps2,float64,2.46,935,-8.468,UNKNOWN / NEEDS REVIEW,
sensor_data\main_data\immu\T09\T09_0804.csv,mag_x_uT,float64,2.48,295,-0.3,UNKNOWN / NEEDS REVIEW,
sensor_data\main_data\immu\T09\T09_0804.csv,mag_y_uT,float64,2.48,269,20.5,UNKNOWN / NEEDS REVIEW,
sensor_data\main_data\immu\T09\T09_0804.csv,mag_z_uT,float64,2.48,195,-22.0,UNKNOWN / NEEDS REVIEW,
sensor_data\main_data\immu\T10\T10_0721.csv,timestamp,float64,0.0,5000,1689960603.0,KEEP candidate,
sensor_data\main_data\immu\T10\T10_0721.csv,accel_x_mps2,float64,1.66,738,-7.192,UNKNOWN / NEEDS REVIEW,
sensor_data\main_data\immu\T10\T10_0721.csv,accel_y_mps2,float64,1.66,1118,-3.65,UNKNOWN / NEEDS REVIEW,
sensor_data\main_data\immu\T10\T10_0721.csv,accel_z_mps2,float64,1.66,769,-5.444,UNKNOWN / NEEDS REVIEW,
sensor_data\main_data\immu\T10\T10_0721.csv,mag_x_uT,float64,1.66,261,-38.3,UNKNOWN / NEEDS REVIEW,
sensor_data\main_data\immu\T10\T10_0721.csv,mag_y_uT,float64,1.66,431,-13.4,UNKNOWN / NEEDS REVIEW,
sensor_data\main_data\immu\T10\T10_0721.csv,mag_z_uT,float64,1.66,233,-18.6,UNKNOWN / NEEDS REVIEW,
sensor_data\main_data\immu\T10\T10_0722.csv,timestamp,float64,0.0,5000,1690002000.0,KEEP candidate,
sensor_data\main_data\immu\T10\T10_0722.csv,accel_x_mps2,float64,2.64,644,-7.388,UNKNOWN / NEEDS REVIEW,
sensor_data\main_data\immu\T10\T10_0722.csv,accel_y_mps2,float64,2.64,802,-4.301,UNKNOWN / NEEDS REVIEW,
sensor_data\main_data\immu\T10\T10_0722.csv,accel_z_mps2,float64,2.64,785,-5.607,UNKNOWN / NEEDS REVIEW,
sensor_data\main_data\immu\T10\T10_0722.csv,mag_x_uT,float64,2.66,126,-19.3,UNKNOWN / NEEDS REVIEW,
sensor_data\main_data\immu\T10\T10_0722.csv,mag_y_uT,float64,2.66,143,-37.0,UNKNOWN / NEEDS REVIEW,
sensor_data\main_data\immu\T10\T10_0722.csv,mag_z_uT,float64,2.66,141,-8.5,UNKNOWN / NEEDS REVIEW,
sensor_data\main_data\immu\T10\T10_0723.csv,timestamp,float64,0.0,5000,1690088400.0,KEEP candidate,
sensor_data\main_data\immu\T10\T10_0723.csv,accel_x_mps2,float64,1.66,1224,-7.991,UNKNOWN / NEEDS REVIEW,
sensor_data\main_data\immu\T10\T10_0723.csv,accel_y_mps2,float64,1.66,1070,-3.937,UNKNOWN / NEEDS REVIEW,
sensor_data\main_data\immu\T10\T10_0723.csv,accel_z_mps2,float64,1.66,1108,-4.027,UNKNOWN / NEEDS REVIEW,
sensor_data\main_data\immu\T10\T10_0723.csv,mag_x_uT,float64,1.66,294,-24.9,UNKNOWN / NEEDS REVIEW,
sensor_data\main_data\immu\T10\T10_0723.csv,mag_y_uT,float64,1.66,279,-26.2,UNKNOWN / NEEDS REVIEW,
sensor_data\main_data\immu\T10\T10_0723.csv,mag_z_uT,float64,1.66,255,-17.1,UNKNOWN / NEEDS REVIEW,
sensor_data\main_data\immu\T10\T10_0724.csv,timestamp,float64,0.0,5000,1690174800.0,KEEP candidate,
sensor_data\main_data\immu\T10\T10_0724.csv,accel_x_mps2,float64,1.66,1174,-6.722,UNKNOWN / NEEDS REVIEW,
sensor_data\main_data\immu\T10\T10_0724.csv,accel_y_mps2,float64,1.66,2127,-1.653,UNKNOWN / NEEDS REVIEW,
sensor_data\main_data\immu\T10\T10_0724.csv,accel_z_mps2,float64,1.66,962,-6.746,UNKNOWN / NEEDS REVIEW,
sensor_data\main_data\immu\T10\T10_0724.csv,mag_x_uT,float64,1.66,526,-11.8,UNKNOWN / NEEDS REVIEW,
sensor_data\main_data\immu\T10\T10_0724.csv,mag_y_uT,float64,1.66,566,-12.9,UNKNOWN / NEEDS REVIEW,
sensor_data\main_data\immu\T10\T10_0724.csv,mag_z_uT,float64,1.66,455,-26.5,UNKNOWN / NEEDS REVIEW,
sensor_data\main_data\immu\T10\T10_0725.csv,timestamp,float64,0.0,5000,1690261200.0,KEEP candidate,
sensor_data\main_data\immu\T10\T10_0725.csv,accel_x_mps2,float64,1.66,504,-7.8,UNKNOWN / NEEDS REVIEW,
sensor_data\main_data\immu\T10\T10_0725.csv,accel_y_mps2,float64,1.66,614,-5.901,UNKNOWN / NEEDS REVIEW,
sensor_data\main_data\immu\T10\T10_0725.csv,accel_z_mps2,float64,1.66,579,-3.687,UNKNOWN / NEEDS REVIEW,
sensor_data\main_data\immu\T10\T10_0725.csv,mag_x_uT,float64,1.66,68,-35.6,UNKNOWN / NEEDS REVIEW,
sensor_data\main_data\immu\T10\T10_0725.csv,mag_y_uT,float64,1.66,138,-19.1,UNKNOWN / NEEDS REVIEW,
sensor_data\main_data\immu\T10\T10_0725.csv,mag_z_uT,float64,1.66,103,-16.5,UNKNOWN / NEEDS REVIEW,
sensor_data\main_data\immu\T10\T10_0726.csv,timestamp,float64,0.0,5000,1690347601.0,KEEP candidate,
sensor_data\main_data\immu\T10\T10_0726.csv,accel_x_mps2,float64,1.46,688,-6.612,UNKNOWN / NEEDS REVIEW,
sensor_data\main_data\immu\T10\T10_0726.csv,accel_y_mps2,float64,1.46,800,-4.191,UNKNOWN / NEEDS REVIEW,
sensor_data\main_data\immu\T10\T10_0726.csv,accel_z_mps2,float64,1.46,839,-5.386,UNKNOWN / NEEDS REVIEW,
sensor_data\main_data\immu\T10\T10_0726.csv,mag_x_uT,float64,1.46,159,-18.5,UNKNOWN / NEEDS REVIEW,
sensor_data\main_data\immu\T10\T10_0726.csv,mag_y_uT,float64,1.46,124,-36.8,UNKNOWN / NEEDS REVIEW,
sensor_data\main_data\immu\T10\T10_0726.csv,mag_z_uT,float64,1.46,170,-10.6,UNKNOWN / NEEDS REVIEW,
sensor_data\main_data\immu\T10\T10_0727.csv,timestamp,float64,0.0,5000,1690434000.0,KEEP candidate,
sensor_data\main_data\immu\T10\T10_0727.csv,accel_x_mps2,float64,3.06,532,-8.949,UNKNOWN / NEEDS REVIEW,
sensor_data\main_data\immu\T10\T10_0727.csv,accel_y_mps2,float64,3.06,583,-4.325,UNKNOWN / NEEDS REVIEW,
sensor_data\main_data\immu\T10\T10_0727.csv,accel_z_mps2,float64,3.06,610,-2.676,UNKNOWN / NEEDS REVIEW,
sensor_data\main_data\immu\T10\T10_0727.csv,mag_x_uT,float64,3.08,90,-43.6,UNKNOWN / NEEDS REVIEW,
sensor_data\main_data\immu\T10\T10_0727.csv,mag_y_uT,float64,3.08,114,-34.6,UNKNOWN / NEEDS REVIEW,
sensor_data\main_data\immu\T10\T10_0727.csv,mag_z_uT,float64,3.08,153,5.5,UNKNOWN / NEEDS REVIEW,
sensor_data\main_data\immu\T10\T10_0728.csv,timestamp,float64,0.0,5000,1690520400.0,KEEP candidate,
sensor_data\main_data\immu\T10\T10_0728.csv,accel_x_mps2,float64,1.46,1433,-7.268,UNKNOWN / NEEDS REVIEW,
sensor_data\main_data\immu\T10\T10_0728.csv,accel_y_mps2,float64,1.46,2299,2.607,UNKNOWN / NEEDS REVIEW,
sensor_data\main_data\immu\T10\T10_0728.csv,accel_z_mps2,float64,1.46,1047,-6.564,UNKNOWN / NEEDS REVIEW,
sensor_data\main_data\immu\T10\T10_0728.csv,mag_x_uT,float64,1.46,369,-26.7,UNKNOWN / NEEDS REVIEW,
sensor_data\main_data\immu\T10\T10_0728.csv,mag_y_uT,float64,1.46,651,19.2,UNKNOWN / NEEDS REVIEW,
sensor_data\main_data\immu\T10\T10_0728.csv,mag_z_uT,float64,1.46,459,-12.9,UNKNOWN / NEEDS REVIEW,
sensor_data\main_data\immu\T10\T10_0729.csv,timestamp,float64,0.0,5000,1690606800.0,KEEP candidate,
sensor_data\main_data\immu\T10\T10_0729.csv,accel_x_mps2,float64,2.46,788,-9.37,UNKNOWN / NEEDS REVIEW,
sensor_data\main_data\immu\T10\T10_0729.csv,accel_y_mps2,float64,2.46,1037,2.751,UNKNOWN / NEEDS REVIEW,
sensor_data\main_data\immu\T10\T10_0729.csv,accel_z_mps2,float64,2.46,920,1.067,UNKNOWN / NEEDS REVIEW,
sensor_data\main_data\immu\T10\T10_0729.csv,mag_x_uT,float64,2.48,253,-52.9,UNKNOWN / NEEDS REVIEW,
sensor_data\main_data\immu\T10\T10_0729.csv,mag_y_uT,float64,2.48,260,3.1,UNKNOWN / NEEDS REVIEW,
sensor_data\main_data\immu\T10\T10_0729.csv,mag_z_uT,float64,2.48,257,20.8,UNKNOWN / NEEDS REVIEW,
sensor_data\main_data\immu\T10\T10_0730.csv,timestamp,float64,0.0,5000,1690693200.0,KEEP candidate,
sensor_data\main_data\immu\T10\T10_0730.csv,accel_x_mps2,float64,1.46,1026,-5.123,UNKNOWN / NEEDS REVIEW,
sensor_data\main_data\immu\T10\T10_0730.csv,accel_y_mps2,float64,1.46,1611,5.878,UNKNOWN / NEEDS REVIEW,
sensor_data\main_data\immu\T10\T10_0730.csv,accel_z_mps2,float64,1.46,1074,-6.569,UNKNOWN / NEEDS REVIEW,
sensor_data\main_data\immu\T10\T10_0730.csv,mag_x_uT,float64,1.46,282,-12.6,UNKNOWN / NEEDS REVIEW,
sensor_data\main_data\immu\T10\T10_0730.csv,mag_y_uT,float64,1.46,447,32.4,UNKNOWN / NEEDS REVIEW,
sensor_data\main_data\immu\T10\T10_0730.csv,mag_z_uT,float64,1.46,217,-13.2,UNKNOWN / NEEDS REVIEW,
sensor_data\main_data\immu\T10\T10_0731.csv,timestamp,float64,0.0,5000,1690779600.0,KEEP candidate,
sensor_data\main_data\immu\T10\T10_0731.csv,accel_x_mps2,float64,1.46,649,-8.542,UNKNOWN / NEEDS REVIEW,
sensor_data\main_data\immu\T10\T10_0731.csv,accel_y_mps2,float64,1.46,847,-4.646,UNKNOWN / NEEDS REVIEW,
sensor_data\main_data\immu\T10\T10_0731.csv,accel_z_mps2,float64,1.46,788,-2.964,UNKNOWN / NEEDS REVIEW,
sensor_data\main_data\immu\T10\T10_0731.csv,mag_x_uT,float64,1.46,187,-36.1,UNKNOWN / NEEDS REVIEW,
sensor_data\main_data\immu\T10\T10_0731.csv,mag_y_uT,float64,1.46,210,-34.9,UNKNOWN / NEEDS REVIEW,
sensor_data\main_data\immu\T10\T10_0731.csv,mag_z_uT,float64,1.46,201,-20.1,UNKNOWN / NEEDS REVIEW,
sensor_data\main_data\immu\T10\T10_0801.csv,timestamp,float64,0.0,5000,1690866000.0,KEEP candidate,
sensor_data\main_data\immu\T10\T10_0801.csv,accel_x_mps2,float64,1.66,613,-6.938,UNKNOWN / NEEDS REVIEW,
sensor_data\main_data\immu\T10\T10_0801.csv,accel_y_mps2,float64,1.66,750,-4.828,UNKNOWN / NEEDS REVIEW,
sensor_data\main_data\immu\T10\T10_0801.csv,accel_z_mps2,float64,1.66,893,-5.181,UNKNOWN / NEEDS REVIEW,
sensor_data\main_data\immu\T10\T10_0801.csv,mag_x_uT,float64,1.66,129,-37.5,UNKNOWN / NEEDS REVIEW,
sensor_data\main_data\immu\T10\T10_0801.csv,mag_y_uT,float64,1.66,176,-27.3,UNKNOWN / NEEDS REVIEW,
sensor_data\main_data\immu\T10\T10_0801.csv,mag_z_uT,float64,1.66,220,-9.1,UNKNOWN / NEEDS REVIEW,
sensor_data\main_data\immu\T10\T10_0802.csv,timestamp,float64,0.0,5000,1690952400.0,KEEP candidate,
sensor_data\main_data\immu\T10\T10_0802.csv,accel_x_mps2,float64,1.46,382,-8.125,UNKNOWN / NEEDS REVIEW,
sensor_data\main_data\immu\T10\T10_0802.csv,accel_y_mps2,float64,1.46,614,-4.828,UNKNOWN / NEEDS REVIEW,
sensor_data\main_data\immu\T10\T10_0802.csv,accel_z_mps2,float64,1.46,555,-3.117,UNKNOWN / NEEDS REVIEW,
sensor_data\main_data\immu\T10\T10_0802.csv,mag_x_uT,float64,1.46,90,-38.2,UNKNOWN / NEEDS REVIEW,
sensor_data\main_data\immu\T10\T10_0802.csv,mag_y_uT,float64,1.46,127,-26.1,UNKNOWN / NEEDS REVIEW,
sensor_data\main_data\immu\T10\T10_0802.csv,mag_z_uT,float64,1.46,172,13.0,UNKNOWN / NEEDS REVIEW,
sensor_data\main_data\immu\T10\T10_0803.csv,timestamp,float64,0.0,5000,1691038800.0,KEEP candidate,
sensor_data\main_data\immu\T10\T10_0803.csv,accel_x_mps2,float64,3.06,616,1.91,UNKNOWN / NEEDS REVIEW,
sensor_data\main_data\immu\T10\T10_0803.csv,accel_y_mps2,float64,3.06,739,0.433,UNKNOWN / NEEDS REVIEW,
sensor_data\main_data\immu\T10\T10_0803.csv,accel_z_mps2,float64,3.06,743,-9.452,UNKNOWN / NEEDS REVIEW,
sensor_data\main_data\immu\T10\T10_0803.csv,mag_x_uT,float64,3.08,171,6.6,UNKNOWN / NEEDS REVIEW,
sensor_data\main_data\immu\T10\T10_0803.csv,mag_y_uT,float64,3.08,242,8.3,UNKNOWN / NEEDS REVIEW,
sensor_data\main_data\immu\T10\T10_0803.csv,mag_z_uT,float64,3.08,198,-37.9,UNKNOWN / NEEDS REVIEW,
sensor_data\main_data\immu\T10\T10_0804.csv,timestamp,float64,0.0,5000,1691125200.0,KEEP candidate,
sensor_data\main_data\immu\T10\T10_0804.csv,accel_x_mps2,float64,1.66,1846,-6.258,UNKNOWN / NEEDS REVIEW,
sensor_data\main_data\immu\T10\T10_0804.csv,accel_y_mps2,float64,1.66,1919,4.561,UNKNOWN / NEEDS REVIEW,
sensor_data\main_data\immu\T10\T10_0804.csv,accel_z_mps2,float64,1.66,1082,-7.441,UNKNOWN / NEEDS REVIEW,
sensor_data\main_data\immu\T10\T10_0804.csv,mag_x_uT,float64,1.66,323,-14.7,UNKNOWN / NEEDS REVIEW,
sensor_data\main_data\immu\T10\T10_0804.csv,mag_y_uT,float64,1.66,553,-6.7,UNKNOWN / NEEDS REVIEW,
sensor_data\main_data\immu\T10\T10_0804.csv,mag_z_uT,float64,1.66,403,-19.1,UNKNOWN / NEEDS REVIEW,
sensor_data\main_data\immu\T13\T13_0721.csv,timestamp,float64,0.0,5000,1689985812.0,KEEP candidate,
sensor_data\main_data\immu\T13\T13_0721.csv,accel_x_mps2,float64,1.46,108,-0.092,UNKNOWN / NEEDS REVIEW,
sensor_data\main_data\immu\T13\T13_0721.csv,accel_y_mps2,float64,1.46,138,0.083,UNKNOWN / NEEDS REVIEW,
sensor_data\main_data\immu\T13\T13_0721.csv,accel_z_mps2,float64,1.46,123,-9.689,UNKNOWN / NEEDS REVIEW,
sensor_data\main_data\immu\T13\T13_0721.csv,mag_x_uT,float64,1.46,31,22.1,UNKNOWN / NEEDS REVIEW,
sensor_data\main_data\immu\T13\T13_0721.csv,mag_y_uT,float64,1.46,42,-17.6,UNKNOWN / NEEDS REVIEW,
sensor_data\main_data\immu\T13\T13_0721.csv,mag_z_uT,float64,1.46,42,-174.6,UNKNOWN / NEEDS REVIEW,
sensor_data\main_data\immu\T13\T13_0722.csv,timestamp,float64,0.0,5000,1690002000.0,KEEP candidate,
sensor_data\main_data\immu\T13\T13_0722.csv,accel_x_mps2,float64,1.66,101,0.113,UNKNOWN / NEEDS REVIEW,
sensor_data\main_data\immu\T13\T13_0722.csv,accel_y_mps2,float64,1.66,124,0.045,UNKNOWN / NEEDS REVIEW,
sensor_data\main_data\immu\T13\T13_0722.csv,accel_z_mps2,float64,1.66,111,-9.733,UNKNOWN / NEEDS REVIEW,
sensor_data\main_data\immu\T13\T13_0722.csv,mag_x_uT,float64,1.66,31,22.3,UNKNOWN / NEEDS REVIEW,
sensor_data\main_data\immu\T13\T13_0722.csv,mag_y_uT,float64,1.66,42,-18.1,UNKNOWN / NEEDS REVIEW,
sensor_data\main_data\immu\T13\T13_0722.csv,mag_z_uT,float64,1.66,37,-173.0,UNKNOWN / NEEDS REVIEW,
sensor_data\main_data\immu\T13\T13_0723.csv,timestamp,float64,0.0,5000,1690088400.0,KEEP candidate,
sensor_data\main_data\immu\T13\T13_0723.csv,accel_x_mps2,float64,1.66,111,0.218,UNKNOWN / NEEDS REVIEW,
sensor_data\main_data\immu\T13\T13_0723.csv,accel_y_mps2,float64,1.66,146,-0.055,UNKNOWN / NEEDS REVIEW,
sensor_data\main_data\immu\T13\T13_0723.csv,accel_z_mps2,float64,1.66,125,-9.656,UNKNOWN / NEEDS REVIEW,
sensor_data\main_data\immu\T13\T13_0723.csv,mag_x_uT,float64,1.66,30,24.1,UNKNOWN / NEEDS REVIEW,
sensor_data\main_data\immu\T13\T13_0723.csv,mag_y_uT,float64,1.66,39,-16.6,UNKNOWN / NEEDS REVIEW,
sensor_data\main_data\immu\T13\T13_0723.csv,mag_z_uT,float64,1.66,39,-173.0,UNKNOWN / NEEDS REVIEW,
sensor_data\main_data\immu\T13\T13_0724.csv,timestamp,float64,0.0,5000,1690174800.0,KEEP candidate,
sensor_data\main_data\immu\T13\T13_0724.csv,accel_x_mps2,float64,1.66,217,-0.073,UNKNOWN / NEEDS REVIEW,
sensor_data\main_data\immu\T13\T13_0724.csv,accel_y_mps2,float64,1.66,269,-0.055,UNKNOWN / NEEDS REVIEW,
sensor_data\main_data\immu\T13\T13_0724.csv,accel_z_mps2,float64,1.66,270,-9.982,UNKNOWN / NEEDS REVIEW,
sensor_data\main_data\immu\T13\T13_0724.csv,mag_x_uT,float64,1.66,38,23.4,UNKNOWN / NEEDS REVIEW,
sensor_data\main_data\immu\T13\T13_0724.csv,mag_y_uT,float64,1.66,45,-18.1,UNKNOWN / NEEDS REVIEW,
sensor_data\main_data\immu\T13\T13_0724.csv,mag_z_uT,float64,1.66,82,-173.5,UNKNOWN / NEEDS REVIEW,
sensor_data\main_data\immu\T13\T13_0725.csv,timestamp,float64,0.0,5000,1690261200.0,KEEP candidate,
sensor_data\main_data\immu\T13\T13_0725.csv,accel_x_mps2,float64,1.46,113,-0.044,UNKNOWN / NEEDS REVIEW,
sensor_data\main_data\immu\T13\T13_0725.csv,accel_y_mps2,float64,1.46,151,0.098,UNKNOWN / NEEDS REVIEW,
sensor_data\main_data\immu\T13\T13_0725.csv,accel_z_mps2,float64,1.46,128,-9.934,UNKNOWN / NEEDS REVIEW,
sensor_data\main_data\immu\T13\T13_0725.csv,mag_x_uT,float64,1.46,29,20.6,UNKNOWN / NEEDS REVIEW,
sensor_data\main_data\immu\T13\T13_0725.csv,mag_y_uT,float64,1.46,29,-19.6,UNKNOWN / NEEDS REVIEW,
sensor_data\main_data\immu\T13\T13_0725.csv,mag_z_uT,float64,1.46,40,-176.5,UNKNOWN / NEEDS REVIEW,
sensor_data\main_data\immu\T13\T13_0726.csv,timestamp,float64,0.0,5000,1690347600.0,KEEP candidate,
sensor_data\main_data\immu\T13\T13_0726.csv,accel_x_mps2,float64,2.64,216,0.007,UNKNOWN / NEEDS REVIEW,
sensor_data\main_data\immu\T13\T13_0726.csv,accel_y_mps2,float64,2.64,296,0.112,UNKNOWN / NEEDS REVIEW,
sensor_data\main_data\immu\T13\T13_0726.csv,accel_z_mps2,float64,2.64,290,-9.857,UNKNOWN / NEEDS REVIEW,
sensor_data\main_data\immu\T13\T13_0726.csv,mag_x_uT,float64,2.66,28,20.3,UNKNOWN / NEEDS REVIEW,
sensor_data\main_data\immu\T13\T13_0726.csv,mag_y_uT,float64,2.66,47,-17.8,UNKNOWN / NEEDS REVIEW,
sensor_data\main_data\immu\T13\T13_0726.csv,mag_z_uT,float64,2.66,80,-177.1,UNKNOWN / NEEDS REVIEW,
sensor_data\main_data\immu\T13\T13_0727.csv,timestamp,float64,0.0,5000,1690434000.0,KEEP candidate,
sensor_data\main_data\immu\T13\T13_0727.csv,accel_x_mps2,float64,1.46,124,-0.078,UNKNOWN / NEEDS REVIEW,
sensor_data\main_data\immu\T13\T13_0727.csv,accel_y_mps2,float64,1.46,158,-0.045,UNKNOWN / NEEDS REVIEW,
sensor_data\main_data\immu\T13\T13_0727.csv,accel_z_mps2,float64,1.46,124,-9.948,UNKNOWN / NEEDS REVIEW,
sensor_data\main_data\immu\T13\T13_0727.csv,mag_x_uT,float64,1.46,25,20.0,UNKNOWN / NEEDS REVIEW,
sensor_data\main_data\immu\T13\T13_0727.csv,mag_y_uT,float64,1.46,31,-18.2,UNKNOWN / NEEDS REVIEW,
sensor_data\main_data\immu\T13\T13_0727.csv,mag_z_uT,float64,1.46,37,-176.1,UNKNOWN / NEEDS REVIEW,
sensor_data\main_data\immu\T13\T13_0728.csv,timestamp,float64,0.0,5000,1690520400.0,KEEP candidate,
sensor_data\main_data\immu\T13\T13_0728.csv,accel_x_mps2,float64,2.66,259,-0.14,UNKNOWN / NEEDS REVIEW,
sensor_data\main_data\immu\T13\T13_0728.csv,accel_y_mps2,float64,2.66,283,-0.217,UNKNOWN / NEEDS REVIEW,
sensor_data\main_data\immu\T13\T13_0728.csv,accel_z_mps2,float64,2.66,266,-9.876,UNKNOWN / NEEDS REVIEW,
sensor_data\main_data\immu\T13\T13_0728.csv,mag_x_uT,float64,2.68,28,20.3,UNKNOWN / NEEDS REVIEW,
sensor_data\main_data\immu\T13\T13_0728.csv,mag_y_uT,float64,2.68,38,-16.3,UNKNOWN / NEEDS REVIEW,
sensor_data\main_data\immu\T13\T13_0728.csv,mag_z_uT,float64,2.68,40,-177.3,UNKNOWN / NEEDS REVIEW,
sensor_data\main_data\immu\T13\T13_0729.csv,timestamp,float64,0.0,5000,1690606800.0,KEEP candidate,
sensor_data\main_data\immu\T13\T13_0729.csv,accel_x_mps2,float64,1.66,101,-0.155,UNKNOWN / NEEDS REVIEW,
sensor_data\main_data\immu\T13\T13_0729.csv,accel_y_mps2,float64,1.66,129,0.083,UNKNOWN / NEEDS REVIEW,
sensor_data\main_data\immu\T13\T13_0729.csv,accel_z_mps2,float64,1.66,106,-9.785,UNKNOWN / NEEDS REVIEW,
sensor_data\main_data\immu\T13\T13_0729.csv,mag_x_uT,float64,1.66,24,22.4,UNKNOWN / NEEDS REVIEW,
sensor_data\main_data\immu\T13\T13_0729.csv,mag_y_uT,float64,1.66,32,-13.6,UNKNOWN / NEEDS REVIEW,
sensor_data\main_data\immu\T13\T13_0729.csv,mag_z_uT,float64,1.66,33,-177.9,UNKNOWN / NEEDS REVIEW,
sensor_data\main_data\immu\T13\T13_0730.csv,timestamp,float64,0.0,5000,1690693200.0,KEEP candidate,
sensor_data\main_data\immu\T13\T13_0730.csv,accel_x_mps2,float64,1.66,103,0.046,UNKNOWN / NEEDS REVIEW,
sensor_data\main_data\immu\T13\T13_0730.csv,accel_y_mps2,float64,1.66,120,0.045,UNKNOWN / NEEDS REVIEW,
sensor_data\main_data\immu\T13\T13_0730.csv,accel_z_mps2,float64,1.66,107,-9.833,UNKNOWN / NEEDS REVIEW,
sensor_data\main_data\immu\T13\T13_0730.csv,mag_x_uT,float64,1.66,25,24.3,UNKNOWN / NEEDS REVIEW,
sensor_data\main_data\immu\T13\T13_0730.csv,mag_y_uT,float64,1.66,31,-14.4,UNKNOWN / NEEDS REVIEW,
sensor_data\main_data\immu\T13\T13_0730.csv,mag_z_uT,float64,1.66,32,-176.4,UNKNOWN / NEEDS REVIEW,
sensor_data\main_data\immu\T13\T13_0731.csv,timestamp,float64,0.0,5000,1690779600.0,KEEP candidate,
sensor_data\main_data\immu\T13\T13_0731.csv,accel_x_mps2,float64,1.46,167,-0.04,UNKNOWN / NEEDS REVIEW,
sensor_data\main_data\immu\T13\T13_0731.csv,accel_y_mps2,float64,1.46,208,0.098,UNKNOWN / NEEDS REVIEW,
sensor_data\main_data\immu\T13\T13_0731.csv,accel_z_mps2,float64,1.46,212,-9.905,UNKNOWN / NEEDS REVIEW,
sensor_data\main_data\immu\T13\T13_0731.csv,mag_x_uT,float64,1.46,38,22.4,UNKNOWN / NEEDS REVIEW,
sensor_data\main_data\immu\T13\T13_0731.csv,mag_y_uT,float64,1.46,42,-13.6,UNKNOWN / NEEDS REVIEW,
sensor_data\main_data\immu\T13\T13_0731.csv,mag_z_uT,float64,1.46,77,-178.4,UNKNOWN / NEEDS REVIEW,
sensor_data\main_data\immu\T13\T13_0801.csv,timestamp,float64,0.0,5000,1690866000.0,KEEP candidate,
sensor_data\main_data\immu\T13\T13_0801.csv,accel_x_mps2,float64,1.46,201,-0.155,UNKNOWN / NEEDS REVIEW,
sensor_data\main_data\immu\T13\T13_0801.csv,accel_y_mps2,float64,1.46,261,0.079,UNKNOWN / NEEDS REVIEW,
sensor_data\main_data\immu\T13\T13_0801.csv,accel_z_mps2,float64,1.46,241,-10.049,UNKNOWN / NEEDS REVIEW,
sensor_data\main_data\immu\T13\T13_0801.csv,mag_x_uT,float64,1.46,30,20.3,UNKNOWN / NEEDS REVIEW,
sensor_data\main_data\immu\T13\T13_0801.csv,mag_y_uT,float64,1.46,44,-15.5,UNKNOWN / NEEDS REVIEW,
sensor_data\main_data\immu\T13\T13_0801.csv,mag_z_uT,float64,1.46,85,-177.3,UNKNOWN / NEEDS REVIEW,
sensor_data\main_data\immu\T13\T13_0802.csv,timestamp,float64,0.0,5000,1690952400.0,KEEP candidate,
sensor_data\main_data\immu\T13\T13_0802.csv,accel_x_mps2,float64,3.64,134,-0.025,UNKNOWN / NEEDS REVIEW,
sensor_data\main_data\immu\T13\T13_0802.csv,accel_y_mps2,float64,3.64,172,0.04,UNKNOWN / NEEDS REVIEW,
sensor_data\main_data\immu\T13\T13_0802.csv,accel_z_mps2,float64,3.64,164,-9.953,UNKNOWN / NEEDS REVIEW,
sensor_data\main_data\immu\T13\T13_0802.csv,mag_x_uT,float64,3.66,29,20.6,UNKNOWN / NEEDS REVIEW,
sensor_data\main_data\immu\T13\T13_0802.csv,mag_y_uT,float64,3.66,38,-14.8,UNKNOWN / NEEDS REVIEW,
sensor_data\main_data\immu\T13\T13_0802.csv,mag_z_uT,float64,3.66,38,-176.4,UNKNOWN / NEEDS REVIEW,
sensor_data\main_data\immu\T13\T13_0803.csv,timestamp,float64,0.0,5000,1691038800.0,KEEP candidate,
sensor_data\main_data\immu\T13\T13_0803.csv,accel_x_mps2,float64,1.46,130,-0.059,UNKNOWN / NEEDS REVIEW,
sensor_data\main_data\immu\T13\T13_0803.csv,accel_y_mps2,float64,1.46,164,-0.064,UNKNOWN / NEEDS REVIEW,
sensor_data\main_data\immu\T13\T13_0803.csv,accel_z_mps2,float64,1.46,152,-9.943,UNKNOWN / NEEDS REVIEW,
sensor_data\main_data\immu\T13\T13_0803.csv,mag_x_uT,float64,1.46,30,20.6,UNKNOWN / NEEDS REVIEW,
sensor_data\main_data\immu\T13\T13_0803.csv,mag_y_uT,float64,1.46,39,-15.2,UNKNOWN / NEEDS REVIEW,
sensor_data\main_data\immu\T13\T13_0803.csv,mag_z_uT,float64,1.46,39,-179.7,UNKNOWN / NEEDS REVIEW,
sensor_data\main_data\immu\T13\T13_0804.csv,timestamp,float64,0.0,5000,1691125200.0,KEEP candidate,
sensor_data\main_data\immu\T13\T13_0804.csv,accel_x_mps2,float64,2.66,225,0.165,UNKNOWN / NEEDS REVIEW,
sensor_data\main_data\immu\T13\T13_0804.csv,accel_y_mps2,float64,2.66,220,-0.102,UNKNOWN / NEEDS REVIEW,
sensor_data\main_data\immu\T13\T13_0804.csv,accel_z_mps2,float64,2.66,228,-9.666,UNKNOWN / NEEDS REVIEW,
sensor_data\main_data\immu\T13\T13_0804.csv,mag_x_uT,float64,2.68,27,16.4,UNKNOWN / NEEDS REVIEW,
sensor_data\main_data\immu\T13\T13_0804.csv,mag_y_uT,float64,2.68,35,-14.5,UNKNOWN / NEEDS REVIEW,
sensor_data\main_data\immu\T13\T13_0804.csv,mag_z_uT,float64,2.68,37,-180.5,UNKNOWN / NEEDS REVIEW,
sensor_data\main_data\immu\T14\T14_0721.csv,timestamp,float64,0.0,5000,1689962401.0,KEEP candidate,
sensor_data\main_data\immu\T14\T14_0721.csv,accel_x_mps2,float64,1.26,325,-0.146,UNKNOWN / NEEDS REVIEW,
sensor_data\main_data\immu\T14\T14_0721.csv,accel_y_mps2,float64,1.26,331,0.068,UNKNOWN / NEEDS REVIEW,
sensor_data\main_data\immu\T14\T14_0721.csv,accel_z_mps2,float64,1.26,339,-9.895,UNKNOWN / NEEDS REVIEW,
sensor_data\main_data\immu\T14\T14_0721.csv,mag_x_uT,float64,1.26,37,30.4,UNKNOWN / NEEDS REVIEW,
sensor_data\main_data\immu\T14\T14_0721.csv,mag_y_uT,float64,1.26,48,16.3,UNKNOWN / NEEDS REVIEW,
sensor_data\main_data\immu\T14\T14_0721.csv,mag_z_uT,float64,1.26,77,-221.8,UNKNOWN / NEEDS REVIEW,
sensor_data\main_data\immu\T14\T14_0722.csv,timestamp,float64,0.0,5000,1690002000.0,KEEP candidate,
sensor_data\main_data\immu\T14\T14_0722.csv,accel_x_mps2,float64,1.86,275,0.083,UNKNOWN / NEEDS REVIEW,
sensor_data\main_data\immu\T14\T14_0722.csv,accel_y_mps2,float64,1.86,283,0.168,UNKNOWN / NEEDS REVIEW,
sensor_data\main_data\immu\T14\T14_0722.csv,accel_z_mps2,float64,1.86,312,-9.886,UNKNOWN / NEEDS REVIEW,
sensor_data\main_data\immu\T14\T14_0722.csv,mag_x_uT,float64,1.86,26,32.2,UNKNOWN / NEEDS REVIEW,
sensor_data\main_data\immu\T14\T14_0722.csv,mag_y_uT,float64,1.86,37,15.0,UNKNOWN / NEEDS REVIEW,
sensor_data\main_data\immu\T14\T14_0722.csv,mag_z_uT,float64,1.86,41,-220.9,UNKNOWN / NEEDS REVIEW,
sensor_data\main_data\immu\T14\T14_0723.csv,timestamp,float64,0.0,5000,1690088400.0,KEEP candidate,
sensor_data\main_data\immu\T14\T14_0723.csv,accel_x_mps2,float64,1.86,123,0.04,UNKNOWN / NEEDS REVIEW,
sensor_data\main_data\immu\T14\T14_0723.csv,accel_y_mps2,float64,1.86,129,-0.013,UNKNOWN / NEEDS REVIEW,
sensor_data\main_data\immu\T14\T14_0723.csv,accel_z_mps2,float64,1.86,133,-9.814,UNKNOWN / NEEDS REVIEW,
sensor_data\main_data\immu\T14\T14_0723.csv,mag_x_uT,float64,1.86,30,31.2,UNKNOWN / NEEDS REVIEW,
sensor_data\main_data\immu\T14\T14_0723.csv,mag_y_uT,float64,1.86,34,16.0,UNKNOWN / NEEDS REVIEW,
sensor_data\main_data\immu\T14\T14_0723.csv,mag_z_uT,float64,1.86,43,-220.3,UNKNOWN / NEEDS REVIEW,
sensor_data\main_data\immu\T14\T14_0724.csv,timestamp,float64,0.0,5000,1690174800.0,KEEP candidate,
sensor_data\main_data\immu\T14\T14_0724.csv,accel_x_mps2,float64,3.04,316,0.021,UNKNOWN / NEEDS REVIEW,
sensor_data\main_data\immu\T14\T14_0724.csv,accel_y_mps2,float64,3.04,264,0.082,UNKNOWN / NEEDS REVIEW,
sensor_data\main_data\immu\T14\T14_0724.csv,accel_z_mps2,float64,3.04,293,-9.948,UNKNOWN / NEEDS REVIEW,
sensor_data\main_data\immu\T14\T14_0724.csv,mag_x_uT,float64,3.06,27,31.6,UNKNOWN / NEEDS REVIEW,
sensor_data\main_data\immu\T14\T14_0724.csv,mag_y_uT,float64,3.06,28,16.3,UNKNOWN / NEEDS REVIEW,
sensor_data\main_data\immu\T14\T14_0724.csv,mag_z_uT,float64,3.06,37,-219.4,UNKNOWN / NEEDS REVIEW,
sensor_data\main_data\immu\T14\T14_0725.csv,timestamp,float64,0.0,5000,1690261200.0,KEEP candidate,
sensor_data\main_data\immu\T14\T14_0725.csv,accel_x_mps2,float64,1.66,247,-0.146,UNKNOWN / NEEDS REVIEW,
sensor_data\main_data\immu\T14\T14_0725.csv,accel_y_mps2,float64,1.66,278,0.226,UNKNOWN / NEEDS REVIEW,
sensor_data\main_data\immu\T14\T14_0725.csv,accel_z_mps2,float64,1.66,269,-10.116,UNKNOWN / NEEDS REVIEW,
sensor_data\main_data\immu\T14\T14_0725.csv,mag_x_uT,float64,1.66,36,33.0,UNKNOWN / NEEDS REVIEW,
sensor_data\main_data\immu\T14\T14_0725.csv,mag_y_uT,float64,1.66,41,17.7,UNKNOWN / NEEDS REVIEW,
sensor_data\main_data\immu\T14\T14_0725.csv,mag_z_uT,float64,1.66,76,-217.8,UNKNOWN / NEEDS REVIEW,
sensor_data\main_data\immu\T14\T14_0726.csv,timestamp,float64,0.0,5000,1690347600.0,KEEP candidate,
sensor_data\main_data\immu\T14\T14_0726.csv,accel_x_mps2,float64,1.66,124,-0.011,UNKNOWN / NEEDS REVIEW,
sensor_data\main_data\immu\T14\T14_0726.csv,accel_y_mps2,float64,1.66,123,-0.041,UNKNOWN / NEEDS REVIEW,
sensor_data\main_data\immu\T14\T14_0726.csv,accel_z_mps2,float64,1.66,118,-10.221,UNKNOWN / NEEDS REVIEW,
sensor_data\main_data\immu\T14\T14_0726.csv,mag_x_uT,float64,1.66,29,31.0,UNKNOWN / NEEDS REVIEW,
sensor_data\main_data\immu\T14\T14_0726.csv,mag_y_uT,float64,1.66,30,17.4,UNKNOWN / NEEDS REVIEW,
sensor_data\main_data\immu\T14\T14_0726.csv,mag_z_uT,float64,1.66,32,-220.3,UNKNOWN / NEEDS REVIEW,
sensor_data\main_data\immu\T14\T14_0727.csv,timestamp,float64,0.0,5000,1690434000.0,KEEP candidate,
sensor_data\main_data\immu\T14\T14_0727.csv,accel_x_mps2,float64,2.66,140,0.083,UNKNOWN / NEEDS REVIEW,
sensor_data\main_data\immu\T14\T14_0727.csv,accel_y_mps2,float64,2.66,144,0.226,UNKNOWN / NEEDS REVIEW,
sensor_data\main_data\immu\T14\T14_0727.csv,accel_z_mps2,float64,2.66,128,-10.116,UNKNOWN / NEEDS REVIEW,
sensor_data\main_data\immu\T14\T14_0727.csv,mag_x_uT,float64,2.68,27,30.9,UNKNOWN / NEEDS REVIEW,
sensor_data\main_data\immu\T14\T14_0727.csv,mag_y_uT,float64,2.68,29,17.1,UNKNOWN / NEEDS REVIEW,
sensor_data\main_data\immu\T14\T14_0727.csv,mag_z_uT,float64,2.68,33,-220.2,UNKNOWN / NEEDS REVIEW,
sensor_data\main_data\immu\T14\T14_0728.csv,timestamp,float64,0.0,5000,1690520400.0,KEEP candidate,
sensor_data\main_data\immu\T14\T14_0728.csv,accel_x_mps2,float64,1.66,299,0.701,UNKNOWN / NEEDS REVIEW,
sensor_data\main_data\immu\T14\T14_0728.csv,accel_y_mps2,float64,1.66,340,0.652,UNKNOWN / NEEDS REVIEW,
sensor_data\main_data\immu\T14\T14_0728.csv,accel_z_mps2,float64,1.66,341,-9.297,UNKNOWN / NEEDS REVIEW,
sensor_data\main_data\immu\T14\T14_0728.csv,mag_x_uT,float64,1.66,28,30.6,UNKNOWN / NEEDS REVIEW,
sensor_data\main_data\immu\T14\T14_0728.csv,mag_y_uT,float64,1.66,27,17.7,UNKNOWN / NEEDS REVIEW,
sensor_data\main_data\immu\T14\T14_0728.csv,mag_z_uT,float64,1.66,41,-218.1,UNKNOWN / NEEDS REVIEW,
sensor_data\main_data\immu\T14\T14_0729.csv,timestamp,float64,0.0,5000,1690606800.0,KEEP candidate,
sensor_data\main_data\immu\T14\T14_0729.csv,accel_x_mps2,float64,2.86,132,-0.169,UNKNOWN / NEEDS REVIEW,
sensor_data\main_data\immu\T14\T14_0729.csv,accel_y_mps2,float64,2.86,131,0.197,UNKNOWN / NEEDS REVIEW,
sensor_data\main_data\immu\T14\T14_0729.csv,accel_z_mps2,float64,2.86,126,-10.034,UNKNOWN / NEEDS REVIEW,
sensor_data\main_data\immu\T14\T14_0729.csv,mag_x_uT,float64,2.88,28,30.9,UNKNOWN / NEEDS REVIEW,
sensor_data\main_data\immu\T14\T14_0729.csv,mag_y_uT,float64,2.88,23,18.0,UNKNOWN / NEEDS REVIEW,
sensor_data\main_data\immu\T14\T14_0729.csv,mag_z_uT,float64,2.88,29,-219.4,UNKNOWN / NEEDS REVIEW,
sensor_data\main_data\immu\T14\T14_0730.csv,timestamp,float64,0.0,5000,1690693200.0,KEEP candidate,
sensor_data\main_data\immu\T14\T14_0730.csv,accel_x_mps2,float64,1.66,244,0.026,UNKNOWN / NEEDS REVIEW,
sensor_data\main_data\immu\T14\T14_0730.csv,accel_y_mps2,float64,1.66,250,0.288,UNKNOWN / NEEDS REVIEW,
sensor_data\main_data\immu\T14\T14_0730.csv,accel_z_mps2,float64,1.66,254,-10.034,UNKNOWN / NEEDS REVIEW,
sensor_data\main_data\immu\T14\T14_0730.csv,mag_x_uT,float64,1.66,33,31.0,UNKNOWN / NEEDS REVIEW,
sensor_data\main_data\immu\T14\T14_0730.csv,mag_y_uT,float64,1.66,39,16.9,UNKNOWN / NEEDS REVIEW,
sensor_data\main_data\immu\T14\T14_0730.csv,mag_z_uT,float64,1.66,73,-218.8,UNKNOWN / NEEDS REVIEW,
sensor_data\main_data\immu\T14\T14_0731.csv,timestamp,float64,0.0,5000,1690779600.0,KEEP candidate,
sensor_data\main_data\immu\T14\T14_0731.csv,accel_x_mps2,float64,1.66,160,-0.021,UNKNOWN / NEEDS REVIEW,
sensor_data\main_data\immu\T14\T14_0731.csv,accel_y_mps2,float64,1.66,123,0.259,UNKNOWN / NEEDS REVIEW,
sensor_data\main_data\immu\T14\T14_0731.csv,accel_z_mps2,float64,1.66,128,-9.986,UNKNOWN / NEEDS REVIEW,
sensor_data\main_data\immu\T14\T14_0731.csv,mag_x_uT,float64,1.66,25,31.5,UNKNOWN / NEEDS REVIEW,
sensor_data\main_data\immu\T14\T14_0731.csv,mag_y_uT,float64,1.66,24,18.9,UNKNOWN / NEEDS REVIEW,
sensor_data\main_data\immu\T14\T14_0731.csv,mag_z_uT,float64,1.66,27,-217.3,UNKNOWN / NEEDS REVIEW,
sensor_data\main_data\immu\T14\T14_0801.csv,timestamp,float64,0.0,5000,1690866000.0,KEEP candidate,
sensor_data\main_data\immu\T14\T14_0801.csv,accel_x_mps2,float64,2.86,208,-0.064,UNKNOWN / NEEDS REVIEW,
sensor_data\main_data\immu\T14\T14_0801.csv,accel_y_mps2,float64,2.86,149,0.178,UNKNOWN / NEEDS REVIEW,
sensor_data\main_data\immu\T14\T14_0801.csv,accel_z_mps2,float64,2.86,148,-10.049,UNKNOWN / NEEDS REVIEW,
sensor_data\main_data\immu\T14\T14_0801.csv,mag_x_uT,float64,2.88,27,30.9,UNKNOWN / NEEDS REVIEW,
sensor_data\main_data\immu\T14\T14_0801.csv,mag_y_uT,float64,2.88,24,16.8,UNKNOWN / NEEDS REVIEW,
sensor_data\main_data\immu\T14\T14_0801.csv,mag_z_uT,float64,2.88,24,-217.9,UNKNOWN / NEEDS REVIEW,
sensor_data\main_data\immu\T14\T14_0802.csv,timestamp,float64,0.0,5000,1690952400.0,KEEP candidate,
sensor_data\main_data\immu\T14\T14_0802.csv,accel_x_mps2,float64,1.66,255,-0.141,UNKNOWN / NEEDS REVIEW,
sensor_data\main_data\immu\T14\T14_0802.csv,accel_y_mps2,float64,1.66,238,0.235,UNKNOWN / NEEDS REVIEW,
sensor_data\main_data\immu\T14\T14_0802.csv,accel_z_mps2,float64,1.66,258,-9.991,UNKNOWN / NEEDS REVIEW,
sensor_data\main_data\immu\T14\T14_0802.csv,mag_x_uT,float64,1.66,30,30.6,UNKNOWN / NEEDS REVIEW,
sensor_data\main_data\immu\T14\T14_0802.csv,mag_y_uT,float64,1.66,25,16.9,UNKNOWN / NEEDS REVIEW,
sensor_data\main_data\immu\T14\T14_0802.csv,mag_z_uT,float64,1.66,31,-219.3,UNKNOWN / NEEDS REVIEW,
sensor_data\main_data\immu\T14\T14_0803.csv,timestamp,float64,0.0,5000,1691038800.0,KEEP candidate,
sensor_data\main_data\immu\T14\T14_0803.csv,accel_x_mps2,float64,1.66,218,-0.146,UNKNOWN / NEEDS REVIEW,
sensor_data\main_data\immu\T14\T14_0803.csv,accel_y_mps2,float64,1.66,226,0.379,UNKNOWN / NEEDS REVIEW,
sensor_data\main_data\immu\T14\T14_0803.csv,accel_z_mps2,float64,1.66,218,-9.991,UNKNOWN / NEEDS REVIEW,
sensor_data\main_data\immu\T14\T14_0803.csv,mag_x_uT,float64,1.66,33,30.9,UNKNOWN / NEEDS REVIEW,
sensor_data\main_data\immu\T14\T14_0803.csv,mag_y_uT,float64,1.66,38,18.0,UNKNOWN / NEEDS REVIEW,
sensor_data\main_data\immu\T14\T14_0803.csv,mag_z_uT,float64,1.66,72,-219.0,UNKNOWN / NEEDS REVIEW,
sensor_data\main_data\immu\T14\T14_0804.csv,timestamp,float64,0.0,5000,1691125200.0,KEEP candidate,
sensor_data\main_data\immu\T14\T14_0804.csv,accel_x_mps2,float64,2.86,324,-1.127,UNKNOWN / NEEDS REVIEW,
sensor_data\main_data\immu\T14\T14_0804.csv,accel_y_mps2,float64,2.86,337,0.326,UNKNOWN / NEEDS REVIEW,
sensor_data\main_data\immu\T14\T14_0804.csv,accel_z_mps2,float64,2.86,351,-11.365,UNKNOWN / NEEDS REVIEW,
sensor_data\main_data\immu\T14\T14_0804.csv,mag_x_uT,float64,2.88,29,31.5,UNKNOWN / NEEDS REVIEW,
sensor_data\main_data\immu\T14\T14_0804.csv,mag_y_uT,float64,2.88,24,18.1,UNKNOWN / NEEDS REVIEW,
sensor_data\main_data\immu\T14\T14_0804.csv,mag_z_uT,float64,2.88,31,-217.0,UNKNOWN / NEEDS REVIEW,
sensor_data\main_data\milk\C01.csv,timestamp,float64,0.0,15,1689958800.0,KEEP candidate,
sensor_data\main_data\milk\C01.csv,milk_weight_kg,float64,0.0,10,34.927,KEEP candidate,
sensor_data\main_data\milk\C01.csv,DIM,float64,0.0,15,206.0,UNKNOWN / NEEDS REVIEW,
sensor_data\main_data\milk\C02.csv,timestamp,float64,0.0,15,1689958800.0,KEEP candidate,
sensor_data\main_data\milk\C02.csv,milk_weight_kg,float64,0.0,12,43.636,KEEP candidate,
sensor_data\main_data\milk\C02.csv,DIM,float64,0.0,15,132.0,UNKNOWN / NEEDS REVIEW,
sensor_data\main_data\milk\C03.csv,timestamp,float64,0.0,15,1689958800.0,KEEP candidate,
sensor_data\main_data\milk\C03.csv,milk_weight_kg,float64,0.0,10,45.813,KEEP candidate,
sensor_data\main_data\milk\C03.csv,DIM,float64,0.0,15,646.0,UNKNOWN / NEEDS REVIEW,
sensor_data\main_data\milk\C04.csv,timestamp,float64,0.0,15,1689958800.0,KEEP candidate,
sensor_data\main_data\milk\C04.csv,milk_weight_kg,float64,0.0,15,37.104,KEEP candidate,
sensor_data\main_data\milk\C04.csv,DIM,float64,0.0,15,583.0,UNKNOWN / NEEDS REVIEW,
sensor_data\main_data\milk\C05.csv,timestamp,float64,0.0,15,1689958800.0,KEEP candidate,
sensor_data\main_data\milk\C05.csv,milk_weight_kg,float64,0.0,12,53.07,KEEP candidate,
sensor_data\main_data\milk\C05.csv,DIM,float64,0.0,15,187.0,UNKNOWN / NEEDS REVIEW,
sensor_data\main_data\milk\C06.csv,timestamp,float64,0.0,15,1689958800.0,KEEP candidate,
sensor_data\main_data\milk\C06.csv,milk_weight_kg,float64,0.0,9,50.349,KEEP candidate,
sensor_data\main_data\milk\C06.csv,DIM,float64,0.0,15,124.0,UNKNOWN / NEEDS REVIEW,
sensor_data\main_data\milk\C07.csv,timestamp,float64,0.0,15,1689958800.0,KEEP candidate,
sensor_data\main_data\milk\C07.csv,milk_weight_kg,float64,0.0,10,47.174,KEEP candidate,
sensor_data\main_data\milk\C07.csv,DIM,float64,0.0,15,146.0,UNKNOWN / NEEDS REVIEW,
sensor_data\main_data\milk\C08.csv,timestamp,float64,0.0,15,1689958800.0,KEEP candidate,
sensor_data\main_data\milk\C08.csv,milk_weight_kg,float64,0.0,9,50.802,KEEP candidate,
sensor_data\main_data\milk\C08.csv,DIM,float64,0.0,15,112.0,UNKNOWN / NEEDS REVIEW,
sensor_data\main_data\milk\C09.csv,timestamp,float64,0.0,15,1689958800.0,KEEP candidate,
sensor_data\main_data\milk\C09.csv,milk_weight_kg,float64,0.0,10,56.245,KEEP candidate,
sensor_data\main_data\milk\C09.csv,DIM,float64,0.0,15,182.0,UNKNOWN / NEEDS REVIEW,
sensor_data\main_data\milk\C10.csv,timestamp,float64,0.0,15,1689958800.0,KEEP candidate,
sensor_data\main_data\milk\C10.csv,milk_weight_kg,float64,0.0,10,56.245,KEEP candidate,
sensor_data\main_data\milk\C10.csv,DIM,float64,0.0,15,182.0,UNKNOWN / NEEDS REVIEW,
sensor_data\main_data\milk\C11.csv,timestamp,int64,0.0,15,1689958800,KEEP candidate,
sensor_data\main_data\milk\C11.csv,milk_weight_kg,float64,0.0,14,48.0808484,KEEP candidate,
sensor_data\main_data\milk\C11.csv,DIM,int64,0.0,15,164,UNKNOWN / NEEDS REVIEW,
sensor_data\main_data\milk\C12.csv,timestamp,int64,0.0,15,1689958800,KEEP candidate,
sensor_data\main_data\milk\C12.csv,milk_weight_kg,float64,0.0,15,36.0606363,KEEP candidate,
sensor_data\main_data\milk\C12.csv,DIM,int64,0.0,15,582,UNKNOWN / NEEDS REVIEW,
sensor_data\main_data\milk\C13.csv,timestamp,int64,0.0,15,1689958800,KEEP candidate,
sensor_data\main_data\milk\C13.csv,milk_weight_kg,float64,0.0,12,45.35929094,KEEP candidate,
sensor_data\main_data\milk\C13.csv,DIM,int64,0.0,15,161,UNKNOWN / NEEDS REVIEW,
sensor_data\main_data\milk\C14.csv,timestamp,int64,0.0,15,1689958800,KEEP candidate,
sensor_data\main_data\milk\C14.csv,milk_weight_kg,float64,0.0,11,47.62725549,KEEP candidate,
sensor_data\main_data\milk\C14.csv,DIM,int64,0.0,15,709,UNKNOWN / NEEDS REVIEW,
sensor_data\main_data\milk\C15.csv,timestamp,int64,0.0,15,1689958800,KEEP candidate,
sensor_data\main_data\milk\C15.csv,milk_weight_kg,float64,0.0,11,47.62725549,KEEP candidate,
sensor_data\main_data\milk\C15.csv,DIM,int64,0.0,15,171,UNKNOWN / NEEDS REVIEW,
sensor_data\main_data\milk\C16.csv,timestamp,int64,0.0,15,1689958800,KEEP candidate,
sensor_data\main_data\milk\C16.csv,milk_weight_kg,float64,0.0,14,40.36976894,KEEP candidate,
sensor_data\main_data\milk\C16.csv,DIM,int64,0.0,15,625,UNKNOWN / NEEDS REVIEW,
sensor_data\main_data\pressure\T01\T01_0721.csv,timestamp,float64,0.0,5000,1689960609.0,KEEP candidate,
sensor_data\main_data\pressure\T01\T01_0721.csv,pressure_Pa,float64,2.82,3091,98046.694,UNKNOWN / NEEDS REVIEW,
sensor_data\main_data\pressure\T01\T01_0721.csv,elevation_m,float64,2.82,83,276.59,UNKNOWN / NEEDS REVIEW,
sensor_data\main_data\pressure\T01\T01_0722.csv,timestamp,float64,0.0,5000,1690002000.0,KEEP candidate,
sensor_data\main_data\pressure\T01\T01_0722.csv,pressure_Pa,float64,4.24,3863,97762.334,UNKNOWN / NEEDS REVIEW,
sensor_data\main_data\pressure\T01\T01_0722.csv,elevation_m,float64,4.24,168,300.93,UNKNOWN / NEEDS REVIEW,
sensor_data\main_data\pressure\T01\T01_0723.csv,timestamp,float64,0.0,5000,1690088400.0,KEEP candidate,
sensor_data\main_data\pressure\T01\T01_0723.csv,pressure_Pa,float64,3.52,3753,97524.673,UNKNOWN / NEEDS REVIEW,
sensor_data\main_data\pressure\T01\T01_0723.csv,elevation_m,float64,3.52,105,321.32,UNKNOWN / NEEDS REVIEW,
sensor_data\main_data\pressure\T01\T01_0724.csv,timestamp,float64,0.0,5000,1690174800.0,KEEP candidate,
sensor_data\main_data\pressure\T01\T01_0724.csv,pressure_Pa,float64,3.24,4008,97842.337,UNKNOWN / NEEDS REVIEW,
sensor_data\main_data\pressure\T01\T01_0724.csv,elevation_m,float64,3.24,322,294.08,UNKNOWN / NEEDS REVIEW,
sensor_data\main_data\pressure\T01\T01_0725.csv,timestamp,float64,0.0,5000,1690261200.0,KEEP candidate,
sensor_data\main_data\pressure\T01\T01_0725.csv,pressure_Pa,float64,3.24,4207,98123.114,UNKNOWN / NEEDS REVIEW,
sensor_data\main_data\pressure\T01\T01_0725.csv,elevation_m,float64,3.24,219,270.06,UNKNOWN / NEEDS REVIEW,
sensor_data\main_data\pressure\T01\T01_0726.csv,timestamp,float64,0.0,5000,1690347600.0,KEEP candidate,
sensor_data\main_data\pressure\T01\T01_0726.csv,pressure_Pa,float64,3.28,3715,97673.68,UNKNOWN / NEEDS REVIEW,
sensor_data\main_data\pressure\T01\T01_0726.csv,elevation_m,float64,3.28,128,308.53,UNKNOWN / NEEDS REVIEW,
sensor_data\main_data\pressure\T01\T01_0727.csv,timestamp,float64,0.0,5000,1690434000.0,KEEP candidate,
sensor_data\main_data\pressure\T01\T01_0727.csv,pressure_Pa,float64,2.96,2788,97506.74,UNKNOWN / NEEDS REVIEW,
sensor_data\main_data\pressure\T01\T01_0727.csv,elevation_m,float64,2.96,49,322.86,UNKNOWN / NEEDS REVIEW,
sensor_data\main_data\pressure\T01\T01_0728.csv,timestamp,float64,0.0,5000,1690520400.0,KEEP candidate,
sensor_data\main_data\pressure\T01\T01_0728.csv,pressure_Pa,float64,3.02,4542,98036.67,UNKNOWN / NEEDS REVIEW,
sensor_data\main_data\pressure\T01\T01_0728.csv,elevation_m,float64,3.02,402,277.45,UNKNOWN / NEEDS REVIEW,
sensor_data\main_data\pressure\T01\T01_0729.csv,timestamp,float64,0.0,5000,1690606800.0,KEEP candidate,
sensor_data\main_data\pressure\T01\T01_0729.csv,pressure_Pa,float64,3.22,4089,97858.251,UNKNOWN / NEEDS REVIEW,
sensor_data\main_data\pressure\T01\T01_0729.csv,elevation_m,float64,3.22,192,292.71,UNKNOWN / NEEDS REVIEW,
sensor_data\main_data\pressure\T01\T01_0730.csv,timestamp,float64,0.0,5000,1690693200.0,KEEP candidate,
sensor_data\main_data\pressure\T01\T01_0730.csv,pressure_Pa,float64,3.0,2949,98206.145,UNKNOWN / NEEDS REVIEW,
sensor_data\main_data\pressure\T01\T01_0730.csv,elevation_m,float64,3.0,65,262.96,UNKNOWN / NEEDS REVIEW,
sensor_data\main_data\pressure\T01\T01_0731.csv,timestamp,float64,0.0,5000,1690779600.0,KEEP candidate,
sensor_data\main_data\pressure\T01\T01_0731.csv,pressure_Pa,float64,3.22,3264,98298.479,UNKNOWN / NEEDS REVIEW,
sensor_data\main_data\pressure\T01\T01_0731.csv,elevation_m,float64,3.22,68,255.08,UNKNOWN / NEEDS REVIEW,
sensor_data\main_data\pressure\T01\T01_0801.csv,timestamp,float64,0.0,5000,1690866000.0,KEEP candidate,
sensor_data\main_data\pressure\T01\T01_0801.csv,pressure_Pa,float64,4.46,3916,98422.971,UNKNOWN / NEEDS REVIEW,
sensor_data\main_data\pressure\T01\T01_0801.csv,elevation_m,float64,4.46,143,244.46,UNKNOWN / NEEDS REVIEW,
sensor_data\main_data\pressure\T01\T01_0802.csv,timestamp,float64,0.0,5000,1690952401.0,KEEP candidate,
sensor_data\main_data\pressure\T01\T01_0802.csv,pressure_Pa,float64,3.2,2990,98244.513,UNKNOWN / NEEDS REVIEW,
sensor_data\main_data\pressure\T01\T01_0802.csv,elevation_m,float64,3.2,70,259.69,UNKNOWN / NEEDS REVIEW,
sensor_data\main_data\pressure\T01\T01_0803.csv,timestamp,float64,0.0,5000,1691038800.0,KEEP candidate,
sensor_data\main_data\pressure\T01\T01_0803.csv,pressure_Pa,float64,3.16,3925,97940.435,UNKNOWN / NEEDS REVIEW,
sensor_data\main_data\pressure\T01\T01_0803.csv,elevation_m,float64,3.16,144,285.68,UNKNOWN / NEEDS REVIEW,
sensor_data\main_data\pressure\T01\T01_0804.csv,timestamp,float64,0.0,5000,1691125200.0,KEEP candidate,
sensor_data\main_data\pressure\T01\T01_0804.csv,pressure_Pa,float64,4.26,4213,97786.955,UNKNOWN / NEEDS REVIEW,
sensor_data\main_data\pressure\T01\T01_0804.csv,elevation_m,float64,4.26,208,298.82,UNKNOWN / NEEDS REVIEW,
sensor_data\main_data\pressure\T02\T02_0721.csv,timestamp,float64,0.0,5000,1689960607.0,KEEP candidate,
sensor_data\main_data\pressure\T02\T02_0721.csv,pressure_Pa,float64,2.56,3958,98036.397,UNKNOWN / NEEDS REVIEW,
sensor_data\main_data\pressure\T02\T02_0721.csv,elevation_m,float64,2.56,293,277.47,UNKNOWN / NEEDS REVIEW,
sensor_data\main_data\pressure\T02\T02_0722.csv,timestamp,float64,0.0,5000,1690002000.0,KEEP candidate,
sensor_data\main_data\pressure\T02\T02_0722.csv,pressure_Pa,float64,2.88,3583,97759.457,UNKNOWN / NEEDS REVIEW,
sensor_data\main_data\pressure\T02\T02_0722.csv,elevation_m,float64,2.88,108,301.18,UNKNOWN / NEEDS REVIEW,
sensor_data\main_data\pressure\T02\T02_0723.csv,timestamp,float64,0.0,5000,1690088401.0,KEEP candidate,
sensor_data\main_data\pressure\T02\T02_0723.csv,pressure_Pa,float64,2.64,4121,97515.833,UNKNOWN / NEEDS REVIEW,
sensor_data\main_data\pressure\T02\T02_0723.csv,elevation_m,float64,2.64,176,322.08,UNKNOWN / NEEDS REVIEW,
sensor_data\main_data\pressure\T02\T02_0724.csv,timestamp,float64,0.0,5000,1690174800.0,KEEP candidate,
sensor_data\main_data\pressure\T02\T02_0724.csv,pressure_Pa,float64,4.14,3110,97837.51,UNKNOWN / NEEDS REVIEW,
sensor_data\main_data\pressure\T02\T02_0724.csv,elevation_m,float64,4.14,86,294.49,UNKNOWN / NEEDS REVIEW,
sensor_data\main_data\pressure\T02\T02_0725.csv,timestamp,float64,0.0,5000,1690261200.0,KEEP candidate,
sensor_data\main_data\pressure\T02\T02_0725.csv,pressure_Pa,float64,2.46,2824,98098.692,UNKNOWN / NEEDS REVIEW,
sensor_data\main_data\pressure\T02\T02_0725.csv,elevation_m,float64,2.46,56,272.14,UNKNOWN / NEEDS REVIEW,
sensor_data\main_data\pressure\T02\T02_0726.csv,timestamp,float64,0.0,5000,1690347600.0,KEEP candidate,
sensor_data\main_data\pressure\T02\T02_0726.csv,pressure_Pa,float64,3.96,3754,97658.29,UNKNOWN / NEEDS REVIEW,
sensor_data\main_data\pressure\T02\T02_0726.csv,elevation_m,float64,3.96,160,309.85,UNKNOWN / NEEDS REVIEW,
sensor_data\main_data\pressure\T02\T02_0727.csv,timestamp,float64,0.0,5000,1690434000.0,KEEP candidate,
sensor_data\main_data\pressure\T02\T02_0727.csv,pressure_Pa,float64,2.7,3303,97497.773,UNKNOWN / NEEDS REVIEW,
sensor_data\main_data\pressure\T02\T02_0727.csv,elevation_m,float64,2.7,79,323.63,UNKNOWN / NEEDS REVIEW,
sensor_data\main_data\pressure\T02\T02_0728.csv,timestamp,float64,0.0,5000,1690520400.0,KEEP candidate,
sensor_data\main_data\pressure\T02\T02_0728.csv,pressure_Pa,float64,3.82,4447,98024.504,UNKNOWN / NEEDS REVIEW,
sensor_data\main_data\pressure\T02\T02_0728.csv,elevation_m,float64,3.82,398,278.49,UNKNOWN / NEEDS REVIEW,
sensor_data\main_data\pressure\T02\T02_0729.csv,timestamp,float64,0.0,5000,1690606800.0,KEEP candidate,
sensor_data\main_data\pressure\T02\T02_0729.csv,pressure_Pa,float64,2.4,3998,97845.955,UNKNOWN / NEEDS REVIEW,
sensor_data\main_data\pressure\T02\T02_0729.csv,elevation_m,float64,2.4,168,293.77,UNKNOWN / NEEDS REVIEW,
sensor_data\main_data\pressure\T02\T02_0730.csv,timestamp,float64,0.0,5000,1690693200.0,KEEP candidate,
sensor_data\main_data\pressure\T02\T02_0730.csv,pressure_Pa,float64,3.86,3284,98190.879,UNKNOWN / NEEDS REVIEW,
sensor_data\main_data\pressure\T02\T02_0730.csv,elevation_m,float64,3.86,87,264.27,UNKNOWN / NEEDS REVIEW,
sensor_data\main_data\pressure\T02\T02_0731.csv,timestamp,float64,0.0,5000,1690779600.0,KEEP candidate,
sensor_data\main_data\pressure\T02\T02_0731.csv,pressure_Pa,float64,2.66,3275,98283.148,UNKNOWN / NEEDS REVIEW,
sensor_data\main_data\pressure\T02\T02_0731.csv,elevation_m,float64,2.66,81,256.39,UNKNOWN / NEEDS REVIEW,
sensor_data\main_data\pressure\T02\T02_0801.csv,timestamp,float64,0.0,5000,1690866000.0,KEEP candidate,
sensor_data\main_data\pressure\T02\T02_0801.csv,pressure_Pa,float64,4.12,3289,98409.483,UNKNOWN / NEEDS REVIEW,
sensor_data\main_data\pressure\T02\T02_0801.csv,elevation_m,float64,4.12,88,245.61,UNKNOWN / NEEDS REVIEW,
sensor_data\main_data\pressure\T02\T02_0802.csv,timestamp,float64,0.0,5000,1690952400.0,KEEP candidate,
sensor_data\main_data\pressure\T02\T02_0802.csv,pressure_Pa,float64,2.8,3683,98232.127,UNKNOWN / NEEDS REVIEW,
sensor_data\main_data\pressure\T02\T02_0802.csv,elevation_m,float64,2.8,95,260.74,UNKNOWN / NEEDS REVIEW,
sensor_data\main_data\pressure\T02\T02_0803.csv,timestamp,float64,0.0,5000,1691038800.0,KEEP candidate,
sensor_data\main_data\pressure\T02\T02_0803.csv,pressure_Pa,float64,4.02,3777,97919.438,UNKNOWN / NEEDS REVIEW,
sensor_data\main_data\pressure\T02\T02_0803.csv,elevation_m,float64,4.02,128,287.47,UNKNOWN / NEEDS REVIEW,
sensor_data\main_data\pressure\T02\T02_0804.csv,timestamp,float64,0.0,5000,1691125200.0,KEEP candidate,
sensor_data\main_data\pressure\T02\T02_0804.csv,pressure_Pa,float64,2.6,4042,97777.182,UNKNOWN / NEEDS REVIEW,
sensor_data\main_data\pressure\T02\T02_0804.csv,elevation_m,float64,2.6,158,299.66,UNKNOWN / NEEDS REVIEW,
sensor_data\main_data\pressure\T03\T03_0721.csv,timestamp,float64,0.0,5000,1689960605.0,KEEP candidate,
sensor_data\main_data\pressure\T03\T03_0721.csv,pressure_Pa,float64,3.02,3536,98041.592,UNKNOWN / NEEDS REVIEW,
sensor_data\main_data\pressure\T03\T03_0721.csv,elevation_m,float64,3.02,91,277.02,UNKNOWN / NEEDS REVIEW,
sensor_data\main_data\pressure\T03\T03_0722.csv,timestamp,float64,0.0,5000,1690002000.0,KEEP candidate,
sensor_data\main_data\pressure\T03\T03_0722.csv,pressure_Pa,float64,4.1,3941,97773.301,UNKNOWN / NEEDS REVIEW,
sensor_data\main_data\pressure\T03\T03_0722.csv,elevation_m,float64,4.1,148,299.99,UNKNOWN / NEEDS REVIEW,
sensor_data\main_data\pressure\T03\T03_0723.csv,timestamp,float64,0.0,5000,1690088400.0,KEEP candidate,
sensor_data\main_data\pressure\T03\T03_0723.csv,pressure_Pa,float64,3.52,4351,97523.352,UNKNOWN / NEEDS REVIEW,
sensor_data\main_data\pressure\T03\T03_0723.csv,elevation_m,float64,3.52,276,321.43,UNKNOWN / NEEDS REVIEW,
sensor_data\main_data\pressure\T03\T03_0724.csv,timestamp,float64,0.0,5000,1690174800.0,KEEP candidate,
sensor_data\main_data\pressure\T03\T03_0724.csv,pressure_Pa,float64,3.12,3247,97833.558,UNKNOWN / NEEDS REVIEW,
sensor_data\main_data\pressure\T03\T03_0724.csv,elevation_m,float64,3.12,137,294.83,UNKNOWN / NEEDS REVIEW,
sensor_data\main_data\pressure\T03\T03_0725.csv,timestamp,float64,0.0,5000,1690261200.0,KEEP candidate,
sensor_data\main_data\pressure\T03\T03_0725.csv,pressure_Pa,float64,4.52,3727,98095.473,UNKNOWN / NEEDS REVIEW,
sensor_data\main_data\pressure\T03\T03_0725.csv,elevation_m,float64,4.52,96,272.42,UNKNOWN / NEEDS REVIEW,
sensor_data\main_data\pressure\T03\T03_0726.csv,timestamp,float64,0.0,5000,1690347600.0,KEEP candidate,
sensor_data\main_data\pressure\T03\T03_0726.csv,pressure_Pa,float64,2.68,3730,97665.158,UNKNOWN / NEEDS REVIEW,
sensor_data\main_data\pressure\T03\T03_0726.csv,elevation_m,float64,2.68,135,309.26,UNKNOWN / NEEDS REVIEW,
sensor_data\main_data\pressure\T03\T03_0727.csv,timestamp,float64,0.0,5000,1690434000.0,KEEP candidate,
sensor_data\main_data\pressure\T03\T03_0727.csv,pressure_Pa,float64,3.04,2388,97496.979,UNKNOWN / NEEDS REVIEW,
sensor_data\main_data\pressure\T03\T03_0727.csv,elevation_m,float64,3.04,46,323.7,UNKNOWN / NEEDS REVIEW,
sensor_data\main_data\pressure\T03\T03_0728.csv,timestamp,float64,0.0,5000,1690520400.0,KEEP candidate,
sensor_data\main_data\pressure\T03\T03_0728.csv,pressure_Pa,float64,2.92,4537,98028.506,UNKNOWN / NEEDS REVIEW,
sensor_data\main_data\pressure\T03\T03_0728.csv,elevation_m,float64,2.92,409,278.14,UNKNOWN / NEEDS REVIEW,
sensor_data\main_data\pressure\T03\T03_0729.csv,timestamp,float64,0.0,5000,1690606800.0,KEEP candidate,
sensor_data\main_data\pressure\T03\T03_0729.csv,pressure_Pa,float64,3.32,4040,97845.757,UNKNOWN / NEEDS REVIEW,
sensor_data\main_data\pressure\T03\T03_0729.csv,elevation_m,float64,3.32,155,293.78,UNKNOWN / NEEDS REVIEW,
sensor_data\main_data\pressure\T03\T03_0730.csv,timestamp,float64,0.0,5000,1690693200.0,KEEP candidate,
sensor_data\main_data\pressure\T03\T03_0730.csv,pressure_Pa,float64,4.36,3606,98195.299,UNKNOWN / NEEDS REVIEW,
sensor_data\main_data\pressure\T03\T03_0730.csv,elevation_m,float64,4.36,106,263.89,UNKNOWN / NEEDS REVIEW,
sensor_data\main_data\pressure\T03\T03_0731.csv,timestamp,float64,0.0,5000,1690779600.0,KEEP candidate,
sensor_data\main_data\pressure\T03\T03_0731.csv,pressure_Pa,float64,2.84,3897,98289.836,UNKNOWN / NEEDS REVIEW,
sensor_data\main_data\pressure\T03\T03_0731.csv,elevation_m,float64,2.84,129,255.82,UNKNOWN / NEEDS REVIEW,
sensor_data\main_data\pressure\T03\T03_0801.csv,timestamp,float64,0.0,5000,1690866000.0,KEEP candidate,
sensor_data\main_data\pressure\T03\T03_0801.csv,pressure_Pa,float64,3.16,4116,98428.577,UNKNOWN / NEEDS REVIEW,
sensor_data\main_data\pressure\T03\T03_0801.csv,elevation_m,float64,3.16,196,243.99,UNKNOWN / NEEDS REVIEW,
sensor_data\main_data\pressure\T03\T03_0802.csv,timestamp,float64,0.0,5000,1690952400.0,KEEP candidate,
sensor_data\main_data\pressure\T03\T03_0802.csv,pressure_Pa,float64,4.28,3517,98237.845,UNKNOWN / NEEDS REVIEW,
sensor_data\main_data\pressure\T03\T03_0802.csv,elevation_m,float64,4.28,101,260.26,UNKNOWN / NEEDS REVIEW,
sensor_data\main_data\pressure\T03\T03_0803.csv,timestamp,float64,0.0,5000,1691038800.0,KEEP candidate,
sensor_data\main_data\pressure\T03\T03_0803.csv,pressure_Pa,float64,3.14,4280,97941.183,UNKNOWN / NEEDS REVIEW,
sensor_data\main_data\pressure\T03\T03_0803.csv,elevation_m,float64,3.14,209,285.61,UNKNOWN / NEEDS REVIEW,
sensor_data\main_data\pressure\T03\T03_0804.csv,timestamp,float64,0.0,5000,1691125200.0,KEEP candidate,
sensor_data\main_data\pressure\T03\T03_0804.csv,pressure_Pa,float64,4.52,4325,97781.017,UNKNOWN / NEEDS REVIEW,
sensor_data\main_data\pressure\T03\T03_0804.csv,elevation_m,float64,4.52,247,299.33,UNKNOWN / NEEDS REVIEW,
sensor_data\main_data\pressure\T04\T04_0721.csv,timestamp,float64,0.0,5000,1689960609.0,KEEP candidate,
sensor_data\main_data\pressure\T04\T04_0721.csv,pressure_Pa,float64,2.74,3486,98065.389,UNKNOWN / NEEDS REVIEW,
sensor_data\main_data\pressure\T04\T04_0721.csv,elevation_m,float64,2.74,114,274.99,UNKNOWN / NEEDS REVIEW,
sensor_data\main_data\pressure\T04\T04_0722.csv,timestamp,float64,0.0,5000,1690002000.0,KEEP candidate,
sensor_data\main_data\pressure\T04\T04_0722.csv,pressure_Pa,float64,2.98,3287,97784.048,UNKNOWN / NEEDS REVIEW,
sensor_data\main_data\pressure\T04\T04_0722.csv,elevation_m,float64,2.98,67,299.07,UNKNOWN / NEEDS REVIEW,
sensor_data\main_data\pressure\T04\T04_0723.csv,timestamp,float64,0.0,5000,1690088400.0,KEEP candidate,
sensor_data\main_data\pressure\T04\T04_0723.csv,pressure_Pa,float64,3.3,4011,97539.843,UNKNOWN / NEEDS REVIEW,
sensor_data\main_data\pressure\T04\T04_0723.csv,elevation_m,float64,3.3,158,320.02,UNKNOWN / NEEDS REVIEW,
sensor_data\main_data\pressure\T04\T04_0724.csv,timestamp,float64,0.0,5000,1690174800.0,KEEP candidate,
sensor_data\main_data\pressure\T04\T04_0724.csv,pressure_Pa,float64,4.26,3672,97861.814,UNKNOWN / NEEDS REVIEW,
sensor_data\main_data\pressure\T04\T04_0724.csv,elevation_m,float64,4.26,101,292.41,UNKNOWN / NEEDS REVIEW,
sensor_data\main_data\pressure\T04\T04_0725.csv,timestamp,float64,0.0,5000,1690261200.0,KEEP candidate,
sensor_data\main_data\pressure\T04\T04_0725.csv,pressure_Pa,float64,3.1,3114,98125.906,UNKNOWN / NEEDS REVIEW,
sensor_data\main_data\pressure\T04\T04_0725.csv,elevation_m,float64,3.1,58,269.82,UNKNOWN / NEEDS REVIEW,
sensor_data\main_data\pressure\T04\T04_0726.csv,timestamp,float64,0.0,5000,1690347600.0,KEEP candidate,
sensor_data\main_data\pressure\T04\T04_0726.csv,pressure_Pa,float64,4.52,3705,97695.078,UNKNOWN / NEEDS REVIEW,
sensor_data\main_data\pressure\T04\T04_0726.csv,elevation_m,float64,4.52,158,306.7,UNKNOWN / NEEDS REVIEW,
sensor_data\main_data\pressure\T04\T04_0727.csv,timestamp,float64,0.0,5000,1690434000.0,KEEP candidate,
sensor_data\main_data\pressure\T04\T04_0727.csv,pressure_Pa,float64,3.1,2324,97528.101,UNKNOWN / NEEDS REVIEW,
sensor_data\main_data\pressure\T04\T04_0727.csv,elevation_m,float64,3.1,43,321.02,UNKNOWN / NEEDS REVIEW,
sensor_data\main_data\pressure\T04\T04_0728.csv,timestamp,float64,0.0,5000,1690520400.0,KEEP candidate,
sensor_data\main_data\pressure\T04\T04_0728.csv,pressure_Pa,float64,4.66,4441,98055.783,UNKNOWN / NEEDS REVIEW,
sensor_data\main_data\pressure\T04\T04_0728.csv,elevation_m,float64,4.66,407,275.81,UNKNOWN / NEEDS REVIEW,
sensor_data\main_data\pressure\T04\T04_0729.csv,timestamp,float64,0.0,5000,1690606800.0,KEEP candidate,
sensor_data\main_data\pressure\T04\T04_0729.csv,pressure_Pa,float64,3.06,3893,97878.165,UNKNOWN / NEEDS REVIEW,
sensor_data\main_data\pressure\T04\T04_0729.csv,elevation_m,float64,3.06,135,291.01,UNKNOWN / NEEDS REVIEW,
sensor_data\main_data\pressure\T04\T04_0730.csv,timestamp,float64,0.0,5000,1690693200.0,KEEP candidate,
sensor_data\main_data\pressure\T04\T04_0730.csv,pressure_Pa,float64,2.96,2767,98225.688,UNKNOWN / NEEDS REVIEW,
sensor_data\main_data\pressure\T04\T04_0730.csv,elevation_m,float64,2.96,65,261.29,UNKNOWN / NEEDS REVIEW,
sensor_data\main_data\pressure\T04\T04_0731.csv,timestamp,float64,0.0,5000,1690779600.0,KEEP candidate,
sensor_data\main_data\pressure\T04\T04_0731.csv,pressure_Pa,float64,2.94,3369,98314.627,UNKNOWN / NEEDS REVIEW,
sensor_data\main_data\pressure\T04\T04_0731.csv,elevation_m,float64,2.94,85,253.7,UNKNOWN / NEEDS REVIEW,
sensor_data\main_data\pressure\T04\T04_0801.csv,timestamp,float64,0.0,5000,1690866000.0,KEEP candidate,
sensor_data\main_data\pressure\T04\T04_0801.csv,pressure_Pa,float64,4.36,3580,98435.955,UNKNOWN / NEEDS REVIEW,
sensor_data\main_data\pressure\T04\T04_0801.csv,elevation_m,float64,4.36,101,243.36,UNKNOWN / NEEDS REVIEW,
sensor_data\main_data\pressure\T04\T04_0802.csv,timestamp,float64,0.0,5000,1690952400.0,KEEP candidate,
sensor_data\main_data\pressure\T04\T04_0802.csv,pressure_Pa,float64,3.34,3743,98264.551,UNKNOWN / NEEDS REVIEW,
sensor_data\main_data\pressure\T04\T04_0802.csv,elevation_m,float64,3.34,125,257.98,UNKNOWN / NEEDS REVIEW,
sensor_data\main_data\pressure\T04\T04_0803.csv,timestamp,float64,0.0,5000,1691038800.0,KEEP candidate,
sensor_data\main_data\pressure\T04\T04_0803.csv,pressure_Pa,float64,4.58,3878,97952.253,UNKNOWN / NEEDS REVIEW,
sensor_data\main_data\pressure\T04\T04_0803.csv,elevation_m,float64,4.58,161,284.67,UNKNOWN / NEEDS REVIEW,
sensor_data\main_data\pressure\T04\T04_0804.csv,timestamp,float64,0.0,5000,1691125200.0,KEEP candidate,
sensor_data\main_data\pressure\T04\T04_0804.csv,pressure_Pa,float64,3.16,4462,97815.676,UNKNOWN / NEEDS REVIEW,
sensor_data\main_data\pressure\T04\T04_0804.csv,elevation_m,float64,3.16,314,296.36,UNKNOWN / NEEDS REVIEW,
sensor_data\main_data\pressure\T05\T05_0721.csv,timestamp,float64,0.0,5000,1689960606.0,KEEP candidate,
sensor_data\main_data\pressure\T05\T05_0721.csv,pressure_Pa,float64,2.92,4086,98047.188,UNKNOWN / NEEDS REVIEW,
sensor_data\main_data\pressure\T05\T05_0721.csv,elevation_m,float64,2.92,176,276.55,UNKNOWN / NEEDS REVIEW,
sensor_data\main_data\pressure\T05\T05_0722.csv,timestamp,float64,0.0,5000,1690002000.0,KEEP candidate,
sensor_data\main_data\pressure\T05\T05_0722.csv,pressure_Pa,float64,4.18,3724,97764.527,UNKNOWN / NEEDS REVIEW,
sensor_data\main_data\pressure\T05\T05_0722.csv,elevation_m,float64,4.18,91,300.74,UNKNOWN / NEEDS REVIEW,
sensor_data\main_data\pressure\T05\T05_0723.csv,timestamp,float64,0.0,5000,1690088400.0,KEEP candidate,
sensor_data\main_data\pressure\T05\T05_0723.csv,pressure_Pa,float64,2.98,3853,97519.209,UNKNOWN / NEEDS REVIEW,
sensor_data\main_data\pressure\T05\T05_0723.csv,elevation_m,float64,2.98,150,321.79,UNKNOWN / NEEDS REVIEW,
sensor_data\main_data\pressure\T05\T05_0724.csv,timestamp,float64,0.0,5000,1690174800.0,KEEP candidate,
sensor_data\main_data\pressure\T05\T05_0724.csv,pressure_Pa,float64,4.12,2936,97841.857,UNKNOWN / NEEDS REVIEW,
sensor_data\main_data\pressure\T05\T05_0724.csv,elevation_m,float64,4.12,62,294.12,UNKNOWN / NEEDS REVIEW,
sensor_data\main_data\pressure\T05\T05_0725.csv,timestamp,float64,0.0,5000,1690261200.0,KEEP candidate,
sensor_data\main_data\pressure\T05\T05_0725.csv,pressure_Pa,float64,2.78,3107,98105.895,UNKNOWN / NEEDS REVIEW,
sensor_data\main_data\pressure\T05\T05_0725.csv,elevation_m,float64,2.78,64,271.53,UNKNOWN / NEEDS REVIEW,
sensor_data\main_data\pressure\T05\T05_0726.csv,timestamp,float64,0.0,5000,1690347600.0,KEEP candidate,
sensor_data\main_data\pressure\T05\T05_0726.csv,pressure_Pa,float64,2.98,3821,97668.259,UNKNOWN / NEEDS REVIEW,
sensor_data\main_data\pressure\T05\T05_0726.csv,elevation_m,float64,2.98,139,309.0,UNKNOWN / NEEDS REVIEW,
sensor_data\main_data\pressure\T05\T05_0727.csv,timestamp,float64,0.0,5000,1690434000.0,KEEP candidate,
sensor_data\main_data\pressure\T05\T05_0727.csv,pressure_Pa,float64,2.64,2661,97500.495,UNKNOWN / NEEDS REVIEW,
sensor_data\main_data\pressure\T05\T05_0727.csv,elevation_m,float64,2.64,58,323.4,UNKNOWN / NEEDS REVIEW,
sensor_data\main_data\pressure\T05\T05_0728.csv,timestamp,float64,0.0,5000,1690520400.0,KEEP candidate,
sensor_data\main_data\pressure\T05\T05_0728.csv,pressure_Pa,float64,2.9,4520,98036.371,UNKNOWN / NEEDS REVIEW,
sensor_data\main_data\pressure\T05\T05_0728.csv,elevation_m,float64,2.9,396,277.47,UNKNOWN / NEEDS REVIEW,
sensor_data\main_data\pressure\T05\T05_0729.csv,timestamp,float64,0.0,5000,1690606800.0,KEEP candidate,
sensor_data\main_data\pressure\T05\T05_0729.csv,pressure_Pa,float64,4.4,4096,97869.029,UNKNOWN / NEEDS REVIEW,
sensor_data\main_data\pressure\T05\T05_0729.csv,elevation_m,float64,4.4,171,291.79,UNKNOWN / NEEDS REVIEW,
sensor_data\main_data\pressure\T05\T05_0730.csv,timestamp,float64,0.0,5000,1690693200.0,KEEP candidate,
sensor_data\main_data\pressure\T05\T05_0730.csv,pressure_Pa,float64,2.84,3625,98197.029,UNKNOWN / NEEDS REVIEW,
sensor_data\main_data\pressure\T05\T05_0730.csv,elevation_m,float64,2.84,131,263.74,UNKNOWN / NEEDS REVIEW,
sensor_data\main_data\pressure\T05\T05_0731.csv,timestamp,float64,0.0,5000,1690779600.0,KEEP candidate,
sensor_data\main_data\pressure\T05\T05_0731.csv,pressure_Pa,float64,4.12,3980,98303.721,UNKNOWN / NEEDS REVIEW,
sensor_data\main_data\pressure\T05\T05_0731.csv,elevation_m,float64,4.12,169,254.63,UNKNOWN / NEEDS REVIEW,
sensor_data\main_data\pressure\T05\T05_0801.csv,timestamp,float64,0.0,5000,1690866000.0,KEEP candidate,
sensor_data\main_data\pressure\T05\T05_0801.csv,pressure_Pa,float64,3.2,3468,98423.642,UNKNOWN / NEEDS REVIEW,
sensor_data\main_data\pressure\T05\T05_0801.csv,elevation_m,float64,3.2,102,244.41,UNKNOWN / NEEDS REVIEW,
sensor_data\main_data\pressure\T05\T05_0802.csv,timestamp,float64,0.0,5000,1690952400.0,KEEP candidate,
sensor_data\main_data\pressure\T05\T05_0802.csv,pressure_Pa,float64,2.82,3329,98244.576,UNKNOWN / NEEDS REVIEW,
sensor_data\main_data\pressure\T05\T05_0802.csv,elevation_m,float64,2.82,72,259.68,UNKNOWN / NEEDS REVIEW,
sensor_data\main_data\pressure\T05\T05_0803.csv,timestamp,float64,0.0,5000,1691038800.0,KEEP candidate,
sensor_data\main_data\pressure\T05\T05_0803.csv,pressure_Pa,float64,2.94,4143,97923.495,UNKNOWN / NEEDS REVIEW,
sensor_data\main_data\pressure\T05\T05_0803.csv,elevation_m,float64,2.94,193,287.13,UNKNOWN / NEEDS REVIEW,
sensor_data\main_data\pressure\T05\T05_0804.csv,timestamp,float64,0.0,5000,1691125200.0,KEEP candidate,
sensor_data\main_data\pressure\T05\T05_0804.csv,pressure_Pa,float64,2.74,4363,97778.199,UNKNOWN / NEEDS REVIEW,
sensor_data\main_data\pressure\T05\T05_0804.csv,elevation_m,float64,2.74,263,299.57,UNKNOWN / NEEDS REVIEW,
sensor_data\main_data\pressure\T06\T06_0721.csv,timestamp,float64,0.0,5000,1689960612.0,KEEP candidate,
sensor_data\main_data\pressure\T06\T06_0721.csv,pressure_Pa,float64,4.04,3985,98055.001,UNKNOWN / NEEDS REVIEW,
sensor_data\main_data\pressure\T06\T06_0721.csv,elevation_m,float64,4.04,193,275.88,UNKNOWN / NEEDS REVIEW,
sensor_data\main_data\pressure\T06\T06_0722.csv,timestamp,float64,0.0,5000,1690002000.0,KEEP candidate,
sensor_data\main_data\pressure\T06\T06_0722.csv,pressure_Pa,float64,2.94,3499,97782.376,UNKNOWN / NEEDS REVIEW,
sensor_data\main_data\pressure\T06\T06_0722.csv,elevation_m,float64,2.94,83,299.21,UNKNOWN / NEEDS REVIEW,
sensor_data\main_data\pressure\T06\T06_0723.csv,timestamp,float64,0.0,5000,1690088400.0,KEEP candidate,
sensor_data\main_data\pressure\T06\T06_0723.csv,pressure_Pa,float64,3.12,4095,97538.157,UNKNOWN / NEEDS REVIEW,
sensor_data\main_data\pressure\T06\T06_0723.csv,elevation_m,float64,3.12,189,320.16,UNKNOWN / NEEDS REVIEW,
sensor_data\main_data\pressure\T06\T06_0724.csv,timestamp,float64,0.0,5000,1690174800.0,KEEP candidate,
sensor_data\main_data\pressure\T06\T06_0724.csv,pressure_Pa,float64,4.34,2793,97859.743,UNKNOWN / NEEDS REVIEW,
sensor_data\main_data\pressure\T06\T06_0724.csv,elevation_m,float64,4.34,64,292.59,UNKNOWN / NEEDS REVIEW,
sensor_data\main_data\pressure\T06\T06_0725.csv,timestamp,float64,0.0,5000,1690261200.0,KEEP candidate,
sensor_data\main_data\pressure\T06\T06_0725.csv,pressure_Pa,float64,2.68,3642,98128.636,UNKNOWN / NEEDS REVIEW,
sensor_data\main_data\pressure\T06\T06_0725.csv,elevation_m,float64,2.68,123,269.58,UNKNOWN / NEEDS REVIEW,
sensor_data\main_data\pressure\T06\T06_0726.csv,timestamp,float64,0.0,5000,1690347600.0,KEEP candidate,
sensor_data\main_data\pressure\T06\T06_0726.csv,pressure_Pa,float64,4.18,3609,97689.304,UNKNOWN / NEEDS REVIEW,
sensor_data\main_data\pressure\T06\T06_0726.csv,elevation_m,float64,4.18,110,307.19,UNKNOWN / NEEDS REVIEW,
sensor_data\main_data\pressure\T06\T06_0727.csv,timestamp,float64,0.0,5000,1690434000.0,KEEP candidate,
sensor_data\main_data\pressure\T06\T06_0727.csv,pressure_Pa,float64,2.86,3138,97527.898,UNKNOWN / NEEDS REVIEW,
sensor_data\main_data\pressure\T06\T06_0727.csv,elevation_m,float64,2.86,93,321.04,UNKNOWN / NEEDS REVIEW,
sensor_data\main_data\pressure\T06\T06_0728.csv,timestamp,float64,0.0,5000,1690520400.0,KEEP candidate,
sensor_data\main_data\pressure\T06\T06_0728.csv,pressure_Pa,float64,4.0,4470,98055.996,UNKNOWN / NEEDS REVIEW,
sensor_data\main_data\pressure\T06\T06_0728.csv,elevation_m,float64,4.0,408,275.79,UNKNOWN / NEEDS REVIEW,
sensor_data\main_data\pressure\T06\T06_0729.csv,timestamp,float64,0.0,5000,1690606800.0,KEEP candidate,
sensor_data\main_data\pressure\T06\T06_0729.csv,pressure_Pa,float64,2.96,4211,97876.516,UNKNOWN / NEEDS REVIEW,
sensor_data\main_data\pressure\T06\T06_0729.csv,elevation_m,float64,2.96,205,291.15,UNKNOWN / NEEDS REVIEW,
sensor_data\main_data\pressure\T06\T06_0730.csv,timestamp,float64,0.0,5000,1690693200.0,KEEP candidate,
sensor_data\main_data\pressure\T06\T06_0730.csv,pressure_Pa,float64,2.94,3690,98224.028,UNKNOWN / NEEDS REVIEW,
sensor_data\main_data\pressure\T06\T06_0730.csv,elevation_m,float64,2.94,128,261.44,UNKNOWN / NEEDS REVIEW,
sensor_data\main_data\pressure\T06\T06_0731.csv,timestamp,float64,0.0,5000,1690779600.0,KEEP candidate,
sensor_data\main_data\pressure\T06\T06_0731.csv,pressure_Pa,float64,4.04,3483,98311.81,UNKNOWN / NEEDS REVIEW,
sensor_data\main_data\pressure\T06\T06_0731.csv,elevation_m,float64,4.04,130,253.94,UNKNOWN / NEEDS REVIEW,
sensor_data\main_data\pressure\T06\T06_0801.csv,timestamp,float64,0.0,5000,1690866000.0,KEEP candidate,
sensor_data\main_data\pressure\T06\T06_0801.csv,pressure_Pa,float64,3.3,3960,98437.312,UNKNOWN / NEEDS REVIEW,
sensor_data\main_data\pressure\T06\T06_0801.csv,elevation_m,float64,3.3,179,243.24,UNKNOWN / NEEDS REVIEW,
sensor_data\main_data\pressure\T06\T06_0802.csv,timestamp,float64,0.0,5000,1690952400.0,KEEP candidate,
sensor_data\main_data\pressure\T06\T06_0802.csv,pressure_Pa,float64,2.86,3528,98257.543,UNKNOWN / NEEDS REVIEW,
sensor_data\main_data\pressure\T06\T06_0802.csv,elevation_m,float64,2.86,119,258.58,UNKNOWN / NEEDS REVIEW,
sensor_data\main_data\pressure\T06\T06_0803.csv,timestamp,float64,0.0,5000,1691038800.0,KEEP candidate,
sensor_data\main_data\pressure\T06\T06_0803.csv,pressure_Pa,float64,4.28,4021,97945.898,UNKNOWN / NEEDS REVIEW,
sensor_data\main_data\pressure\T06\T06_0803.csv,elevation_m,float64,4.28,267,285.21,UNKNOWN / NEEDS REVIEW,
sensor_data\main_data\pressure\T06\T06_0804.csv,timestamp,float64,0.0,5000,1691125200.0,KEEP candidate,
sensor_data\main_data\pressure\T06\T06_0804.csv,pressure_Pa,float64,2.88,4284,97804.386,UNKNOWN / NEEDS REVIEW,
sensor_data\main_data\pressure\T06\T06_0804.csv,elevation_m,float64,2.88,227,297.33,UNKNOWN / NEEDS REVIEW,
sensor_data\main_data\pressure\T07\T07_0721.csv,timestamp,float64,0.0,5000,1689984007.0,KEEP candidate,
sensor_data\main_data\pressure\T07\T07_0721.csv,pressure_Pa,float64,2.4,4071,97776.974,UNKNOWN / NEEDS REVIEW,
sensor_data\main_data\pressure\T07\T07_0721.csv,elevation_m,float64,2.4,197,299.68,UNKNOWN / NEEDS REVIEW,
sensor_data\main_data\pressure\T07\T07_0722.csv,timestamp,float64,0.0,5000,1690002000.0,KEEP candidate,
sensor_data\main_data\pressure\T07\T07_0722.csv,pressure_Pa,float64,4.04,3815,97754.876,UNKNOWN / NEEDS REVIEW,
sensor_data\main_data\pressure\T07\T07_0722.csv,elevation_m,float64,4.04,131,301.57,UNKNOWN / NEEDS REVIEW,
sensor_data\main_data\pressure\T07\T07_0723.csv,timestamp,float64,0.0,5000,1690088400.0,KEEP candidate,
sensor_data\main_data\pressure\T07\T07_0723.csv,pressure_Pa,float64,3.1,3839,97508.836,UNKNOWN / NEEDS REVIEW,
sensor_data\main_data\pressure\T07\T07_0723.csv,elevation_m,float64,3.1,126,322.68,UNKNOWN / NEEDS REVIEW,
sensor_data\main_data\pressure\T07\T07_0724.csv,timestamp,float64,0.0,5000,1690174800.0,KEEP candidate,
sensor_data\main_data\pressure\T07\T07_0724.csv,pressure_Pa,float64,4.0,4139,97842.181,UNKNOWN / NEEDS REVIEW,
sensor_data\main_data\pressure\T07\T07_0724.csv,elevation_m,float64,4.0,211,294.09,UNKNOWN / NEEDS REVIEW,
sensor_data\main_data\pressure\T07\T07_0725.csv,timestamp,float64,0.0,5000,1690261200.0,KEEP candidate,
sensor_data\main_data\pressure\T07\T07_0725.csv,pressure_Pa,float64,2.7,3505,98099.056,UNKNOWN / NEEDS REVIEW,
sensor_data\main_data\pressure\T07\T07_0725.csv,elevation_m,float64,2.7,104,272.11,UNKNOWN / NEEDS REVIEW,
sensor_data\main_data\pressure\T07\T07_0726.csv,timestamp,float64,0.0,5000,1690347600.0,KEEP candidate,
sensor_data\main_data\pressure\T07\T07_0726.csv,pressure_Pa,float64,4.02,3780,97663.152,UNKNOWN / NEEDS REVIEW,
sensor_data\main_data\pressure\T07\T07_0726.csv,elevation_m,float64,4.02,124,309.43,UNKNOWN / NEEDS REVIEW,
sensor_data\main_data\pressure\T07\T07_0727.csv,timestamp,float64,0.0,5000,1690434000.0,KEEP candidate,
sensor_data\main_data\pressure\T07\T07_0727.csv,pressure_Pa,float64,2.72,3294,97498.822,UNKNOWN / NEEDS REVIEW,
sensor_data\main_data\pressure\T07\T07_0727.csv,elevation_m,float64,2.72,73,323.54,UNKNOWN / NEEDS REVIEW,
sensor_data\main_data\pressure\T07\T07_0728.csv,timestamp,float64,0.0,5000,1690520400.0,KEEP candidate,
sensor_data\main_data\pressure\T07\T07_0728.csv,pressure_Pa,float64,4.02,4518,98028.116,UNKNOWN / NEEDS REVIEW,
sensor_data\main_data\pressure\T07\T07_0728.csv,elevation_m,float64,4.02,440,278.18,UNKNOWN / NEEDS REVIEW,
sensor_data\main_data\pressure\T07\T07_0729.csv,timestamp,float64,0.0,5000,1690606800.0,KEEP candidate,
sensor_data\main_data\pressure\T07\T07_0729.csv,pressure_Pa,float64,3.02,4127,97854.61,UNKNOWN / NEEDS REVIEW,
sensor_data\main_data\pressure\T07\T07_0729.csv,elevation_m,float64,3.02,179,293.02,UNKNOWN / NEEDS REVIEW,
sensor_data\main_data\pressure\T07\T07_0730.csv,timestamp,float64,0.0,5000,1690693200.0,KEEP candidate,
sensor_data\main_data\pressure\T07\T07_0730.csv,pressure_Pa,float64,4.3,3990,98208.407,UNKNOWN / NEEDS REVIEW,
sensor_data\main_data\pressure\T07\T07_0730.csv,elevation_m,float64,4.3,174,262.77,UNKNOWN / NEEDS REVIEW,
sensor_data\main_data\pressure\T07\T07_0731.csv,timestamp,float64,0.0,5000,1690779600.0,KEEP candidate,
sensor_data\main_data\pressure\T07\T07_0731.csv,pressure_Pa,float64,2.9,3428,98290.515,UNKNOWN / NEEDS REVIEW,
sensor_data\main_data\pressure\T07\T07_0731.csv,elevation_m,float64,2.9,113,255.76,UNKNOWN / NEEDS REVIEW,
sensor_data\main_data\pressure\T07\T07_0801.csv,timestamp,float64,0.0,5000,1690866000.0,KEEP candidate,
sensor_data\main_data\pressure\T07\T07_0801.csv,pressure_Pa,float64,4.46,3414,98414.664,UNKNOWN / NEEDS REVIEW,
sensor_data\main_data\pressure\T07\T07_0801.csv,elevation_m,float64,4.46,78,245.17,UNKNOWN / NEEDS REVIEW,
sensor_data\main_data\pressure\T07\T07_0802.csv,timestamp,float64,0.0,5000,1690952400.0,KEEP candidate,
sensor_data\main_data\pressure\T07\T07_0802.csv,pressure_Pa,float64,2.96,2764,98235.735,UNKNOWN / NEEDS REVIEW,
sensor_data\main_data\pressure\T07\T07_0802.csv,elevation_m,float64,2.96,59,260.44,UNKNOWN / NEEDS REVIEW,
sensor_data\main_data\pressure\T07\T07_0803.csv,timestamp,float64,0.0,5000,1691038800.0,KEEP candidate,
sensor_data\main_data\pressure\T07\T07_0803.csv,pressure_Pa,float64,2.86,3950,97918.093,UNKNOWN / NEEDS REVIEW,
sensor_data\main_data\pressure\T07\T07_0803.csv,elevation_m,float64,2.86,145,287.59,UNKNOWN / NEEDS REVIEW,
sensor_data\main_data\pressure\T07\T07_0804.csv,timestamp,float64,0.0,5000,1691125200.0,KEEP candidate,
sensor_data\main_data\pressure\T07\T07_0804.csv,pressure_Pa,float64,2.78,4262,97778.462,UNKNOWN / NEEDS REVIEW,
sensor_data\main_data\pressure\T07\T07_0804.csv,elevation_m,float64,2.78,193,299.55,UNKNOWN / NEEDS REVIEW,
sensor_data\main_data\pressure\T08\T08_0721.csv,timestamp,float64,0.0,5000,1689960602.0,KEEP candidate,
sensor_data\main_data\pressure\T08\T08_0721.csv,pressure_Pa,float64,2.66,3896,98035.37,UNKNOWN / NEEDS REVIEW,
sensor_data\main_data\pressure\T08\T08_0721.csv,elevation_m,float64,2.66,156,277.56,UNKNOWN / NEEDS REVIEW,
sensor_data\main_data\pressure\T08\T08_0722.csv,timestamp,float64,0.0,5000,1690002002.0,KEEP candidate,
sensor_data\main_data\pressure\T08\T08_0722.csv,pressure_Pa,float64,2.72,3543,97757.427,UNKNOWN / NEEDS REVIEW,
sensor_data\main_data\pressure\T08\T08_0722.csv,elevation_m,float64,2.72,81,301.35,UNKNOWN / NEEDS REVIEW,
sensor_data\main_data\pressure\T08\T08_0723.csv,timestamp,float64,0.0,5000,1690088400.0,KEEP candidate,
sensor_data\main_data\pressure\T08\T08_0723.csv,pressure_Pa,float64,3.06,4297,97518.327,UNKNOWN / NEEDS REVIEW,
sensor_data\main_data\pressure\T08\T08_0723.csv,elevation_m,float64,3.06,262,321.86,UNKNOWN / NEEDS REVIEW,
sensor_data\main_data\pressure\T08\T08_0724.csv,timestamp,float64,0.0,5000,1690174800.0,KEEP candidate,
sensor_data\main_data\pressure\T08\T08_0724.csv,pressure_Pa,float64,4.22,3796,97832.755,UNKNOWN / NEEDS REVIEW,
sensor_data\main_data\pressure\T08\T08_0724.csv,elevation_m,float64,4.22,139,294.9,UNKNOWN / NEEDS REVIEW,
sensor_data\main_data\pressure\T08\T08_0725.csv,timestamp,float64,0.0,5000,1690261200.0,KEEP candidate,
sensor_data\main_data\pressure\T08\T08_0725.csv,pressure_Pa,float64,2.78,3410,98094.262,UNKNOWN / NEEDS REVIEW,
sensor_data\main_data\pressure\T08\T08_0725.csv,elevation_m,float64,2.78,88,272.52,UNKNOWN / NEEDS REVIEW,
sensor_data\main_data\pressure\T08\T08_0726.csv,timestamp,float64,0.0,5000,1690347600.0,KEEP candidate,
sensor_data\main_data\pressure\T08\T08_0726.csv,pressure_Pa,float64,2.86,4301,97661.419,UNKNOWN / NEEDS REVIEW,
sensor_data\main_data\pressure\T08\T08_0726.csv,elevation_m,float64,2.86,228,309.58,UNKNOWN / NEEDS REVIEW,
sensor_data\main_data\pressure\T08\T08_0727.csv,timestamp,float64,0.0,5000,1690434000.0,KEEP candidate,
sensor_data\main_data\pressure\T08\T08_0727.csv,pressure_Pa,float64,2.58,3900,97501.555,UNKNOWN / NEEDS REVIEW,
sensor_data\main_data\pressure\T08\T08_0727.csv,elevation_m,float64,2.58,153,323.3,UNKNOWN / NEEDS REVIEW,
sensor_data\main_data\pressure\T08\T08_0728.csv,timestamp,float64,0.0,5000,1690520400.0,KEEP candidate,
sensor_data\main_data\pressure\T08\T08_0728.csv,pressure_Pa,float64,2.6,4514,98021.263,UNKNOWN / NEEDS REVIEW,
sensor_data\main_data\pressure\T08\T08_0728.csv,elevation_m,float64,2.6,408,278.76,UNKNOWN / NEEDS REVIEW,
sensor_data\main_data\pressure\T08\T08_0729.csv,timestamp,float64,0.0,5000,1690606800.0,KEEP candidate,
sensor_data\main_data\pressure\T08\T08_0729.csv,pressure_Pa,float64,2.64,4040,97843.279,UNKNOWN / NEEDS REVIEW,
sensor_data\main_data\pressure\T08\T08_0729.csv,elevation_m,float64,2.64,185,294.0,UNKNOWN / NEEDS REVIEW,
sensor_data\main_data\pressure\T08\T08_0730.csv,timestamp,float64,0.0,5000,1690693200.0,KEEP candidate,
sensor_data\main_data\pressure\T08\T08_0730.csv,pressure_Pa,float64,3.22,4262,98185.792,UNKNOWN / NEEDS REVIEW,
sensor_data\main_data\pressure\T08\T08_0730.csv,elevation_m,float64,3.22,239,264.7,UNKNOWN / NEEDS REVIEW,
sensor_data\main_data\pressure\T08\T08_0731.csv,timestamp,float64,0.0,5000,1690779600.0,KEEP candidate,
sensor_data\main_data\pressure\T08\T08_0731.csv,pressure_Pa,float64,2.9,3025,98282.529,UNKNOWN / NEEDS REVIEW,
sensor_data\main_data\pressure\T08\T08_0731.csv,elevation_m,float64,2.9,73,256.44,UNKNOWN / NEEDS REVIEW,
sensor_data\main_data\pressure\T08\T08_0801.csv,timestamp,float64,0.0,5000,1690866000.0,KEEP candidate,
sensor_data\main_data\pressure\T08\T08_0801.csv,pressure_Pa,float64,2.78,3501,98402.995,UNKNOWN / NEEDS REVIEW,
sensor_data\main_data\pressure\T08\T08_0801.csv,elevation_m,float64,2.78,106,246.17,UNKNOWN / NEEDS REVIEW,
sensor_data\main_data\pressure\T08\T08_0802.csv,timestamp,float64,0.0,5000,1690952400.0,KEEP candidate,
sensor_data\main_data\pressure\T08\T08_0802.csv,pressure_Pa,float64,3.06,3433,98225.084,UNKNOWN / NEEDS REVIEW,
sensor_data\main_data\pressure\T08\T08_0802.csv,elevation_m,float64,3.06,81,261.35,UNKNOWN / NEEDS REVIEW,
sensor_data\main_data\pressure\T08\T08_0803.csv,timestamp,float64,0.0,5000,1691038800.0,KEEP candidate,
sensor_data\main_data\pressure\T08\T08_0803.csv,pressure_Pa,float64,2.94,4218,97912.906,UNKNOWN / NEEDS REVIEW,
sensor_data\main_data\pressure\T08\T08_0803.csv,elevation_m,float64,2.94,241,288.03,UNKNOWN / NEEDS REVIEW,
sensor_data\main_data\pressure\T08\T08_0804.csv,timestamp,float64,0.0,5000,1691125200.0,KEEP candidate,
sensor_data\main_data\pressure\T08\T08_0804.csv,pressure_Pa,float64,4.02,4303,97771.625,UNKNOWN / NEEDS REVIEW,
sensor_data\main_data\pressure\T08\T08_0804.csv,elevation_m,float64,4.02,239,300.13,UNKNOWN / NEEDS REVIEW,
sensor_data\main_data\pressure\T09\T09_0721.csv,timestamp,float64,0.0,5000,1689960600.0,KEEP candidate,
sensor_data\main_data\pressure\T09\T09_0721.csv,pressure_Pa,float64,2.76,3921,98033.233,UNKNOWN / NEEDS REVIEW,
sensor_data\main_data\pressure\T09\T09_0721.csv,elevation_m,float64,2.76,139,277.74,UNKNOWN / NEEDS REVIEW,
sensor_data\main_data\pressure\T09\T09_0722.csv,timestamp,float64,0.0,5000,1690002000.0,KEEP candidate,
sensor_data\main_data\pressure\T09\T09_0722.csv,pressure_Pa,float64,2.94,3493,97753.511,UNKNOWN / NEEDS REVIEW,
sensor_data\main_data\pressure\T09\T09_0722.csv,elevation_m,float64,2.94,87,301.69,UNKNOWN / NEEDS REVIEW,
sensor_data\main_data\pressure\T09\T09_0723.csv,timestamp,float64,0.0,5000,1690088400.0,KEEP candidate,
sensor_data\main_data\pressure\T09\T09_0723.csv,pressure_Pa,float64,3.04,4171,97511.521,UNKNOWN / NEEDS REVIEW,
sensor_data\main_data\pressure\T09\T09_0723.csv,elevation_m,float64,3.04,242,322.45,UNKNOWN / NEEDS REVIEW,
sensor_data\main_data\pressure\T09\T09_0724.csv,timestamp,float64,0.0,5000,1690174800.0,KEEP candidate,
sensor_data\main_data\pressure\T09\T09_0724.csv,pressure_Pa,float64,4.18,3447,97834.771,UNKNOWN / NEEDS REVIEW,
sensor_data\main_data\pressure\T09\T09_0724.csv,elevation_m,float64,4.18,99,294.72,UNKNOWN / NEEDS REVIEW,
sensor_data\main_data\pressure\T09\T09_0725.csv,timestamp,float64,0.0,5000,1690261200.0,KEEP candidate,
sensor_data\main_data\pressure\T09\T09_0725.csv,pressure_Pa,float64,2.94,3625,98097.954,UNKNOWN / NEEDS REVIEW,
sensor_data\main_data\pressure\T09\T09_0725.csv,elevation_m,float64,2.94,102,272.21,UNKNOWN / NEEDS REVIEW,
sensor_data\main_data\pressure\T09\T09_0726.csv,timestamp,float64,0.0,5000,1690347600.0,KEEP candidate,
sensor_data\main_data\pressure\T09\T09_0726.csv,pressure_Pa,float64,2.7,4219,97662.013,UNKNOWN / NEEDS REVIEW,
sensor_data\main_data\pressure\T09\T09_0726.csv,elevation_m,float64,2.7,233,309.53,UNKNOWN / NEEDS REVIEW,
sensor_data\main_data\pressure\T09\T09_0727.csv,timestamp,float64,0.0,5000,1690434000.0,KEEP candidate,
sensor_data\main_data\pressure\T09\T09_0727.csv,pressure_Pa,float64,3.06,3120,97493.556,UNKNOWN / NEEDS REVIEW,
sensor_data\main_data\pressure\T09\T09_0727.csv,elevation_m,float64,3.06,77,323.99,UNKNOWN / NEEDS REVIEW,
sensor_data\main_data\pressure\T09\T09_0728.csv,timestamp,float64,0.0,5000,1690520400.0,KEEP candidate,
sensor_data\main_data\pressure\T09\T09_0728.csv,pressure_Pa,float64,2.66,4555,98016.45,UNKNOWN / NEEDS REVIEW,
sensor_data\main_data\pressure\T09\T09_0728.csv,elevation_m,float64,2.66,444,279.17,UNKNOWN / NEEDS REVIEW,
sensor_data\main_data\pressure\T09\T09_0729.csv,timestamp,float64,0.0,5000,1690606800.0,KEEP candidate,
sensor_data\main_data\pressure\T09\T09_0729.csv,pressure_Pa,float64,2.8,4155,97844.984,UNKNOWN / NEEDS REVIEW,
sensor_data\main_data\pressure\T09\T09_0729.csv,elevation_m,float64,2.8,214,293.85,UNKNOWN / NEEDS REVIEW,
sensor_data\main_data\pressure\T09\T09_0730.csv,timestamp,float64,0.0,5000,1690693200.0,KEEP candidate,
sensor_data\main_data\pressure\T09\T09_0730.csv,pressure_Pa,float64,2.84,4245,98190.863,UNKNOWN / NEEDS REVIEW,
sensor_data\main_data\pressure\T09\T09_0730.csv,elevation_m,float64,2.84,243,264.27,UNKNOWN / NEEDS REVIEW,
sensor_data\main_data\pressure\T09\T09_0731.csv,timestamp,float64,0.0,5000,1690779600.0,KEEP candidate,
sensor_data\main_data\pressure\T09\T09_0731.csv,pressure_Pa,float64,2.74,4282,98285.628,UNKNOWN / NEEDS REVIEW,
sensor_data\main_data\pressure\T09\T09_0731.csv,elevation_m,float64,2.74,247,256.18,UNKNOWN / NEEDS REVIEW,
sensor_data\main_data\pressure\T09\T09_0801.csv,timestamp,float64,0.0,5000,1690866000.0,KEEP candidate,
sensor_data\main_data\pressure\T09\T09_0801.csv,pressure_Pa,float64,2.88,3534,98414.265,UNKNOWN / NEEDS REVIEW,
sensor_data\main_data\pressure\T09\T09_0801.csv,elevation_m,float64,2.88,110,245.21,UNKNOWN / NEEDS REVIEW,
sensor_data\main_data\pressure\T09\T09_0802.csv,timestamp,float64,0.0,5000,1690952400.0,KEEP candidate,
sensor_data\main_data\pressure\T09\T09_0802.csv,pressure_Pa,float64,4.52,4026,98246.247,UNKNOWN / NEEDS REVIEW,
sensor_data\main_data\pressure\T09\T09_0802.csv,elevation_m,float64,4.52,168,259.54,UNKNOWN / NEEDS REVIEW,
sensor_data\main_data\pressure\T09\T09_0803.csv,timestamp,float64,0.0,5000,1691038800.0,KEEP candidate,
sensor_data\main_data\pressure\T09\T09_0803.csv,pressure_Pa,float64,2.46,3746,97915.527,UNKNOWN / NEEDS REVIEW,
sensor_data\main_data\pressure\T09\T09_0803.csv,elevation_m,float64,2.46,120,287.81,UNKNOWN / NEEDS REVIEW,
sensor_data\main_data\pressure\T09\T09_0804.csv,timestamp,float64,0.0,5000,1691125200.0,KEEP candidate,
sensor_data\main_data\pressure\T09\T09_0804.csv,pressure_Pa,float64,3.94,4237,97776.567,UNKNOWN / NEEDS REVIEW,
sensor_data\main_data\pressure\T09\T09_0804.csv,elevation_m,float64,3.94,213,299.71,UNKNOWN / NEEDS REVIEW,
sensor_data\main_data\pressure\T10\T10_0721.csv,timestamp,float64,0.0,5000,1689960603.0,KEEP candidate,
sensor_data\main_data\pressure\T10\T10_0721.csv,pressure_Pa,float64,2.86,3694,98031.849,UNKNOWN / NEEDS REVIEW,
sensor_data\main_data\pressure\T10\T10_0721.csv,elevation_m,float64,2.86,317,277.86,UNKNOWN / NEEDS REVIEW,
sensor_data\main_data\pressure\T10\T10_0722.csv,timestamp,float64,0.0,5000,1690002000.0,KEEP candidate,
sensor_data\main_data\pressure\T10\T10_0722.csv,pressure_Pa,float64,3.94,4005,97734.494,UNKNOWN / NEEDS REVIEW,
sensor_data\main_data\pressure\T10\T10_0722.csv,elevation_m,float64,3.94,184,303.32,UNKNOWN / NEEDS REVIEW,
sensor_data\main_data\pressure\T10\T10_0723.csv,timestamp,float64,0.0,5000,1690088400.0,KEEP candidate,
sensor_data\main_data\pressure\T10\T10_0723.csv,pressure_Pa,float64,2.86,4333,97511.456,UNKNOWN / NEEDS REVIEW,
sensor_data\main_data\pressure\T10\T10_0723.csv,elevation_m,float64,2.86,247,322.45,UNKNOWN / NEEDS REVIEW,
sensor_data\main_data\pressure\T10\T10_0724.csv,timestamp,float64,0.0,5000,1690174800.0,KEEP candidate,
sensor_data\main_data\pressure\T10\T10_0724.csv,pressure_Pa,float64,2.8,3294,97812.898,UNKNOWN / NEEDS REVIEW,
sensor_data\main_data\pressure\T10\T10_0724.csv,elevation_m,float64,2.8,94,296.6,UNKNOWN / NEEDS REVIEW,
sensor_data\main_data\pressure\T10\T10_0725.csv,timestamp,float64,0.0,5000,1690261200.0,KEEP candidate,
sensor_data\main_data\pressure\T10\T10_0725.csv,pressure_Pa,float64,2.8,3136,98081.163,UNKNOWN / NEEDS REVIEW,
sensor_data\main_data\pressure\T10\T10_0725.csv,elevation_m,float64,2.8,61,273.64,UNKNOWN / NEEDS REVIEW,
sensor_data\main_data\pressure\T10\T10_0726.csv,timestamp,float64,0.0,5000,1690347601.0,KEEP candidate,
sensor_data\main_data\pressure\T10\T10_0726.csv,pressure_Pa,float64,2.76,4097,97641.686,UNKNOWN / NEEDS REVIEW,
sensor_data\main_data\pressure\T10\T10_0726.csv,elevation_m,float64,2.76,185,311.28,UNKNOWN / NEEDS REVIEW,
sensor_data\main_data\pressure\T10\T10_0727.csv,timestamp,float64,0.0,5000,1690434000.0,KEEP candidate,
sensor_data\main_data\pressure\T10\T10_0727.csv,pressure_Pa,float64,4.48,2459,97477.523,UNKNOWN / NEEDS REVIEW,
sensor_data\main_data\pressure\T10\T10_0727.csv,elevation_m,float64,4.48,45,325.37,UNKNOWN / NEEDS REVIEW,
sensor_data\main_data\pressure\T10\T10_0728.csv,timestamp,float64,0.0,5000,1690520400.0,KEEP candidate,
sensor_data\main_data\pressure\T10\T10_0728.csv,pressure_Pa,float64,2.7,4506,98000.864,UNKNOWN / NEEDS REVIEW,
sensor_data\main_data\pressure\T10\T10_0728.csv,elevation_m,float64,2.7,412,280.51,UNKNOWN / NEEDS REVIEW,
sensor_data\main_data\pressure\T10\T10_0729.csv,timestamp,float64,0.0,5000,1690606800.0,KEEP candidate,
sensor_data\main_data\pressure\T10\T10_0729.csv,pressure_Pa,float64,4.14,3800,97832.897,UNKNOWN / NEEDS REVIEW,
sensor_data\main_data\pressure\T10\T10_0729.csv,elevation_m,float64,4.14,172,294.88,UNKNOWN / NEEDS REVIEW,
sensor_data\main_data\pressure\T10\T10_0730.csv,timestamp,float64,0.0,5000,1690693200.0,KEEP candidate,
sensor_data\main_data\pressure\T10\T10_0730.csv,pressure_Pa,float64,2.76,3146,98171.965,UNKNOWN / NEEDS REVIEW,
sensor_data\main_data\pressure\T10\T10_0730.csv,elevation_m,float64,2.76,85,265.88,UNKNOWN / NEEDS REVIEW,
sensor_data\main_data\pressure\T10\T10_0731.csv,timestamp,float64,0.0,5000,1690779600.0,KEEP candidate,
sensor_data\main_data\pressure\T10\T10_0731.csv,pressure_Pa,float64,2.72,3656,98261.439,UNKNOWN / NEEDS REVIEW,
sensor_data\main_data\pressure\T10\T10_0731.csv,elevation_m,float64,2.72,117,258.24,UNKNOWN / NEEDS REVIEW,
sensor_data\main_data\pressure\T10\T10_0801.csv,timestamp,float64,0.0,5000,1690866000.0,KEEP candidate,
sensor_data\main_data\pressure\T10\T10_0801.csv,pressure_Pa,float64,3.08,3261,98389.37,UNKNOWN / NEEDS REVIEW,
sensor_data\main_data\pressure\T10\T10_0801.csv,elevation_m,float64,3.08,74,247.33,UNKNOWN / NEEDS REVIEW,
sensor_data\main_data\pressure\T10\T10_0802.csv,timestamp,float64,0.0,5000,1690952400.0,KEEP candidate,
sensor_data\main_data\pressure\T10\T10_0802.csv,pressure_Pa,float64,2.72,2696,98211.286,UNKNOWN / NEEDS REVIEW,
sensor_data\main_data\pressure\T10\T10_0802.csv,elevation_m,float64,2.72,79,262.52,UNKNOWN / NEEDS REVIEW,
sensor_data\main_data\pressure\T10\T10_0803.csv,timestamp,float64,0.0,5000,1691038800.0,KEEP candidate,
sensor_data\main_data\pressure\T10\T10_0803.csv,pressure_Pa,float64,4.44,4043,97901.7,UNKNOWN / NEEDS REVIEW,
sensor_data\main_data\pressure\T10\T10_0803.csv,elevation_m,float64,4.44,171,288.99,UNKNOWN / NEEDS REVIEW,
sensor_data\main_data\pressure\T10\T10_0804.csv,timestamp,float64,0.0,5000,1691125200.0,KEEP candidate,
sensor_data\main_data\pressure\T10\T10_0804.csv,pressure_Pa,float64,3.0,4238,97759.123,UNKNOWN / NEEDS REVIEW,
sensor_data\main_data\pressure\T10\T10_0804.csv,elevation_m,float64,3.0,242,301.21,UNKNOWN / NEEDS REVIEW,
sensor_data\main_data\pressure\T13\T13_0721.csv,timestamp,float64,0.0,5000,1689985812.0,KEEP candidate,
sensor_data\main_data\pressure\T13\T13_0721.csv,pressure_Pa,float64,2.74,3464,97757.811,UNKNOWN / NEEDS REVIEW,
sensor_data\main_data\pressure\T13\T13_0721.csv,elevation_m,float64,2.74,76,301.32,UNKNOWN / NEEDS REVIEW,
sensor_data\main_data\pressure\T13\T13_0722.csv,timestamp,float64,0.0,5000,1690002000.0,KEEP candidate,
sensor_data\main_data\pressure\T13\T13_0722.csv,pressure_Pa,float64,2.94,3509,97755.616,UNKNOWN / NEEDS REVIEW,
sensor_data\main_data\pressure\T13\T13_0722.csv,elevation_m,float64,2.94,76,301.51,UNKNOWN / NEEDS REVIEW,
sensor_data\main_data\pressure\T13\T13_0723.csv,timestamp,float64,0.0,5000,1690088400.0,KEEP candidate,
sensor_data\main_data\pressure\T13\T13_0723.csv,pressure_Pa,float64,2.7,3855,97419.028,UNKNOWN / NEEDS REVIEW,
sensor_data\main_data\pressure\T13\T13_0723.csv,elevation_m,float64,2.7,132,330.4,UNKNOWN / NEEDS REVIEW,
sensor_data\main_data\pressure\T13\T13_0724.csv,timestamp,float64,0.0,5000,1690174800.0,KEEP candidate,
sensor_data\main_data\pressure\T13\T13_0724.csv,pressure_Pa,float64,2.88,2825,97841.383,UNKNOWN / NEEDS REVIEW,
sensor_data\main_data\pressure\T13\T13_0724.csv,elevation_m,float64,2.88,53,294.16,UNKNOWN / NEEDS REVIEW,
sensor_data\main_data\pressure\T13\T13_0725.csv,timestamp,float64,0.0,5000,1690261200.0,KEEP candidate,
sensor_data\main_data\pressure\T13\T13_0725.csv,pressure_Pa,float64,2.76,3127,98109.293,UNKNOWN / NEEDS REVIEW,
sensor_data\main_data\pressure\T13\T13_0725.csv,elevation_m,float64,2.76,59,271.24,UNKNOWN / NEEDS REVIEW,
sensor_data\main_data\pressure\T13\T13_0726.csv,timestamp,float64,0.0,5000,1690347600.0,KEEP candidate,
sensor_data\main_data\pressure\T13\T13_0726.csv,pressure_Pa,float64,4.26,3712,97669.489,UNKNOWN / NEEDS REVIEW,
sensor_data\main_data\pressure\T13\T13_0726.csv,elevation_m,float64,4.26,122,308.89,UNKNOWN / NEEDS REVIEW,
sensor_data\main_data\pressure\T13\T13_0727.csv,timestamp,float64,0.0,5000,1690434000.0,KEEP candidate,
sensor_data\main_data\pressure\T13\T13_0727.csv,pressure_Pa,float64,3.0,2335,97504.058,UNKNOWN / NEEDS REVIEW,
sensor_data\main_data\pressure\T13\T13_0727.csv,elevation_m,float64,3.0,44,323.09,UNKNOWN / NEEDS REVIEW,
sensor_data\main_data\pressure\T13\T13_0728.csv,timestamp,float64,0.0,5000,1690520400.0,KEEP candidate,
sensor_data\main_data\pressure\T13\T13_0728.csv,pressure_Pa,float64,3.96,4510,98033.181,UNKNOWN / NEEDS REVIEW,
sensor_data\main_data\pressure\T13\T13_0728.csv,elevation_m,float64,3.96,472,277.74,UNKNOWN / NEEDS REVIEW,
sensor_data\main_data\pressure\T13\T13_0729.csv,timestamp,float64,0.0,5000,1690606800.0,KEEP candidate,
sensor_data\main_data\pressure\T13\T13_0729.csv,pressure_Pa,float64,2.86,3747,97854.994,UNKNOWN / NEEDS REVIEW,
sensor_data\main_data\pressure\T13\T13_0729.csv,elevation_m,float64,2.86,122,292.99,UNKNOWN / NEEDS REVIEW,
sensor_data\main_data\pressure\T13\T13_0730.csv,timestamp,float64,0.0,5000,1690693200.0,KEEP candidate,
sensor_data\main_data\pressure\T13\T13_0730.csv,pressure_Pa,float64,2.84,3124,98202.735,UNKNOWN / NEEDS REVIEW,
sensor_data\main_data\pressure\T13\T13_0730.csv,elevation_m,float64,2.84,71,263.25,UNKNOWN / NEEDS REVIEW,
sensor_data\main_data\pressure\T13\T13_0731.csv,timestamp,float64,0.0,5000,1690779600.0,KEEP candidate,
sensor_data\main_data\pressure\T13\T13_0731.csv,pressure_Pa,float64,2.46,3021,98296.193,UNKNOWN / NEEDS REVIEW,
sensor_data\main_data\pressure\T13\T13_0731.csv,elevation_m,float64,2.46,73,255.28,UNKNOWN / NEEDS REVIEW,
sensor_data\main_data\pressure\T13\T13_0801.csv,timestamp,float64,0.0,5000,1690866000.0,KEEP candidate,
sensor_data\main_data\pressure\T13\T13_0801.csv,pressure_Pa,float64,2.8,3325,98421.309,UNKNOWN / NEEDS REVIEW,
sensor_data\main_data\pressure\T13\T13_0801.csv,elevation_m,float64,2.8,74,244.61,UNKNOWN / NEEDS REVIEW,
sensor_data\main_data\pressure\T13\T13_0802.csv,timestamp,float64,0.0,5000,1690952400.0,KEEP candidate,
sensor_data\main_data\pressure\T13\T13_0802.csv,pressure_Pa,float64,4.74,2542,98242.334,UNKNOWN / NEEDS REVIEW,
sensor_data\main_data\pressure\T13\T13_0802.csv,elevation_m,float64,4.74,48,259.87,UNKNOWN / NEEDS REVIEW,
sensor_data\main_data\pressure\T13\T13_0803.csv,timestamp,float64,0.0,5000,1691038800.0,KEEP candidate,
sensor_data\main_data\pressure\T13\T13_0803.csv,pressure_Pa,float64,2.68,3732,97927.898,UNKNOWN / NEEDS REVIEW,
sensor_data\main_data\pressure\T13\T13_0803.csv,elevation_m,float64,2.68,112,286.75,UNKNOWN / NEEDS REVIEW,
sensor_data\main_data\pressure\T13\T13_0804.csv,timestamp,float64,0.0,5000,1691125200.0,KEEP candidate,
sensor_data\main_data\pressure\T13\T13_0804.csv,pressure_Pa,float64,4.0,4233,97786.649,UNKNOWN / NEEDS REVIEW,
sensor_data\main_data\pressure\T13\T13_0804.csv,elevation_m,float64,4.0,202,298.85,UNKNOWN / NEEDS REVIEW,
sensor_data\main_data\pressure\T14\T14_0721.csv,timestamp,float64,0.0,5000,1689962401.0,KEEP candidate,
sensor_data\main_data\pressure\T14\T14_0721.csv,pressure_Pa,float64,2.86,3825,97999.885,UNKNOWN / NEEDS REVIEW,
sensor_data\main_data\pressure\T14\T14_0721.csv,elevation_m,float64,2.86,119,280.59,UNKNOWN / NEEDS REVIEW,
sensor_data\main_data\pressure\T14\T14_0722.csv,timestamp,float64,0.0,5000,1690002000.0,KEEP candidate,
sensor_data\main_data\pressure\T14\T14_0722.csv,pressure_Pa,float64,2.84,3294,97754.131,UNKNOWN / NEEDS REVIEW,
sensor_data\main_data\pressure\T14\T14_0722.csv,elevation_m,float64,2.84,73,301.63,UNKNOWN / NEEDS REVIEW,
sensor_data\main_data\pressure\T14\T14_0723.csv,timestamp,float64,0.0,5000,1690088400.0,KEEP candidate,
sensor_data\main_data\pressure\T14\T14_0723.csv,pressure_Pa,float64,2.92,3828,97513.901,UNKNOWN / NEEDS REVIEW,
sensor_data\main_data\pressure\T14\T14_0723.csv,elevation_m,float64,2.92,134,322.24,UNKNOWN / NEEDS REVIEW,
sensor_data\main_data\pressure\T14\T14_0724.csv,timestamp,float64,0.0,5000,1690174800.0,KEEP candidate,
sensor_data\main_data\pressure\T14\T14_0724.csv,pressure_Pa,float64,3.84,2378,97832.377,UNKNOWN / NEEDS REVIEW,
sensor_data\main_data\pressure\T14\T14_0724.csv,elevation_m,float64,3.84,41,294.93,UNKNOWN / NEEDS REVIEW,
sensor_data\main_data\pressure\T14\T14_0725.csv,timestamp,float64,0.0,5000,1690261200.0,KEEP candidate,
sensor_data\main_data\pressure\T14\T14_0725.csv,pressure_Pa,float64,2.78,3170,98100.876,UNKNOWN / NEEDS REVIEW,
sensor_data\main_data\pressure\T14\T14_0725.csv,elevation_m,float64,2.78,60,271.96,UNKNOWN / NEEDS REVIEW,
sensor_data\main_data\pressure\T14\T14_0726.csv,timestamp,float64,0.0,5000,1690347600.0,KEEP candidate,
sensor_data\main_data\pressure\T14\T14_0726.csv,pressure_Pa,float64,2.92,3840,97663.66,UNKNOWN / NEEDS REVIEW,
sensor_data\main_data\pressure\T14\T14_0726.csv,elevation_m,float64,2.92,117,309.39,UNKNOWN / NEEDS REVIEW,
sensor_data\main_data\pressure\T14\T14_0727.csv,timestamp,float64,0.0,5000,1690434000.0,KEEP candidate,
sensor_data\main_data\pressure\T14\T14_0727.csv,pressure_Pa,float64,4.0,1992,97503.816,UNKNOWN / NEEDS REVIEW,
sensor_data\main_data\pressure\T14\T14_0727.csv,elevation_m,float64,4.0,34,323.11,UNKNOWN / NEEDS REVIEW,
sensor_data\main_data\pressure\T14\T14_0728.csv,timestamp,float64,0.0,5000,1690520400.0,KEEP candidate,
sensor_data\main_data\pressure\T14\T14_0728.csv,pressure_Pa,float64,3.1,4526,98023.945,UNKNOWN / NEEDS REVIEW,
sensor_data\main_data\pressure\T14\T14_0728.csv,elevation_m,float64,3.1,413,278.53,UNKNOWN / NEEDS REVIEW,
sensor_data\main_data\pressure\T14\T14_0729.csv,timestamp,float64,0.0,5000,1690606800.0,KEEP candidate,
sensor_data\main_data\pressure\T14\T14_0729.csv,pressure_Pa,float64,4.02,3612,97850.621,UNKNOWN / NEEDS REVIEW,
sensor_data\main_data\pressure\T14\T14_0729.csv,elevation_m,float64,4.02,118,293.37,UNKNOWN / NEEDS REVIEW,
sensor_data\main_data\pressure\T14\T14_0730.csv,timestamp,float64,0.0,5000,1690693200.0,KEEP candidate,
sensor_data\main_data\pressure\T14\T14_0730.csv,pressure_Pa,float64,2.72,2991,98196.374,UNKNOWN / NEEDS REVIEW,
sensor_data\main_data\pressure\T14\T14_0730.csv,elevation_m,float64,2.72,63,263.8,UNKNOWN / NEEDS REVIEW,
sensor_data\main_data\pressure\T14\T14_0731.csv,timestamp,float64,0.0,5000,1690779600.0,KEEP candidate,
sensor_data\main_data\pressure\T14\T14_0731.csv,pressure_Pa,float64,2.82,3250,98291.137,UNKNOWN / NEEDS REVIEW,
sensor_data\main_data\pressure\T14\T14_0731.csv,elevation_m,float64,2.82,72,255.71,UNKNOWN / NEEDS REVIEW,
sensor_data\main_data\pressure\T14\T14_0801.csv,timestamp,float64,0.0,5000,1690866000.0,KEEP candidate,
sensor_data\main_data\pressure\T14\T14_0801.csv,pressure_Pa,float64,3.96,3113,98418.475,UNKNOWN / NEEDS REVIEW,
sensor_data\main_data\pressure\T14\T14_0801.csv,elevation_m,float64,3.96,68,244.85,UNKNOWN / NEEDS REVIEW,
sensor_data\main_data\pressure\T14\T14_0802.csv,timestamp,float64,0.0,5000,1690952400.0,KEEP candidate,
sensor_data\main_data\pressure\T14\T14_0802.csv,pressure_Pa,float64,2.8,2346,98238.674,UNKNOWN / NEEDS REVIEW,
sensor_data\main_data\pressure\T14\T14_0802.csv,elevation_m,float64,2.8,47,260.19,UNKNOWN / NEEDS REVIEW,
sensor_data\main_data\pressure\T14\T14_0803.csv,timestamp,float64,0.0,5000,1691038800.0,KEEP candidate,
sensor_data\main_data\pressure\T14\T14_0803.csv,pressure_Pa,float64,2.96,3445,97922.319,UNKNOWN / NEEDS REVIEW,
sensor_data\main_data\pressure\T14\T14_0803.csv,elevation_m,float64,2.96,107,287.23,UNKNOWN / NEEDS REVIEW,
sensor_data\main_data\pressure\T14\T14_0804.csv,timestamp,float64,0.0,5000,1691125200.0,KEEP candidate,
sensor_data\main_data\pressure\T14\T14_0804.csv,pressure_Pa,float64,4.1,4196,97783.231,UNKNOWN / NEEDS REVIEW,
sensor_data\main_data\pressure\T14\T14_0804.csv,elevation_m,float64,4.1,202,299.14,UNKNOWN / NEEDS REVIEW,
sensor_data\main_data\thi\average.csv,timestamp,float64,0.0,5000,1689960600.0,KEEP candidate,
sensor_data\main_data\thi\average.csv,temperature_F,float64,0.0,1123,25.8,KEEP candidate,
sensor_data\main_data\thi\average.csv,humidity_per,float64,0.0,2837,50.62,IDENTIFIER,
sensor_data\main_data\thi\average.csv,THI,float64,0.0,1453,73.1,UNKNOWN / NEEDS REVIEW,
sensor_data\main_data\thi\S01.csv,timestamp,float64,0.0,5000,1689960600.0,KEEP candidate,
sensor_data\main_data\thi\S01.csv,temperature_C,float64,0.0,500,25.744,KEEP candidate,
sensor_data\main_data\thi\S01.csv,humidity_per,float64,0.0,4432,51.772,IDENTIFIER,
sensor_data\main_data\thi\S01.csv,THI,float64,0.0,4003,73.156,UNKNOWN / NEEDS REVIEW,
sensor_data\main_data\thi\S02.csv,timestamp,float64,0.0,5000,1689960600.0,KEEP candidate,
sensor_data\main_data\thi\S02.csv,temperature_C,float64,0.0,500,25.234,KEEP candidate,
sensor_data\main_data\thi\S02.csv,humidity_per,float64,0.0,4493,49.891,IDENTIFIER,
sensor_data\main_data\thi\S02.csv,THI,float64,0.0,3980,72.289,UNKNOWN / NEEDS REVIEW,
sensor_data\main_data\thi\S03.csv,timestamp,float64,0.0,5000,1689960600.0,KEEP candidate,
sensor_data\main_data\thi\S03.csv,temperature_C,float64,0.0,503,26.036,KEEP candidate,
sensor_data\main_data\thi\S03.csv,humidity_per,float64,0.0,4358,49.612,IDENTIFIER,
sensor_data\main_data\thi\S03.csv,THI,float64,0.0,3937,73.304,UNKNOWN / NEEDS REVIEW,
sensor_data\main_data\thi\S04.csv,timestamp,float64,0.0,5000,1689960600.0,KEEP candidate,
sensor_data\main_data\thi\S04.csv,temperature_C,float64,0.0,496,25.963,KEEP candidate,
sensor_data\main_data\thi\S04.csv,humidity_per,float64,0.0,4472,51.039,IDENTIFIER,
sensor_data\main_data\thi\S04.csv,THI,float64,0.0,3982,73.365,UNKNOWN / NEEDS REVIEW,
sensor_data\main_data\thi\S05.csv,timestamp,int64,0.0,5000,1689980460,KEEP candidate,
sensor_data\main_data\thi\S05.csv,temperature_C,float64,0.0,516,22.537,KEEP candidate,
sensor_data\main_data\thi\S05.csv,humidity_per,float64,0.0,3673,55.59,IDENTIFIER,
sensor_data\main_data\thi\S05.csv,THI,float64,0.0,3382,69.204,UNKNOWN / NEEDS REVIEW,
sensor_data\main_data\thi\S06.csv,timestamp,float64,0.0,5000,1689960600.0,KEEP candidate,
sensor_data\main_data\thi\S06.csv,temperature_C,float64,0.0,512,26.012,KEEP candidate,
sensor_data\main_data\thi\S06.csv,humidity_per,float64,0.0,4219,50.79,IDENTIFIER,
sensor_data\main_data\thi\S06.csv,THI,float64,0.0,3842,73.403,UNKNOWN / NEEDS REVIEW,
sensor_data\main_data\uwb\T01\T01_0721.csv,timestamp,float64,0.0,2754,1689960611.0,KEEP candidate,
sensor_data\main_data\uwb\T01\T01_0721.csv,coord_x_cm,float64,4.87,1856,119.2,UNKNOWN / NEEDS REVIEW,
sensor_data\main_data\uwb\T01\T01_0721.csv,coord_y_cm,float64,4.87,1566,49.6,UNKNOWN / NEEDS REVIEW,
sensor_data\main_data\uwb\T01\T01_0721.csv,coord_z_cm,float64,4.87,925,117.8,UNKNOWN / NEEDS REVIEW,
sensor_data\main_data\uwb\T01\T01_0722.csv,timestamp,float64,0.0,5000,1690002011.0,KEEP candidate,
sensor_data\main_data\uwb\T01\T01_0722.csv,coord_x_cm,float64,5.68,3257,-887.8,UNKNOWN / NEEDS REVIEW,
sensor_data\main_data\uwb\T01\T01_0722.csv,coord_y_cm,float64,5.68,2538,-82.0,UNKNOWN / NEEDS REVIEW,
sensor_data\main_data\uwb\T01\T01_0722.csv,coord_z_cm,float64,5.68,1108,140.7,UNKNOWN / NEEDS REVIEW,
sensor_data\main_data\uwb\T01\T01_0723.csv,timestamp,float64,0.0,5000,1690088411.0,KEEP candidate,
sensor_data\main_data\uwb\T01\T01_0723.csv,coord_x_cm,float64,5.24,2903,412.3,UNKNOWN / NEEDS REVIEW,
sensor_data\main_data\uwb\T01\T01_0723.csv,coord_y_cm,float64,5.24,2141,-65.1,UNKNOWN / NEEDS REVIEW,
sensor_data\main_data\uwb\T01\T01_0723.csv,coord_z_cm,float64,5.24,1074,114.8,UNKNOWN / NEEDS REVIEW,
sensor_data\main_data\uwb\T01\T01_0724.csv,timestamp,float64,0.0,5000,1690174811.0,KEEP candidate,
sensor_data\main_data\uwb\T01\T01_0724.csv,coord_x_cm,float64,5.56,3156,512.6,UNKNOWN / NEEDS REVIEW,
sensor_data\main_data\uwb\T01\T01_0724.csv,coord_y_cm,float64,5.56,2529,-33.5,UNKNOWN / NEEDS REVIEW,
sensor_data\main_data\uwb\T01\T01_0724.csv,coord_z_cm,float64,5.56,1191,89.4,UNKNOWN / NEEDS REVIEW,
sensor_data\main_data\uwb\T01\T01_0725.csv,timestamp,float64,0.0,5000,1690261211.0,KEEP candidate,
sensor_data\main_data\uwb\T01\T01_0725.csv,coord_x_cm,float64,5.48,3136,-397.6,UNKNOWN / NEEDS REVIEW,
sensor_data\main_data\uwb\T01\T01_0725.csv,coord_y_cm,float64,5.48,2019,-1.0,UNKNOWN / NEEDS REVIEW,
sensor_data\main_data\uwb\T01\T01_0725.csv,coord_z_cm,float64,5.48,1080,48.9,UNKNOWN / NEEDS REVIEW,
sensor_data\main_data\uwb\T01\T01_0726.csv,timestamp,float64,0.0,5000,1690347611.0,KEEP candidate,
sensor_data\main_data\uwb\T01\T01_0726.csv,coord_x_cm,float64,6.34,2630,-11.6,UNKNOWN / NEEDS REVIEW,
sensor_data\main_data\uwb\T01\T01_0726.csv,coord_y_cm,float64,6.34,2184,-55.5,UNKNOWN / NEEDS REVIEW,
sensor_data\main_data\uwb\T01\T01_0726.csv,coord_z_cm,float64,6.34,1049,86.2,UNKNOWN / NEEDS REVIEW,
sensor_data\main_data\uwb\T01\T01_0727.csv,timestamp,float64,0.0,5000,1690434011.0,KEEP candidate,
sensor_data\main_data\uwb\T01\T01_0727.csv,coord_x_cm,float64,5.22,3134,498.7,UNKNOWN / NEEDS REVIEW,
sensor_data\main_data\uwb\T01\T01_0727.csv,coord_y_cm,float64,5.22,2631,-33.3,UNKNOWN / NEEDS REVIEW,
sensor_data\main_data\uwb\T01\T01_0727.csv,coord_z_cm,float64,5.22,1145,93.9,UNKNOWN / NEEDS REVIEW,
sensor_data\main_data\uwb\T01\T01_0728.csv,timestamp,float64,0.0,5000,1690520411.0,KEEP candidate,
sensor_data\main_data\uwb\T01\T01_0728.csv,coord_x_cm,float64,5.64,2981,364.1,UNKNOWN / NEEDS REVIEW,
sensor_data\main_data\uwb\T01\T01_0728.csv,coord_y_cm,float64,5.64,2083,-724.3,UNKNOWN / NEEDS REVIEW,
sensor_data\main_data\uwb\T01\T01_0728.csv,coord_z_cm,float64,5.64,1005,80.4,UNKNOWN / NEEDS REVIEW,
sensor_data\main_data\uwb\T01\T01_0729.csv,timestamp,float64,0.0,5000,1690606811.0,KEEP candidate,
sensor_data\main_data\uwb\T01\T01_0729.csv,coord_x_cm,float64,6.8,2997,49.2,UNKNOWN / NEEDS REVIEW,
sensor_data\main_data\uwb\T01\T01_0729.csv,coord_y_cm,float64,6.8,2149,54.3,UNKNOWN / NEEDS REVIEW,
sensor_data\main_data\uwb\T01\T01_0729.csv,coord_z_cm,float64,6.8,1061,96.2,UNKNOWN / NEEDS REVIEW,
sensor_data\main_data\uwb\T01\T01_0730.csv,timestamp,float64,0.0,5000,1690693211.0,KEEP candidate,
sensor_data\main_data\uwb\T01\T01_0730.csv,coord_x_cm,float64,5.5,2779,490.1,UNKNOWN / NEEDS REVIEW,
sensor_data\main_data\uwb\T01\T01_0730.csv,coord_y_cm,float64,5.5,2226,-2.8,UNKNOWN / NEEDS REVIEW,
sensor_data\main_data\uwb\T01\T01_0730.csv,coord_z_cm,float64,5.5,1103,96.0,UNKNOWN / NEEDS REVIEW,
sensor_data\main_data\uwb\T01\T01_0731.csv,timestamp,float64,0.0,5000,1690779611.0,KEEP candidate,
sensor_data\main_data\uwb\T01\T01_0731.csv,coord_x_cm,float64,5.0,3192,488.8,UNKNOWN / NEEDS REVIEW,
sensor_data\main_data\uwb\T01\T01_0731.csv,coord_y_cm,float64,5.0,2320,-31.5,UNKNOWN / NEEDS REVIEW,
sensor_data\main_data\uwb\T01\T01_0731.csv,coord_z_cm,float64,5.0,1097,85.2,UNKNOWN / NEEDS REVIEW,
sensor_data\main_data\uwb\T01\T01_0801.csv,timestamp,float64,0.0,5000,1690866011.0,KEEP candidate,
sensor_data\main_data\uwb\T01\T01_0801.csv,coord_x_cm,float64,5.26,2996,624.3,UNKNOWN / NEEDS REVIEW,
sensor_data\main_data\uwb\T01\T01_0801.csv,coord_y_cm,float64,5.26,2291,219.5,UNKNOWN / NEEDS REVIEW,
sensor_data\main_data\uwb\T01\T01_0801.csv,coord_z_cm,float64,5.26,1080,124.9,UNKNOWN / NEEDS REVIEW,
sensor_data\main_data\uwb\T01\T01_0802.csv,timestamp,float64,0.0,5000,1690952411.0,KEEP candidate,
sensor_data\main_data\uwb\T01\T01_0802.csv,coord_x_cm,float64,4.88,3154,393.9,UNKNOWN / NEEDS REVIEW,
sensor_data\main_data\uwb\T01\T01_0802.csv,coord_y_cm,float64,4.88,2784,-9.4,UNKNOWN / NEEDS REVIEW,
sensor_data\main_data\uwb\T01\T01_0802.csv,coord_z_cm,float64,4.88,1157,91.9,UNKNOWN / NEEDS REVIEW,
sensor_data\main_data\uwb\T01\T01_0803.csv,timestamp,float64,0.0,5000,1691038811.0,KEEP candidate,
sensor_data\main_data\uwb\T01\T01_0803.csv,coord_x_cm,float64,5.32,2573,0.9,UNKNOWN / NEEDS REVIEW,
sensor_data\main_data\uwb\T01\T01_0803.csv,coord_y_cm,float64,5.32,2311,-27.2,UNKNOWN / NEEDS REVIEW,
sensor_data\main_data\uwb\T01\T01_0803.csv,coord_z_cm,float64,5.32,975,104.5,UNKNOWN / NEEDS REVIEW,
sensor_data\main_data\uwb\T01\T01_0804.csv,timestamp,float64,0.0,1674,1691125211.0,KEEP candidate,
sensor_data\main_data\uwb\T01\T01_0804.csv,coord_x_cm,float64,7.89,1187,13.9,UNKNOWN / NEEDS REVIEW,
sensor_data\main_data\uwb\T01\T01_0804.csv,coord_y_cm,float64,7.89,933,33.9,UNKNOWN / NEEDS REVIEW,
sensor_data\main_data\uwb\T01\T01_0804.csv,coord_z_cm,float64,7.89,583,107.3,UNKNOWN / NEEDS REVIEW,
sensor_data\main_data\uwb\T02\T02_0721.csv,timestamp,float64,0.0,2753,1689960611.0,KEEP candidate,
sensor_data\main_data\uwb\T02\T02_0721.csv,coord_x_cm,float64,5.3,1956,120.0,UNKNOWN / NEEDS REVIEW,
sensor_data\main_data\uwb\T02\T02_0721.csv,coord_y_cm,float64,5.3,1691,9.2,UNKNOWN / NEEDS REVIEW,
sensor_data\main_data\uwb\T02\T02_0721.csv,coord_z_cm,float64,5.3,954,71.4,UNKNOWN / NEEDS REVIEW,
sensor_data\main_data\uwb\T02\T02_0722.csv,timestamp,float64,0.0,5000,1690002011.0,KEEP candidate,
sensor_data\main_data\uwb\T02\T02_0722.csv,coord_x_cm,float64,5.6,3349,437.6,UNKNOWN / NEEDS REVIEW,
sensor_data\main_data\uwb\T02\T02_0722.csv,coord_y_cm,float64,5.6,2517,-687.4,UNKNOWN / NEEDS REVIEW,
sensor_data\main_data\uwb\T02\T02_0722.csv,coord_z_cm,float64,5.6,1220,-146.6,UNKNOWN / NEEDS REVIEW,
sensor_data\main_data\uwb\T02\T02_0723.csv,timestamp,float64,0.0,5000,1690088411.0,KEEP candidate,
sensor_data\main_data\uwb\T02\T02_0723.csv,coord_x_cm,float64,4.88,3373,8.6,UNKNOWN / NEEDS REVIEW,
sensor_data\main_data\uwb\T02\T02_0723.csv,coord_y_cm,float64,4.88,2152,46.7,UNKNOWN / NEEDS REVIEW,
sensor_data\main_data\uwb\T02\T02_0723.csv,coord_z_cm,float64,4.88,1077,96.2,UNKNOWN / NEEDS REVIEW,
sensor_data\main_data\uwb\T02\T02_0724.csv,timestamp,float64,0.0,5000,1690174811.0,KEEP candidate,
sensor_data\main_data\uwb\T02\T02_0724.csv,coord_x_cm,float64,5.5,3638,256.9,UNKNOWN / NEEDS REVIEW,
sensor_data\main_data\uwb\T02\T02_0724.csv,coord_y_cm,float64,5.5,2969,-20.2,UNKNOWN / NEEDS REVIEW,
sensor_data\main_data\uwb\T02\T02_0724.csv,coord_z_cm,float64,5.5,1120,84.1,UNKNOWN / NEEDS REVIEW,
sensor_data\main_data\uwb\T02\T02_0725.csv,timestamp,float64,0.0,5000,1690261211.0,KEEP candidate,
sensor_data\main_data\uwb\T02\T02_0725.csv,coord_x_cm,float64,5.86,3605,155.0,UNKNOWN / NEEDS REVIEW,
sensor_data\main_data\uwb\T02\T02_0725.csv,coord_y_cm,float64,5.86,2521,36.2,UNKNOWN / NEEDS REVIEW,
sensor_data\main_data\uwb\T02\T02_0725.csv,coord_z_cm,float64,5.86,1041,70.5,UNKNOWN / NEEDS REVIEW,
sensor_data\main_data\uwb\T02\T02_0726.csv,timestamp,float64,0.0,5000,1690347611.0,KEEP candidate,
sensor_data\main_data\uwb\T02\T02_0726.csv,coord_x_cm,float64,6.24,3487,969.8,UNKNOWN / NEEDS REVIEW,
sensor_data\main_data\uwb\T02\T02_0726.csv,coord_y_cm,float64,6.24,2781,29.4,UNKNOWN / NEEDS REVIEW,
sensor_data\main_data\uwb\T02\T02_0726.csv,coord_z_cm,float64,6.24,1190,124.6,UNKNOWN / NEEDS REVIEW,
sensor_data\main_data\uwb\T02\T02_0727.csv,timestamp,float64,0.0,5000,1690434011.0,KEEP candidate,
sensor_data\main_data\uwb\T02\T02_0727.csv,coord_x_cm,float64,5.14,3596,-79.6,UNKNOWN / NEEDS REVIEW,
sensor_data\main_data\uwb\T02\T02_0727.csv,coord_y_cm,float64,5.14,3017,-698.8,UNKNOWN / NEEDS REVIEW,
sensor_data\main_data\uwb\T02\T02_0727.csv,coord_z_cm,float64,5.14,1125,130.9,UNKNOWN / NEEDS REVIEW,
sensor_data\main_data\uwb\T02\T02_0728.csv,timestamp,float64,0.0,5000,1690520411.0,KEEP candidate,
sensor_data\main_data\uwb\T02\T02_0728.csv,coord_x_cm,float64,5.88,3565,513.2,UNKNOWN / NEEDS REVIEW,
sensor_data\main_data\uwb\T02\T02_0728.csv,coord_y_cm,float64,5.88,2601,-18.8,UNKNOWN / NEEDS REVIEW,
sensor_data\main_data\uwb\T02\T02_0728.csv,coord_z_cm,float64,5.88,1168,84.5,UNKNOWN / NEEDS REVIEW,
sensor_data\main_data\uwb\T02\T02_0729.csv,timestamp,float64,0.0,5000,1690606811.0,KEEP candidate,
sensor_data\main_data\uwb\T02\T02_0729.csv,coord_x_cm,float64,6.34,3050,977.3,UNKNOWN / NEEDS REVIEW,
sensor_data\main_data\uwb\T02\T02_0729.csv,coord_y_cm,float64,6.34,2407,-732.9,UNKNOWN / NEEDS REVIEW,
sensor_data\main_data\uwb\T02\T02_0729.csv,coord_z_cm,float64,6.34,1137,64.8,UNKNOWN / NEEDS REVIEW,
sensor_data\main_data\uwb\T02\T02_0730.csv,timestamp,float64,0.0,5000,1690693211.0,KEEP candidate,
sensor_data\main_data\uwb\T02\T02_0730.csv,coord_x_cm,float64,5.54,3394,525.0,UNKNOWN / NEEDS REVIEW,
sensor_data\main_data\uwb\T02\T02_0730.csv,coord_y_cm,float64,5.54,2394,61.4,UNKNOWN / NEEDS REVIEW,
sensor_data\main_data\uwb\T02\T02_0730.csv,coord_z_cm,float64,5.54,1122,86.8,UNKNOWN / NEEDS REVIEW,
sensor_data\main_data\uwb\T02\T02_0731.csv,timestamp,float64,0.0,5000,1690779611.0,KEEP candidate,
sensor_data\main_data\uwb\T02\T02_0731.csv,coord_x_cm,float64,5.52,3353,558.0,UNKNOWN / NEEDS REVIEW,
sensor_data\main_data\uwb\T02\T02_0731.csv,coord_y_cm,float64,5.52,2538,45.6,UNKNOWN / NEEDS REVIEW,
sensor_data\main_data\uwb\T02\T02_0731.csv,coord_z_cm,float64,5.52,1075,75.8,UNKNOWN / NEEDS REVIEW,
sensor_data\main_data\uwb\T02\T02_0801.csv,timestamp,float64,0.0,5000,1690866011.0,KEEP candidate,
sensor_data\main_data\uwb\T02\T02_0801.csv,coord_x_cm,float64,5.5,3618,166.2,UNKNOWN / NEEDS REVIEW,
sensor_data\main_data\uwb\T02\T02_0801.csv,coord_y_cm,float64,5.5,2603,62.4,UNKNOWN / NEEDS REVIEW,
sensor_data\main_data\uwb\T02\T02_0801.csv,coord_z_cm,float64,5.5,1016,66.8,UNKNOWN / NEEDS REVIEW,
sensor_data\main_data\uwb\T02\T02_0802.csv,timestamp,float64,0.0,5000,1690952411.0,KEEP candidate,
sensor_data\main_data\uwb\T02\T02_0802.csv,coord_x_cm,float64,4.14,3598,540.5,UNKNOWN / NEEDS REVIEW,
sensor_data\main_data\uwb\T02\T02_0802.csv,coord_y_cm,float64,4.14,2976,41.6,UNKNOWN / NEEDS REVIEW,
sensor_data\main_data\uwb\T02\T02_0802.csv,coord_z_cm,float64,4.14,1153,80.9,UNKNOWN / NEEDS REVIEW,
sensor_data\main_data\uwb\T02\T02_0803.csv,timestamp,float64,0.0,5000,1691038811.0,KEEP candidate,
sensor_data\main_data\uwb\T02\T02_0803.csv,coord_x_cm,float64,5.36,3625,160.1,UNKNOWN / NEEDS REVIEW,
sensor_data\main_data\uwb\T02\T02_0803.csv,coord_y_cm,float64,5.36,2596,-23.8,UNKNOWN / NEEDS REVIEW,
sensor_data\main_data\uwb\T02\T02_0803.csv,coord_z_cm,float64,5.36,1112,96.2,UNKNOWN / NEEDS REVIEW,
sensor_data\main_data\uwb\T02\T02_0804.csv,timestamp,float64,0.0,1660,1691125211.0,KEEP candidate,
sensor_data\main_data\uwb\T02\T02_0804.csv,coord_x_cm,float64,8.01,1143,491.2,UNKNOWN / NEEDS REVIEW,
sensor_data\main_data\uwb\T02\T02_0804.csv,coord_y_cm,float64,8.01,1050,-15.8,UNKNOWN / NEEDS REVIEW,
sensor_data\main_data\uwb\T02\T02_0804.csv,coord_z_cm,float64,8.01,641,64.6,UNKNOWN / NEEDS REVIEW,
sensor_data\main_data\uwb\T03\T03_0721.csv,timestamp,float64,0.0,2752,1689960611.0,KEEP candidate,
sensor_data\main_data\uwb\T03\T03_0721.csv,coord_x_cm,float64,5.41,1866,-259.8,UNKNOWN / NEEDS REVIEW,
sensor_data\main_data\uwb\T03\T03_0721.csv,coord_y_cm,float64,5.41,1561,16.2,UNKNOWN / NEEDS REVIEW,
sensor_data\main_data\uwb\T03\T03_0721.csv,coord_z_cm,float64,5.41,898,73.0,UNKNOWN / NEEDS REVIEW,
sensor_data\main_data\uwb\T03\T03_0722.csv,timestamp,float64,0.0,5000,1690002011.0,KEEP candidate,
sensor_data\main_data\uwb\T03\T03_0722.csv,coord_x_cm,float64,5.94,3032,-66.6,UNKNOWN / NEEDS REVIEW,
sensor_data\main_data\uwb\T03\T03_0722.csv,coord_y_cm,float64,5.94,2288,-8.5,UNKNOWN / NEEDS REVIEW,
sensor_data\main_data\uwb\T03\T03_0722.csv,coord_z_cm,float64,5.94,1105,112.8,UNKNOWN / NEEDS REVIEW,
sensor_data\main_data\uwb\T03\T03_0723.csv,timestamp,float64,0.0,5000,1690088411.0,KEEP candidate,
sensor_data\main_data\uwb\T03\T03_0723.csv,coord_x_cm,float64,5.62,3292,-125.6,UNKNOWN / NEEDS REVIEW,
sensor_data\main_data\uwb\T03\T03_0723.csv,coord_y_cm,float64,5.62,2553,-12.2,UNKNOWN / NEEDS REVIEW,
sensor_data\main_data\uwb\T03\T03_0723.csv,coord_z_cm,float64,5.62,1196,61.7,UNKNOWN / NEEDS REVIEW,
sensor_data\main_data\uwb\T03\T03_0724.csv,timestamp,float64,0.0,5000,1690174811.0,KEEP candidate,
sensor_data\main_data\uwb\T03\T03_0724.csv,coord_x_cm,float64,5.3,3091,-320.5,UNKNOWN / NEEDS REVIEW,
sensor_data\main_data\uwb\T03\T03_0724.csv,coord_y_cm,float64,5.3,2290,35.3,UNKNOWN / NEEDS REVIEW,
sensor_data\main_data\uwb\T03\T03_0724.csv,coord_z_cm,float64,5.3,1086,79.7,UNKNOWN / NEEDS REVIEW,
sensor_data\main_data\uwb\T03\T03_0725.csv,timestamp,float64,0.0,5000,1690261211.0,KEEP candidate,
sensor_data\main_data\uwb\T03\T03_0725.csv,coord_x_cm,float64,5.76,3452,-136.5,UNKNOWN / NEEDS REVIEW,
sensor_data\main_data\uwb\T03\T03_0725.csv,coord_y_cm,float64,5.76,2442,-695.9,UNKNOWN / NEEDS REVIEW,
sensor_data\main_data\uwb\T03\T03_0725.csv,coord_z_cm,float64,5.76,1154,144.9,UNKNOWN / NEEDS REVIEW,
sensor_data\main_data\uwb\T03\T03_0726.csv,timestamp,float64,0.0,5000,1690347611.0,KEEP candidate,
sensor_data\main_data\uwb\T03\T03_0726.csv,coord_x_cm,float64,6.08,3300,-109.7,UNKNOWN / NEEDS REVIEW,
sensor_data\main_data\uwb\T03\T03_0726.csv,coord_y_cm,float64,6.08,2474,30.3,UNKNOWN / NEEDS REVIEW,
sensor_data\main_data\uwb\T03\T03_0726.csv,coord_z_cm,float64,6.08,1168,94.7,UNKNOWN / NEEDS REVIEW,
sensor_data\main_data\uwb\T03\T03_0727.csv,timestamp,float64,0.0,5000,1690434011.0,KEEP candidate,
sensor_data\main_data\uwb\T03\T03_0727.csv,coord_x_cm,float64,5.26,3129,506.4,UNKNOWN / NEEDS REVIEW,
sensor_data\main_data\uwb\T03\T03_0727.csv,coord_y_cm,float64,5.26,2419,80.2,UNKNOWN / NEEDS REVIEW,
sensor_data\main_data\uwb\T03\T03_0727.csv,coord_z_cm,float64,5.26,1124,82.2,UNKNOWN / NEEDS REVIEW,
sensor_data\main_data\uwb\T03\T03_0728.csv,timestamp,float64,0.0,5000,1690520411.0,KEEP candidate,
sensor_data\main_data\uwb\T03\T03_0728.csv,coord_x_cm,float64,5.66,3218,-135.2,UNKNOWN / NEEDS REVIEW,
sensor_data\main_data\uwb\T03\T03_0728.csv,coord_y_cm,float64,5.66,2259,64.8,UNKNOWN / NEEDS REVIEW,
sensor_data\main_data\uwb\T03\T03_0728.csv,coord_z_cm,float64,5.66,1020,110.2,UNKNOWN / NEEDS REVIEW,
sensor_data\main_data\uwb\T03\T03_0729.csv,timestamp,float64,0.0,5000,1690606811.0,KEEP candidate,
sensor_data\main_data\uwb\T03\T03_0729.csv,coord_x_cm,float64,6.38,3107,348.9,UNKNOWN / NEEDS REVIEW,
sensor_data\main_data\uwb\T03\T03_0729.csv,coord_y_cm,float64,6.38,2355,-211.0,UNKNOWN / NEEDS REVIEW,
sensor_data\main_data\uwb\T03\T03_0729.csv,coord_z_cm,float64,6.38,1109,135.5,UNKNOWN / NEEDS REVIEW,
sensor_data\main_data\uwb\T03\T03_0730.csv,timestamp,float64,0.0,5000,1690693211.0,KEEP candidate,
sensor_data\main_data\uwb\T03\T03_0730.csv,coord_x_cm,float64,5.8,3475,139.6,UNKNOWN / NEEDS REVIEW,
sensor_data\main_data\uwb\T03\T03_0730.csv,coord_y_cm,float64,5.8,2625,-35.3,UNKNOWN / NEEDS REVIEW,
sensor_data\main_data\uwb\T03\T03_0730.csv,coord_z_cm,float64,5.8,1148,100.6,UNKNOWN / NEEDS REVIEW,
sensor_data\main_data\uwb\T03\T03_0731.csv,timestamp,float64,0.0,5000,1690779611.0,KEEP candidate,
sensor_data\main_data\uwb\T03\T03_0731.csv,coord_x_cm,float64,5.38,3284,-562.9,UNKNOWN / NEEDS REVIEW,
sensor_data\main_data\uwb\T03\T03_0731.csv,coord_y_cm,float64,5.38,2249,-702.1,UNKNOWN / NEEDS REVIEW,
sensor_data\main_data\uwb\T03\T03_0731.csv,coord_z_cm,float64,5.38,1116,151.8,UNKNOWN / NEEDS REVIEW,
sensor_data\main_data\uwb\T03\T03_0801.csv,timestamp,float64,0.0,5000,1690866011.0,KEEP candidate,
sensor_data\main_data\uwb\T03\T03_0801.csv,coord_x_cm,float64,5.34,3182,-312.9,UNKNOWN / NEEDS REVIEW,
sensor_data\main_data\uwb\T03\T03_0801.csv,coord_y_cm,float64,5.34,2495,-21.2,UNKNOWN / NEEDS REVIEW,
sensor_data\main_data\uwb\T03\T03_0801.csv,coord_z_cm,float64,5.34,1120,84.7,UNKNOWN / NEEDS REVIEW,
sensor_data\main_data\uwb\T03\T03_0802.csv,timestamp,float64,0.0,5000,1690952411.0,KEEP candidate,
sensor_data\main_data\uwb\T03\T03_0802.csv,coord_x_cm,float64,4.8,3563,243.7,UNKNOWN / NEEDS REVIEW,
sensor_data\main_data\uwb\T03\T03_0802.csv,coord_y_cm,float64,4.8,2646,-708.6,UNKNOWN / NEEDS REVIEW,
sensor_data\main_data\uwb\T03\T03_0802.csv,coord_z_cm,float64,4.8,1109,111.0,UNKNOWN / NEEDS REVIEW,
sensor_data\main_data\uwb\T03\T03_0803.csv,timestamp,float64,0.0,5000,1691038811.0,KEEP candidate,
sensor_data\main_data\uwb\T03\T03_0803.csv,coord_x_cm,float64,5.52,3203,-347.8,UNKNOWN / NEEDS REVIEW,
sensor_data\main_data\uwb\T03\T03_0803.csv,coord_y_cm,float64,5.52,2421,-19.9,UNKNOWN / NEEDS REVIEW,
sensor_data\main_data\uwb\T03\T03_0803.csv,coord_z_cm,float64,5.52,1106,104.9,UNKNOWN / NEEDS REVIEW,
sensor_data\main_data\uwb\T03\T03_0804.csv,timestamp,float64,0.0,1675,1691125211.0,KEEP candidate,
sensor_data\main_data\uwb\T03\T03_0804.csv,coord_x_cm,float64,8.06,1270,183.8,UNKNOWN / NEEDS REVIEW,
sensor_data\main_data\uwb\T03\T03_0804.csv,coord_y_cm,float64,8.06,1166,-688.5,UNKNOWN / NEEDS REVIEW,
sensor_data\main_data\uwb\T03\T03_0804.csv,coord_z_cm,float64,8.06,711,141.5,UNKNOWN / NEEDS REVIEW,
sensor_data\main_data\uwb\T04\T04_0721.csv,timestamp,float64,0.0,2751,1689960611.0,KEEP candidate,
sensor_data\main_data\uwb\T04\T04_0721.csv,coord_x_cm,float64,4.91,1820,277.8,UNKNOWN / NEEDS REVIEW,
sensor_data\main_data\uwb\T04\T04_0721.csv,coord_y_cm,float64,4.91,1382,33.0,UNKNOWN / NEEDS REVIEW,
sensor_data\main_data\uwb\T04\T04_0721.csv,coord_z_cm,float64,4.91,893,64.2,UNKNOWN / NEEDS REVIEW,
sensor_data\main_data\uwb\T04\T04_0722.csv,timestamp,float64,0.0,5000,1690002011.0,KEEP candidate,
sensor_data\main_data\uwb\T04\T04_0722.csv,coord_x_cm,float64,5.54,2945,33.4,UNKNOWN / NEEDS REVIEW,
sensor_data\main_data\uwb\T04\T04_0722.csv,coord_y_cm,float64,5.54,2334,88.8,UNKNOWN / NEEDS REVIEW,
sensor_data\main_data\uwb\T04\T04_0722.csv,coord_z_cm,float64,5.54,1135,71.7,UNKNOWN / NEEDS REVIEW,
sensor_data\main_data\uwb\T04\T04_0723.csv,timestamp,float64,0.0,5000,1690088411.0,KEEP candidate,
sensor_data\main_data\uwb\T04\T04_0723.csv,coord_x_cm,float64,5.2,2680,147.3,UNKNOWN / NEEDS REVIEW,
sensor_data\main_data\uwb\T04\T04_0723.csv,coord_y_cm,float64,5.2,2094,-40.7,UNKNOWN / NEEDS REVIEW,
sensor_data\main_data\uwb\T04\T04_0723.csv,coord_z_cm,float64,5.2,1145,127.1,UNKNOWN / NEEDS REVIEW,
sensor_data\main_data\uwb\T04\T04_0724.csv,timestamp,float64,0.0,5000,1690174811.0,KEEP candidate,
sensor_data\main_data\uwb\T04\T04_0724.csv,coord_x_cm,float64,5.04,2852,186.0,UNKNOWN / NEEDS REVIEW,
sensor_data\main_data\uwb\T04\T04_0724.csv,coord_y_cm,float64,5.04,2198,-58.4,UNKNOWN / NEEDS REVIEW,
sensor_data\main_data\uwb\T04\T04_0724.csv,coord_z_cm,float64,5.04,1047,133.2,UNKNOWN / NEEDS REVIEW,
sensor_data\main_data\uwb\T04\T04_0725.csv,timestamp,float64,0.0,5000,1690261211.0,KEEP candidate,
sensor_data\main_data\uwb\T04\T04_0725.csv,coord_x_cm,float64,5.7,2992,515.7,UNKNOWN / NEEDS REVIEW,
sensor_data\main_data\uwb\T04\T04_0725.csv,coord_y_cm,float64,5.7,1915,-28.0,UNKNOWN / NEEDS REVIEW,
sensor_data\main_data\uwb\T04\T04_0725.csv,coord_z_cm,float64,5.7,1178,117.0,UNKNOWN / NEEDS REVIEW,
sensor_data\main_data\uwb\T04\T04_0726.csv,timestamp,float64,0.0,5000,1690347611.0,KEEP candidate,
sensor_data\main_data\uwb\T04\T04_0726.csv,coord_x_cm,float64,6.16,3127,161.8,UNKNOWN / NEEDS REVIEW,
sensor_data\main_data\uwb\T04\T04_0726.csv,coord_y_cm,float64,6.16,2152,-21.2,UNKNOWN / NEEDS REVIEW,
sensor_data\main_data\uwb\T04\T04_0726.csv,coord_z_cm,float64,6.16,1139,98.1,UNKNOWN / NEEDS REVIEW,
sensor_data\main_data\uwb\T04\T04_0727.csv,timestamp,float64,0.0,4997,1690434011.0,KEEP candidate,
sensor_data\main_data\uwb\T04\T04_0727.csv,coord_x_cm,float64,4.94,3150,33.1,UNKNOWN / NEEDS REVIEW,
sensor_data\main_data\uwb\T04\T04_0727.csv,coord_y_cm,float64,4.94,2166,20.8,UNKNOWN / NEEDS REVIEW,
sensor_data\main_data\uwb\T04\T04_0727.csv,coord_z_cm,float64,4.94,1071,98.7,UNKNOWN / NEEDS REVIEW,
sensor_data\main_data\uwb\T04\T04_0728.csv,timestamp,float64,0.0,5000,1690520411.0,KEEP candidate,
sensor_data\main_data\uwb\T04\T04_0728.csv,coord_x_cm,float64,5.44,2832,471.7,UNKNOWN / NEEDS REVIEW,
sensor_data\main_data\uwb\T04\T04_0728.csv,coord_y_cm,float64,5.44,2057,-698.9,UNKNOWN / NEEDS REVIEW,
sensor_data\main_data\uwb\T04\T04_0728.csv,coord_z_cm,float64,5.44,1102,153.3,UNKNOWN / NEEDS REVIEW,
sensor_data\main_data\uwb\T04\T04_0729.csv,timestamp,float64,0.0,5000,1690606811.0,KEEP candidate,
sensor_data\main_data\uwb\T04\T04_0729.csv,coord_x_cm,float64,6.22,3076,35.9,UNKNOWN / NEEDS REVIEW,
sensor_data\main_data\uwb\T04\T04_0729.csv,coord_y_cm,float64,6.22,2150,-24.0,UNKNOWN / NEEDS REVIEW,
sensor_data\main_data\uwb\T04\T04_0729.csv,coord_z_cm,float64,6.22,1109,96.5,UNKNOWN / NEEDS REVIEW,
sensor_data\main_data\uwb\T04\T04_0730.csv,timestamp,float64,0.0,5000,1690693211.0,KEEP candidate,
sensor_data\main_data\uwb\T04\T04_0730.csv,coord_x_cm,float64,5.38,2866,248.7,UNKNOWN / NEEDS REVIEW,
sensor_data\main_data\uwb\T04\T04_0730.csv,coord_y_cm,float64,5.38,2028,-89.6,UNKNOWN / NEEDS REVIEW,
sensor_data\main_data\uwb\T04\T04_0730.csv,coord_z_cm,float64,5.38,1035,60.2,UNKNOWN / NEEDS REVIEW,
sensor_data\main_data\uwb\T04\T04_0731.csv,timestamp,float64,0.0,5000,1690779611.0,KEEP candidate,
sensor_data\main_data\uwb\T04\T04_0731.csv,coord_x_cm,float64,4.96,3043,30.3,UNKNOWN / NEEDS REVIEW,
sensor_data\main_data\uwb\T04\T04_0731.csv,coord_y_cm,float64,4.96,2284,23.9,UNKNOWN / NEEDS REVIEW,
sensor_data\main_data\uwb\T04\T04_0731.csv,coord_z_cm,float64,4.96,1157,92.7,UNKNOWN / NEEDS REVIEW,
sensor_data\main_data\uwb\T04\T04_0801.csv,timestamp,float64,0.0,5000,1690866026.0,KEEP candidate,
sensor_data\main_data\uwb\T04\T04_0801.csv,coord_x_cm,float64,5.36,2956,267.3,UNKNOWN / NEEDS REVIEW,
sensor_data\main_data\uwb\T04\T04_0801.csv,coord_y_cm,float64,5.36,2371,101.3,UNKNOWN / NEEDS REVIEW,
sensor_data\main_data\uwb\T04\T04_0801.csv,coord_z_cm,float64,5.36,1141,134.0,UNKNOWN / NEEDS REVIEW,
sensor_data\main_data\uwb\T04\T04_0802.csv,timestamp,float64,0.0,5000,1690952411.0,KEEP candidate,
sensor_data\main_data\uwb\T04\T04_0802.csv,coord_x_cm,float64,4.62,3228,111.1,UNKNOWN / NEEDS REVIEW,
sensor_data\main_data\uwb\T04\T04_0802.csv,coord_y_cm,float64,4.62,2328,-81.1,UNKNOWN / NEEDS REVIEW,
sensor_data\main_data\uwb\T04\T04_0802.csv,coord_z_cm,float64,4.62,1135,80.4,UNKNOWN / NEEDS REVIEW,
sensor_data\main_data\uwb\T04\T04_0803.csv,timestamp,float64,0.0,5000,1691038811.0,KEEP candidate,
sensor_data\main_data\uwb\T04\T04_0803.csv,coord_x_cm,float64,5.3,2982,-185.5,UNKNOWN / NEEDS REVIEW,
sensor_data\main_data\uwb\T04\T04_0803.csv,coord_y_cm,float64,5.3,2216,-23.2,UNKNOWN / NEEDS REVIEW,
sensor_data\main_data\uwb\T04\T04_0803.csv,coord_z_cm,float64,5.3,1072,139.8,UNKNOWN / NEEDS REVIEW,
sensor_data\main_data\uwb\T04\T04_0804.csv,timestamp,float64,0.0,1674,1691125211.0,KEEP candidate,
sensor_data\main_data\uwb\T04\T04_0804.csv,coord_x_cm,float64,7.71,811,-216.2,UNKNOWN / NEEDS REVIEW,
sensor_data\main_data\uwb\T04\T04_0804.csv,coord_y_cm,float64,7.71,616,-16.4,UNKNOWN / NEEDS REVIEW,
sensor_data\main_data\uwb\T04\T04_0804.csv,coord_z_cm,float64,7.71,557,104.7,UNKNOWN / NEEDS REVIEW,
sensor_data\main_data\uwb\T05\T05_0721.csv,timestamp,float64,0.0,2753,1689960611.0,KEEP candidate,
sensor_data\main_data\uwb\T05\T05_0721.csv,coord_x_cm,float64,5.48,1941,-195.5,UNKNOWN / NEEDS REVIEW,
sensor_data\main_data\uwb\T05\T05_0721.csv,coord_y_cm,float64,5.48,1737,-75.3,UNKNOWN / NEEDS REVIEW,
sensor_data\main_data\uwb\T05\T05_0721.csv,coord_z_cm,float64,5.48,901,93.8,UNKNOWN / NEEDS REVIEW,
sensor_data\main_data\uwb\T05\T05_0722.csv,timestamp,float64,0.0,5000,1690002011.0,KEEP candidate,
sensor_data\main_data\uwb\T05\T05_0722.csv,coord_x_cm,float64,5.76,3016,-106.2,UNKNOWN / NEEDS REVIEW,
sensor_data\main_data\uwb\T05\T05_0722.csv,coord_y_cm,float64,5.76,2452,32.1,UNKNOWN / NEEDS REVIEW,
sensor_data\main_data\uwb\T05\T05_0722.csv,coord_z_cm,float64,5.76,1098,102.5,UNKNOWN / NEEDS REVIEW,
sensor_data\main_data\uwb\T05\T05_0723.csv,timestamp,float64,0.0,5000,1690088411.0,KEEP candidate,
sensor_data\main_data\uwb\T05\T05_0723.csv,coord_x_cm,float64,5.08,2971,900.6,UNKNOWN / NEEDS REVIEW,
sensor_data\main_data\uwb\T05\T05_0723.csv,coord_y_cm,float64,5.08,1930,-19.0,UNKNOWN / NEEDS REVIEW,
sensor_data\main_data\uwb\T05\T05_0723.csv,coord_z_cm,float64,5.08,1007,171.0,UNKNOWN / NEEDS REVIEW,
sensor_data\main_data\uwb\T05\T05_0724.csv,timestamp,float64,0.0,5000,1690174811.0,KEEP candidate,
sensor_data\main_data\uwb\T05\T05_0724.csv,coord_x_cm,float64,5.46,3091,361.7,UNKNOWN / NEEDS REVIEW,
sensor_data\main_data\uwb\T05\T05_0724.csv,coord_y_cm,float64,5.46,2310,15.8,UNKNOWN / NEEDS REVIEW,
sensor_data\main_data\uwb\T05\T05_0724.csv,coord_z_cm,float64,5.46,1113,74.4,UNKNOWN / NEEDS REVIEW,
sensor_data\main_data\uwb\T05\T05_0725.csv,timestamp,float64,0.0,5000,1690261211.0,KEEP candidate,
sensor_data\main_data\uwb\T05\T05_0725.csv,coord_x_cm,float64,6.28,3372,305.9,UNKNOWN / NEEDS REVIEW,
sensor_data\main_data\uwb\T05\T05_0725.csv,coord_y_cm,float64,6.28,2458,-51.4,UNKNOWN / NEEDS REVIEW,
sensor_data\main_data\uwb\T05\T05_0725.csv,coord_z_cm,float64,6.28,1190,118.6,UNKNOWN / NEEDS REVIEW,
sensor_data\main_data\uwb\T05\T05_0726.csv,timestamp,float64,0.0,5000,1690347611.0,KEEP candidate,
sensor_data\main_data\uwb\T05\T05_0726.csv,coord_x_cm,float64,6.38,3168,-477.4,UNKNOWN / NEEDS REVIEW,
sensor_data\main_data\uwb\T05\T05_0726.csv,coord_y_cm,float64,6.38,2071,-215.5,UNKNOWN / NEEDS REVIEW,
sensor_data\main_data\uwb\T05\T05_0726.csv,coord_z_cm,float64,6.38,1060,127.4,UNKNOWN / NEEDS REVIEW,
sensor_data\main_data\uwb\T05\T05_0727.csv,timestamp,float64,0.0,5000,1690434011.0,KEEP candidate,
sensor_data\main_data\uwb\T05\T05_0727.csv,coord_x_cm,float64,5.1,3269,288.7,UNKNOWN / NEEDS REVIEW,
sensor_data\main_data\uwb\T05\T05_0727.csv,coord_y_cm,float64,5.1,2523,59.1,UNKNOWN / NEEDS REVIEW,
sensor_data\main_data\uwb\T05\T05_0727.csv,coord_z_cm,float64,5.1,1090,132.1,UNKNOWN / NEEDS REVIEW,
sensor_data\main_data\uwb\T05\T05_0728.csv,timestamp,float64,0.0,5000,1690520411.0,KEEP candidate,
sensor_data\main_data\uwb\T05\T05_0728.csv,coord_x_cm,float64,5.9,3271,-181.3,UNKNOWN / NEEDS REVIEW,
sensor_data\main_data\uwb\T05\T05_0728.csv,coord_y_cm,float64,5.9,2342,-43.8,UNKNOWN / NEEDS REVIEW,
sensor_data\main_data\uwb\T05\T05_0728.csv,coord_z_cm,float64,5.9,1067,91.5,UNKNOWN / NEEDS REVIEW,
sensor_data\main_data\uwb\T05\T05_0729.csv,timestamp,float64,0.0,5000,1690606811.0,KEEP candidate,
sensor_data\main_data\uwb\T05\T05_0729.csv,coord_x_cm,float64,6.8,3038,-186.8,UNKNOWN / NEEDS REVIEW,
sensor_data\main_data\uwb\T05\T05_0729.csv,coord_y_cm,float64,6.8,2268,-44.1,UNKNOWN / NEEDS REVIEW,
sensor_data\main_data\uwb\T05\T05_0729.csv,coord_z_cm,float64,6.8,1042,88.7,UNKNOWN / NEEDS REVIEW,
sensor_data\main_data\uwb\T05\T05_0730.csv,timestamp,float64,0.0,5000,1690693211.0,KEEP candidate,
sensor_data\main_data\uwb\T05\T05_0730.csv,coord_x_cm,float64,5.74,2779,-75.2,UNKNOWN / NEEDS REVIEW,
sensor_data\main_data\uwb\T05\T05_0730.csv,coord_y_cm,float64,5.74,2221,65.8,UNKNOWN / NEEDS REVIEW,
sensor_data\main_data\uwb\T05\T05_0730.csv,coord_z_cm,float64,5.74,1015,108.1,UNKNOWN / NEEDS REVIEW,
sensor_data\main_data\uwb\T05\T05_0731.csv,timestamp,float64,0.0,5000,1690779611.0,KEEP candidate,
sensor_data\main_data\uwb\T05\T05_0731.csv,coord_x_cm,float64,5.32,3068,-207.6,UNKNOWN / NEEDS REVIEW,
sensor_data\main_data\uwb\T05\T05_0731.csv,coord_y_cm,float64,5.32,2278,-21.0,UNKNOWN / NEEDS REVIEW,
sensor_data\main_data\uwb\T05\T05_0731.csv,coord_z_cm,float64,5.32,1017,86.2,UNKNOWN / NEEDS REVIEW,
sensor_data\main_data\uwb\T05\T05_0801.csv,timestamp,float64,0.0,5000,1690866011.0,KEEP candidate,
sensor_data\main_data\uwb\T05\T05_0801.csv,coord_x_cm,float64,5.52,3067,305.4,UNKNOWN / NEEDS REVIEW,
sensor_data\main_data\uwb\T05\T05_0801.csv,coord_y_cm,float64,5.52,2394,-81.0,UNKNOWN / NEEDS REVIEW,
sensor_data\main_data\uwb\T05\T05_0801.csv,coord_z_cm,float64,5.52,1040,58.8,UNKNOWN / NEEDS REVIEW,
sensor_data\main_data\uwb\T05\T05_0802.csv,timestamp,float64,0.0,5000,1690952411.0,KEEP candidate,
sensor_data\main_data\uwb\T05\T05_0802.csv,coord_x_cm,float64,4.44,3356,-130.5,UNKNOWN / NEEDS REVIEW,
sensor_data\main_data\uwb\T05\T05_0802.csv,coord_y_cm,float64,4.44,2442,24.0,UNKNOWN / NEEDS REVIEW,
sensor_data\main_data\uwb\T05\T05_0802.csv,coord_z_cm,float64,4.44,1041,85.5,UNKNOWN / NEEDS REVIEW,
sensor_data\main_data\uwb\T05\T05_0803.csv,timestamp,float64,0.0,5000,1691038811.0,KEEP candidate,
sensor_data\main_data\uwb\T05\T05_0803.csv,coord_x_cm,float64,5.44,3303,-361.5,UNKNOWN / NEEDS REVIEW,
sensor_data\main_data\uwb\T05\T05_0803.csv,coord_y_cm,float64,5.44,2411,25.3,UNKNOWN / NEEDS REVIEW,
sensor_data\main_data\uwb\T05\T05_0803.csv,coord_z_cm,float64,5.44,1023,88.6,UNKNOWN / NEEDS REVIEW,
sensor_data\main_data\uwb\T05\T05_0804.csv,timestamp,float64,0.0,1678,1691125211.0,KEEP candidate,
sensor_data\main_data\uwb\T05\T05_0804.csv,coord_x_cm,float64,7.75,1115,-451.5,UNKNOWN / NEEDS REVIEW,
sensor_data\main_data\uwb\T05\T05_0804.csv,coord_y_cm,float64,7.75,882,-0.8,UNKNOWN / NEEDS REVIEW,
sensor_data\main_data\uwb\T05\T05_0804.csv,coord_z_cm,float64,7.75,678,122.9,UNKNOWN / NEEDS REVIEW,
sensor_data\main_data\uwb\T06\T06_0721.csv,timestamp,float64,0.0,2753,1689960611.0,KEEP candidate,
sensor_data\main_data\uwb\T06\T06_0721.csv,coord_x_cm,float64,5.34,1950,-403.0,UNKNOWN / NEEDS REVIEW,
sensor_data\main_data\uwb\T06\T06_0721.csv,coord_y_cm,float64,5.34,1974,-151.1,UNKNOWN / NEEDS REVIEW,
sensor_data\main_data\uwb\T06\T06_0721.csv,coord_z_cm,float64,5.34,1024,122.3,UNKNOWN / NEEDS REVIEW,
sensor_data\main_data\uwb\T06\T06_0722.csv,timestamp,float64,0.0,5000,1690002011.0,KEEP candidate,
sensor_data\main_data\uwb\T06\T06_0722.csv,coord_x_cm,float64,5.48,3392,376.4,UNKNOWN / NEEDS REVIEW,
sensor_data\main_data\uwb\T06\T06_0722.csv,coord_y_cm,float64,5.48,3007,-25.3,UNKNOWN / NEEDS REVIEW,
sensor_data\main_data\uwb\T06\T06_0722.csv,coord_z_cm,float64,5.48,1159,80.2,UNKNOWN / NEEDS REVIEW,
sensor_data\main_data\uwb\T06\T06_0723.csv,timestamp,float64,0.0,5000,1690088411.0,KEEP candidate,
sensor_data\main_data\uwb\T06\T06_0723.csv,coord_x_cm,float64,4.94,3441,-356.0,UNKNOWN / NEEDS REVIEW,
sensor_data\main_data\uwb\T06\T06_0723.csv,coord_y_cm,float64,4.94,2758,75.5,UNKNOWN / NEEDS REVIEW,
sensor_data\main_data\uwb\T06\T06_0723.csv,coord_z_cm,float64,4.94,1162,75.4,UNKNOWN / NEEDS REVIEW,
sensor_data\main_data\uwb\T06\T06_0724.csv,timestamp,float64,0.0,5000,1690174811.0,KEEP candidate,
sensor_data\main_data\uwb\T06\T06_0724.csv,coord_x_cm,float64,5.54,3196,-208.2,UNKNOWN / NEEDS REVIEW,
sensor_data\main_data\uwb\T06\T06_0724.csv,coord_y_cm,float64,5.54,2726,20.0,UNKNOWN / NEEDS REVIEW,
sensor_data\main_data\uwb\T06\T06_0724.csv,coord_z_cm,float64,5.54,1189,99.8,UNKNOWN / NEEDS REVIEW,
sensor_data\main_data\uwb\T06\T06_0725.csv,timestamp,float64,0.0,5000,1690261211.0,KEEP candidate,
sensor_data\main_data\uwb\T06\T06_0725.csv,coord_x_cm,float64,5.9,3351,-356.5,UNKNOWN / NEEDS REVIEW,
sensor_data\main_data\uwb\T06\T06_0725.csv,coord_y_cm,float64,5.9,2833,30.1,UNKNOWN / NEEDS REVIEW,
sensor_data\main_data\uwb\T06\T06_0725.csv,coord_z_cm,float64,5.9,1190,92.2,UNKNOWN / NEEDS REVIEW,
sensor_data\main_data\uwb\T06\T06_0726.csv,timestamp,float64,0.0,5000,1690347611.0,KEEP candidate,
sensor_data\main_data\uwb\T06\T06_0726.csv,coord_x_cm,float64,6.44,3394,407.9,UNKNOWN / NEEDS REVIEW,
sensor_data\main_data\uwb\T06\T06_0726.csv,coord_y_cm,float64,6.44,2649,-33.5,UNKNOWN / NEEDS REVIEW,
sensor_data\main_data\uwb\T06\T06_0726.csv,coord_z_cm,float64,6.44,1187,102.2,UNKNOWN / NEEDS REVIEW,
sensor_data\main_data\uwb\T06\T06_0727.csv,timestamp,float64,0.0,5000,1690434011.0,KEEP candidate,
sensor_data\main_data\uwb\T06\T06_0727.csv,coord_x_cm,float64,5.16,2963,-341.2,UNKNOWN / NEEDS REVIEW,
sensor_data\main_data\uwb\T06\T06_0727.csv,coord_y_cm,float64,5.16,2522,35.3,UNKNOWN / NEEDS REVIEW,
sensor_data\main_data\uwb\T06\T06_0727.csv,coord_z_cm,float64,5.16,1199,74.2,UNKNOWN / NEEDS REVIEW,
sensor_data\main_data\uwb\T06\T06_0728.csv,timestamp,float64,0.0,5000,1690520411.0,KEEP candidate,
sensor_data\main_data\uwb\T06\T06_0728.csv,coord_x_cm,float64,5.78,3022,-306.4,UNKNOWN / NEEDS REVIEW,
sensor_data\main_data\uwb\T06\T06_0728.csv,coord_y_cm,float64,5.78,2260,66.3,UNKNOWN / NEEDS REVIEW,
sensor_data\main_data\uwb\T06\T06_0728.csv,coord_z_cm,float64,5.78,1114,81.1,UNKNOWN / NEEDS REVIEW,
sensor_data\main_data\uwb\T06\T06_0729.csv,timestamp,float64,0.0,5000,1690606811.0,KEEP candidate,
sensor_data\main_data\uwb\T06\T06_0729.csv,coord_x_cm,float64,6.74,2628,-358.8,UNKNOWN / NEEDS REVIEW,
sensor_data\main_data\uwb\T06\T06_0729.csv,coord_y_cm,float64,6.74,2424,35.7,UNKNOWN / NEEDS REVIEW,
sensor_data\main_data\uwb\T06\T06_0729.csv,coord_z_cm,float64,6.74,1262,106.4,UNKNOWN / NEEDS REVIEW,
sensor_data\main_data\uwb\T06\T06_0730.csv,timestamp,float64,0.0,5000,1690693211.0,KEEP candidate,
sensor_data\main_data\uwb\T06\T06_0730.csv,coord_x_cm,float64,5.96,2863,-335.2,UNKNOWN / NEEDS REVIEW,
sensor_data\main_data\uwb\T06\T06_0730.csv,coord_y_cm,float64,5.96,2412,-725.6,UNKNOWN / NEEDS REVIEW,
sensor_data\main_data\uwb\T06\T06_0730.csv,coord_z_cm,float64,5.96,1228,99.8,UNKNOWN / NEEDS REVIEW,
sensor_data\main_data\uwb\T06\T06_0731.csv,timestamp,float64,0.0,5000,1690779611.0,KEEP candidate,
sensor_data\main_data\uwb\T06\T06_0731.csv,coord_x_cm,float64,5.34,2806,634.7,UNKNOWN / NEEDS REVIEW,
sensor_data\main_data\uwb\T06\T06_0731.csv,coord_y_cm,float64,5.34,2536,281.8,UNKNOWN / NEEDS REVIEW,
sensor_data\main_data\uwb\T06\T06_0731.csv,coord_z_cm,float64,5.34,1145,157.7,UNKNOWN / NEEDS REVIEW,
sensor_data\main_data\uwb\T06\T06_0801.csv,timestamp,float64,0.0,5000,1690866011.0,KEEP candidate,
sensor_data\main_data\uwb\T06\T06_0801.csv,coord_x_cm,float64,5.62,3288,-360.2,UNKNOWN / NEEDS REVIEW,
sensor_data\main_data\uwb\T06\T06_0801.csv,coord_y_cm,float64,5.62,2934,43.3,UNKNOWN / NEEDS REVIEW,
sensor_data\main_data\uwb\T06\T06_0801.csv,coord_z_cm,float64,5.62,1171,96.0,UNKNOWN / NEEDS REVIEW,
sensor_data\main_data\uwb\T06\T06_0802.csv,timestamp,float64,0.0,4997,1690952411.0,KEEP candidate,
sensor_data\main_data\uwb\T06\T06_0802.csv,coord_x_cm,float64,4.7,3012,-101.8,UNKNOWN / NEEDS REVIEW,
sensor_data\main_data\uwb\T06\T06_0802.csv,coord_y_cm,float64,4.7,2654,-392.7,UNKNOWN / NEEDS REVIEW,
sensor_data\main_data\uwb\T06\T06_0802.csv,coord_z_cm,float64,4.7,1213,148.8,UNKNOWN / NEEDS REVIEW,
sensor_data\main_data\uwb\T06\T06_0803.csv,timestamp,float64,0.0,5000,1691038811.0,KEEP candidate,
sensor_data\main_data\uwb\T06\T06_0803.csv,coord_x_cm,float64,5.4,3278,289.2,UNKNOWN / NEEDS REVIEW,
sensor_data\main_data\uwb\T06\T06_0803.csv,coord_y_cm,float64,5.4,2821,-457.1,UNKNOWN / NEEDS REVIEW,
sensor_data\main_data\uwb\T06\T06_0803.csv,coord_z_cm,float64,5.4,1177,136.6,UNKNOWN / NEEDS REVIEW,
sensor_data\main_data\uwb\T06\T06_0804.csv,timestamp,float64,0.0,1673,1691125211.0,KEEP candidate,
sensor_data\main_data\uwb\T06\T06_0804.csv,coord_x_cm,float64,7.77,1104,122.4,UNKNOWN / NEEDS REVIEW,
sensor_data\main_data\uwb\T06\T06_0804.csv,coord_y_cm,float64,7.77,973,39.9,UNKNOWN / NEEDS REVIEW,
sensor_data\main_data\uwb\T06\T06_0804.csv,coord_z_cm,float64,7.77,703,139.1,UNKNOWN / NEEDS REVIEW,
sensor_data\main_data\uwb\T07\T07_0721.csv,timestamp,float64,0.0,1195,1689984011.0,KEEP candidate,
sensor_data\main_data\uwb\T07\T07_0721.csv,coord_x_cm,float64,0.33,843,1311.7,UNKNOWN / NEEDS REVIEW,
sensor_data\main_data\uwb\T07\T07_0721.csv,coord_y_cm,float64,0.33,783,-676.1,UNKNOWN / NEEDS REVIEW,
sensor_data\main_data\uwb\T07\T07_0721.csv,coord_z_cm,float64,0.33,579,179.6,UNKNOWN / NEEDS REVIEW,
sensor_data\main_data\uwb\T07\T07_0722.csv,timestamp,float64,0.0,5000,1690002011.0,KEEP candidate,
sensor_data\main_data\uwb\T07\T07_0722.csv,coord_x_cm,float64,5.64,3032,404.1,UNKNOWN / NEEDS REVIEW,
sensor_data\main_data\uwb\T07\T07_0722.csv,coord_y_cm,float64,5.64,2296,-602.0,UNKNOWN / NEEDS REVIEW,
sensor_data\main_data\uwb\T07\T07_0722.csv,coord_z_cm,float64,5.64,1036,121.7,UNKNOWN / NEEDS REVIEW,
sensor_data\main_data\uwb\T07\T07_0723.csv,timestamp,float64,0.0,5000,1690088411.0,KEEP candidate,
sensor_data\main_data\uwb\T07\T07_0723.csv,coord_x_cm,float64,5.1,3255,395.5,UNKNOWN / NEEDS REVIEW,
sensor_data\main_data\uwb\T07\T07_0723.csv,coord_y_cm,float64,5.1,2228,44.7,UNKNOWN / NEEDS REVIEW,
sensor_data\main_data\uwb\T07\T07_0723.csv,coord_z_cm,float64,5.1,991,107.9,UNKNOWN / NEEDS REVIEW,
sensor_data\main_data\uwb\T07\T07_0724.csv,timestamp,float64,0.0,5000,1690174811.0,KEEP candidate,
sensor_data\main_data\uwb\T07\T07_0724.csv,coord_x_cm,float64,5.2,2807,-347.2,UNKNOWN / NEEDS REVIEW,
sensor_data\main_data\uwb\T07\T07_0724.csv,coord_y_cm,float64,5.2,1939,-31.9,UNKNOWN / NEEDS REVIEW,
sensor_data\main_data\uwb\T07\T07_0724.csv,coord_z_cm,float64,5.2,999,87.7,UNKNOWN / NEEDS REVIEW,
sensor_data\main_data\uwb\T07\T07_0725.csv,timestamp,float64,0.0,5000,1690261211.0,KEEP candidate,
sensor_data\main_data\uwb\T07\T07_0725.csv,coord_x_cm,float64,5.66,2955,615.9,UNKNOWN / NEEDS REVIEW,
sensor_data\main_data\uwb\T07\T07_0725.csv,coord_y_cm,float64,5.66,2265,197.5,UNKNOWN / NEEDS REVIEW,
sensor_data\main_data\uwb\T07\T07_0725.csv,coord_z_cm,float64,5.66,1005,117.0,UNKNOWN / NEEDS REVIEW,
sensor_data\main_data\uwb\T07\T07_0726.csv,timestamp,float64,0.0,5000,1690347611.0,KEEP candidate,
sensor_data\main_data\uwb\T07\T07_0726.csv,coord_x_cm,float64,6.26,2501,278.4,UNKNOWN / NEEDS REVIEW,
sensor_data\main_data\uwb\T07\T07_0726.csv,coord_y_cm,float64,6.26,2160,70.5,UNKNOWN / NEEDS REVIEW,
sensor_data\main_data\uwb\T07\T07_0726.csv,coord_z_cm,float64,6.26,1028,73.7,UNKNOWN / NEEDS REVIEW,
sensor_data\main_data\uwb\T07\T07_0727.csv,timestamp,float64,0.0,5000,1690434011.0,KEEP candidate,
sensor_data\main_data\uwb\T07\T07_0727.csv,coord_x_cm,float64,5.48,3180,149.7,UNKNOWN / NEEDS REVIEW,
sensor_data\main_data\uwb\T07\T07_0727.csv,coord_y_cm,float64,5.48,2342,-35.3,UNKNOWN / NEEDS REVIEW,
sensor_data\main_data\uwb\T07\T07_0727.csv,coord_z_cm,float64,5.48,1095,94.6,UNKNOWN / NEEDS REVIEW,
sensor_data\main_data\uwb\T07\T07_0728.csv,timestamp,float64,0.0,5000,1690520411.0,KEEP candidate,
sensor_data\main_data\uwb\T07\T07_0728.csv,coord_x_cm,float64,5.8,2902,126.3,UNKNOWN / NEEDS REVIEW,
sensor_data\main_data\uwb\T07\T07_0728.csv,coord_y_cm,float64,5.8,2007,-683.3,UNKNOWN / NEEDS REVIEW,
sensor_data\main_data\uwb\T07\T07_0728.csv,coord_z_cm,float64,5.8,1060,95.5,UNKNOWN / NEEDS REVIEW,
sensor_data\main_data\uwb\T07\T07_0729.csv,timestamp,float64,0.0,5000,1690606811.0,KEEP candidate,
sensor_data\main_data\uwb\T07\T07_0729.csv,coord_x_cm,float64,6.52,2605,-92.3,UNKNOWN / NEEDS REVIEW,
sensor_data\main_data\uwb\T07\T07_0729.csv,coord_y_cm,float64,6.52,1859,-26.9,UNKNOWN / NEEDS REVIEW,
sensor_data\main_data\uwb\T07\T07_0729.csv,coord_z_cm,float64,6.52,918,84.1,UNKNOWN / NEEDS REVIEW,
sensor_data\main_data\uwb\T07\T07_0730.csv,timestamp,float64,0.0,5000,1690693226.0,KEEP candidate,
sensor_data\main_data\uwb\T07\T07_0730.csv,coord_x_cm,float64,5.6,3100,-345.0,UNKNOWN / NEEDS REVIEW,
sensor_data\main_data\uwb\T07\T07_0730.csv,coord_y_cm,float64,5.6,2105,-9.4,UNKNOWN / NEEDS REVIEW,
sensor_data\main_data\uwb\T07\T07_0730.csv,coord_z_cm,float64,5.6,969,84.2,UNKNOWN / NEEDS REVIEW,
sensor_data\main_data\uwb\T07\T07_0731.csv,timestamp,float64,0.0,5000,1690779611.0,KEEP candidate,
sensor_data\main_data\uwb\T07\T07_0731.csv,coord_x_cm,float64,5.44,2769,-91.1,UNKNOWN / NEEDS REVIEW,
sensor_data\main_data\uwb\T07\T07_0731.csv,coord_y_cm,float64,5.44,2046,-31.6,UNKNOWN / NEEDS REVIEW,
sensor_data\main_data\uwb\T07\T07_0731.csv,coord_z_cm,float64,5.44,1012,81.1,UNKNOWN / NEEDS REVIEW,
sensor_data\main_data\uwb\T07\T07_0801.csv,timestamp,float64,0.0,5000,1690866011.0,KEEP candidate,
sensor_data\main_data\uwb\T07\T07_0801.csv,coord_x_cm,float64,5.44,3110,444.1,UNKNOWN / NEEDS REVIEW,
sensor_data\main_data\uwb\T07\T07_0801.csv,coord_y_cm,float64,5.44,1883,-40.3,UNKNOWN / NEEDS REVIEW,
sensor_data\main_data\uwb\T07\T07_0801.csv,coord_z_cm,float64,5.44,989,85.3,UNKNOWN / NEEDS REVIEW,
sensor_data\main_data\uwb\T07\T07_0802.csv,timestamp,float64,0.0,5000,1690952411.0,KEEP candidate,
sensor_data\main_data\uwb\T07\T07_0802.csv,coord_x_cm,float64,4.66,3316,255.4,UNKNOWN / NEEDS REVIEW,
sensor_data\main_data\uwb\T07\T07_0802.csv,coord_y_cm,float64,4.66,2482,-33.1,UNKNOWN / NEEDS REVIEW,
sensor_data\main_data\uwb\T07\T07_0802.csv,coord_z_cm,float64,4.66,1056,96.8,UNKNOWN / NEEDS REVIEW,
sensor_data\main_data\uwb\T07\T07_0803.csv,timestamp,float64,0.0,5000,1691038811.0,KEEP candidate,
sensor_data\main_data\uwb\T07\T07_0803.csv,coord_x_cm,float64,5.58,3148,-86.9,UNKNOWN / NEEDS REVIEW,
sensor_data\main_data\uwb\T07\T07_0803.csv,coord_y_cm,float64,5.58,2179,92.1,UNKNOWN / NEEDS REVIEW,
sensor_data\main_data\uwb\T07\T07_0803.csv,coord_z_cm,float64,5.58,1047,80.7,UNKNOWN / NEEDS REVIEW,
sensor_data\main_data\uwb\T07\T07_0804.csv,timestamp,float64,0.0,1673,1691125211.0,KEEP candidate,
sensor_data\main_data\uwb\T07\T07_0804.csv,coord_x_cm,float64,8.07,993,387.2,UNKNOWN / NEEDS REVIEW,
sensor_data\main_data\uwb\T07\T07_0804.csv,coord_y_cm,float64,8.07,884,68.3,UNKNOWN / NEEDS REVIEW,
sensor_data\main_data\uwb\T07\T07_0804.csv,coord_z_cm,float64,8.07,681,90.1,UNKNOWN / NEEDS REVIEW,
sensor_data\main_data\uwb\T08\T08_0721.csv,timestamp,float64,0.0,2747,1689960611.0,KEEP candidate,
sensor_data\main_data\uwb\T08\T08_0721.csv,coord_x_cm,float64,5.57,2145,-322.1,UNKNOWN / NEEDS REVIEW,
sensor_data\main_data\uwb\T08\T08_0721.csv,coord_y_cm,float64,5.57,1650,28.2,UNKNOWN / NEEDS REVIEW,
sensor_data\main_data\uwb\T08\T08_0721.csv,coord_z_cm,float64,5.57,1011,86.0,UNKNOWN / NEEDS REVIEW,
sensor_data\main_data\uwb\T08\T08_0722.csv,timestamp,float64,0.0,5000,1690002011.0,KEEP candidate,
sensor_data\main_data\uwb\T08\T08_0722.csv,coord_x_cm,float64,5.88,3192,526.1,UNKNOWN / NEEDS REVIEW,
sensor_data\main_data\uwb\T08\T08_0722.csv,coord_y_cm,float64,5.88,2061,-727.3,UNKNOWN / NEEDS REVIEW,
sensor_data\main_data\uwb\T08\T08_0722.csv,coord_z_cm,float64,5.88,1197,87.4,UNKNOWN / NEEDS REVIEW,
sensor_data\main_data\uwb\T08\T08_0723.csv,timestamp,float64,0.0,5000,1690088411.0,KEEP candidate,
sensor_data\main_data\uwb\T08\T08_0723.csv,coord_x_cm,float64,5.48,3249,38.3,UNKNOWN / NEEDS REVIEW,
sensor_data\main_data\uwb\T08\T08_0723.csv,coord_y_cm,float64,5.48,2243,5.8,UNKNOWN / NEEDS REVIEW,
sensor_data\main_data\uwb\T08\T08_0723.csv,coord_z_cm,float64,5.48,1237,85.7,UNKNOWN / NEEDS REVIEW,
sensor_data\main_data\uwb\T08\T08_0724.csv,timestamp,float64,0.0,5000,1690174811.0,KEEP candidate,
sensor_data\main_data\uwb\T08\T08_0724.csv,coord_x_cm,float64,5.4,3386,-240.7,UNKNOWN / NEEDS REVIEW,
sensor_data\main_data\uwb\T08\T08_0724.csv,coord_y_cm,float64,5.4,1794,-9.2,UNKNOWN / NEEDS REVIEW,
sensor_data\main_data\uwb\T08\T08_0724.csv,coord_z_cm,float64,5.4,1120,79.3,UNKNOWN / NEEDS REVIEW,
sensor_data\main_data\uwb\T08\T08_0725.csv,timestamp,float64,0.0,5000,1690261211.0,KEEP candidate,
sensor_data\main_data\uwb\T08\T08_0725.csv,coord_x_cm,float64,6.0,3543,26.0,UNKNOWN / NEEDS REVIEW,
sensor_data\main_data\uwb\T08\T08_0725.csv,coord_y_cm,float64,6.0,2244,-24.6,UNKNOWN / NEEDS REVIEW,
sensor_data\main_data\uwb\T08\T08_0725.csv,coord_z_cm,float64,6.0,1187,99.2,UNKNOWN / NEEDS REVIEW,
sensor_data\main_data\uwb\T08\T08_0726.csv,timestamp,float64,0.0,5000,1690347611.0,KEEP candidate,
sensor_data\main_data\uwb\T08\T08_0726.csv,coord_x_cm,float64,6.32,3453,-84.5,UNKNOWN / NEEDS REVIEW,
sensor_data\main_data\uwb\T08\T08_0726.csv,coord_y_cm,float64,6.32,2299,-10.9,UNKNOWN / NEEDS REVIEW,
sensor_data\main_data\uwb\T08\T08_0726.csv,coord_z_cm,float64,6.32,1163,96.3,UNKNOWN / NEEDS REVIEW,
sensor_data\main_data\uwb\T08\T08_0727.csv,timestamp,float64,0.0,5000,1690434011.0,KEEP candidate,
sensor_data\main_data\uwb\T08\T08_0727.csv,coord_x_cm,float64,5.14,3101,-276.9,UNKNOWN / NEEDS REVIEW,
sensor_data\main_data\uwb\T08\T08_0727.csv,coord_y_cm,float64,5.14,2344,-34.9,UNKNOWN / NEEDS REVIEW,
sensor_data\main_data\uwb\T08\T08_0727.csv,coord_z_cm,float64,5.14,1163,141.3,UNKNOWN / NEEDS REVIEW,
sensor_data\main_data\uwb\T08\T08_0728.csv,timestamp,float64,0.0,5000,1690520411.0,KEEP candidate,
sensor_data\main_data\uwb\T08\T08_0728.csv,coord_x_cm,float64,5.98,3011,189.8,UNKNOWN / NEEDS REVIEW,
sensor_data\main_data\uwb\T08\T08_0728.csv,coord_y_cm,float64,5.98,2119,-34.0,UNKNOWN / NEEDS REVIEW,
sensor_data\main_data\uwb\T08\T08_0728.csv,coord_z_cm,float64,5.98,1090,101.0,UNKNOWN / NEEDS REVIEW,
sensor_data\main_data\uwb\T08\T08_0729.csv,timestamp,float64,0.0,5000,1690606811.0,KEEP candidate,
sensor_data\main_data\uwb\T08\T08_0729.csv,coord_x_cm,float64,6.24,3265,143.0,UNKNOWN / NEEDS REVIEW,
sensor_data\main_data\uwb\T08\T08_0729.csv,coord_y_cm,float64,6.24,2026,-40.1,UNKNOWN / NEEDS REVIEW,
sensor_data\main_data\uwb\T08\T08_0729.csv,coord_z_cm,float64,6.24,1066,101.3,UNKNOWN / NEEDS REVIEW,
sensor_data\main_data\uwb\T08\T08_0730.csv,timestamp,float64,0.0,5000,1690693211.0,KEEP candidate,
sensor_data\main_data\uwb\T08\T08_0730.csv,coord_x_cm,float64,5.9,2867,-162.6,UNKNOWN / NEEDS REVIEW,
sensor_data\main_data\uwb\T08\T08_0730.csv,coord_y_cm,float64,5.9,1888,-11.7,UNKNOWN / NEEDS REVIEW,
sensor_data\main_data\uwb\T08\T08_0730.csv,coord_z_cm,float64,5.9,1161,129.8,UNKNOWN / NEEDS REVIEW,
sensor_data\main_data\uwb\T08\T08_0731.csv,timestamp,float64,0.0,5000,1690779611.0,KEEP candidate,
sensor_data\main_data\uwb\T08\T08_0731.csv,coord_x_cm,float64,5.46,3292,116.9,UNKNOWN / NEEDS REVIEW,
sensor_data\main_data\uwb\T08\T08_0731.csv,coord_y_cm,float64,5.46,2085,-27.8,UNKNOWN / NEEDS REVIEW,
sensor_data\main_data\uwb\T08\T08_0731.csv,coord_z_cm,float64,5.46,1033,100.0,UNKNOWN / NEEDS REVIEW,
sensor_data\main_data\uwb\T08\T08_0801.csv,timestamp,float64,0.0,5000,1690866011.0,KEEP candidate,
sensor_data\main_data\uwb\T08\T08_0801.csv,coord_x_cm,float64,5.72,3157,460.8,UNKNOWN / NEEDS REVIEW,
sensor_data\main_data\uwb\T08\T08_0801.csv,coord_y_cm,float64,5.72,2124,53.7,UNKNOWN / NEEDS REVIEW,
sensor_data\main_data\uwb\T08\T08_0801.csv,coord_z_cm,float64,5.72,1175,65.0,UNKNOWN / NEEDS REVIEW,
sensor_data\main_data\uwb\T08\T08_0802.csv,timestamp,float64,0.0,5000,1690952411.0,KEEP candidate,
sensor_data\main_data\uwb\T08\T08_0802.csv,coord_x_cm,float64,4.66,3515,395.9,UNKNOWN / NEEDS REVIEW,
sensor_data\main_data\uwb\T08\T08_0802.csv,coord_y_cm,float64,4.66,2521,-69.2,UNKNOWN / NEEDS REVIEW,
sensor_data\main_data\uwb\T08\T08_0802.csv,coord_z_cm,float64,4.66,1135,83.6,UNKNOWN / NEEDS REVIEW,
sensor_data\main_data\uwb\T08\T08_0803.csv,timestamp,float64,0.0,5000,1691038811.0,KEEP candidate,
sensor_data\main_data\uwb\T08\T08_0803.csv,coord_x_cm,float64,6.04,3341,589.7,UNKNOWN / NEEDS REVIEW,
sensor_data\main_data\uwb\T08\T08_0803.csv,coord_y_cm,float64,6.04,2581,-282.1,UNKNOWN / NEEDS REVIEW,
sensor_data\main_data\uwb\T08\T08_0803.csv,coord_z_cm,float64,6.04,1229,131.3,UNKNOWN / NEEDS REVIEW,
sensor_data\main_data\uwb\T08\T08_0804.csv,timestamp,float64,0.0,1675,1691125211.0,KEEP candidate,
sensor_data\main_data\uwb\T08\T08_0804.csv,coord_x_cm,float64,8.18,1178,-200.8,UNKNOWN / NEEDS REVIEW,
sensor_data\main_data\uwb\T08\T08_0804.csv,coord_y_cm,float64,8.18,1054,20.8,UNKNOWN / NEEDS REVIEW,
sensor_data\main_data\uwb\T08\T08_0804.csv,coord_z_cm,float64,8.18,686,85.5,UNKNOWN / NEEDS REVIEW,
sensor_data\main_data\uwb\T09\T09_0721.csv,timestamp,float64,0.0,2750,1689960611.0,KEEP candidate,
sensor_data\main_data\uwb\T09\T09_0721.csv,coord_x_cm,float64,4.95,2057,-364.9,UNKNOWN / NEEDS REVIEW,
sensor_data\main_data\uwb\T09\T09_0721.csv,coord_y_cm,float64,4.95,1654,-42.1,UNKNOWN / NEEDS REVIEW,
sensor_data\main_data\uwb\T09\T09_0721.csv,coord_z_cm,float64,4.95,929,100.0,UNKNOWN / NEEDS REVIEW,
sensor_data\main_data\uwb\T09\T09_0722.csv,timestamp,float64,0.0,5000,1690002011.0,KEEP candidate,
sensor_data\main_data\uwb\T09\T09_0722.csv,coord_x_cm,float64,5.46,3097,130.1,UNKNOWN / NEEDS REVIEW,
sensor_data\main_data\uwb\T09\T09_0722.csv,coord_y_cm,float64,5.46,2240,-66.6,UNKNOWN / NEEDS REVIEW,
sensor_data\main_data\uwb\T09\T09_0722.csv,coord_z_cm,float64,5.46,1024,85.0,UNKNOWN / NEEDS REVIEW,
sensor_data\main_data\uwb\T09\T09_0723.csv,timestamp,float64,0.0,5000,1690088411.0,KEEP candidate,
sensor_data\main_data\uwb\T09\T09_0723.csv,coord_x_cm,float64,5.06,3349,-57.4,UNKNOWN / NEEDS REVIEW,
sensor_data\main_data\uwb\T09\T09_0723.csv,coord_y_cm,float64,5.06,2619,23.5,UNKNOWN / NEEDS REVIEW,
sensor_data\main_data\uwb\T09\T09_0723.csv,coord_z_cm,float64,5.06,1117,80.0,UNKNOWN / NEEDS REVIEW,
sensor_data\main_data\uwb\T09\T09_0724.csv,timestamp,float64,0.0,5000,1690174811.0,KEEP candidate,
sensor_data\main_data\uwb\T09\T09_0724.csv,coord_x_cm,float64,5.28,3139,-194.1,UNKNOWN / NEEDS REVIEW,
sensor_data\main_data\uwb\T09\T09_0724.csv,coord_y_cm,float64,5.28,2530,-116.4,UNKNOWN / NEEDS REVIEW,
sensor_data\main_data\uwb\T09\T09_0724.csv,coord_z_cm,float64,5.28,1056,134.3,UNKNOWN / NEEDS REVIEW,
sensor_data\main_data\uwb\T09\T09_0725.csv,timestamp,float64,0.0,5000,1690261211.0,KEEP candidate,
sensor_data\main_data\uwb\T09\T09_0725.csv,coord_x_cm,float64,6.34,3369,874.0,UNKNOWN / NEEDS REVIEW,
sensor_data\main_data\uwb\T09\T09_0725.csv,coord_y_cm,float64,6.34,2530,-699.9,UNKNOWN / NEEDS REVIEW,
sensor_data\main_data\uwb\T09\T09_0725.csv,coord_z_cm,float64,6.34,1240,127.3,UNKNOWN / NEEDS REVIEW,
sensor_data\main_data\uwb\T09\T09_0726.csv,timestamp,float64,0.0,5000,1690347611.0,KEEP candidate,
sensor_data\main_data\uwb\T09\T09_0726.csv,coord_x_cm,float64,6.42,3519,-330.1,UNKNOWN / NEEDS REVIEW,
sensor_data\main_data\uwb\T09\T09_0726.csv,coord_y_cm,float64,6.42,2770,-19.4,UNKNOWN / NEEDS REVIEW,
sensor_data\main_data\uwb\T09\T09_0726.csv,coord_z_cm,float64,6.42,1158,87.4,UNKNOWN / NEEDS REVIEW,
sensor_data\main_data\uwb\T09\T09_0727.csv,timestamp,float64,0.0,5000,1690434011.0,KEEP candidate,
sensor_data\main_data\uwb\T09\T09_0727.csv,coord_x_cm,float64,5.06,3556,26.3,UNKNOWN / NEEDS REVIEW,
sensor_data\main_data\uwb\T09\T09_0727.csv,coord_y_cm,float64,5.06,2697,-26.1,UNKNOWN / NEEDS REVIEW,
sensor_data\main_data\uwb\T09\T09_0727.csv,coord_z_cm,float64,5.06,1187,99.8,UNKNOWN / NEEDS REVIEW,
sensor_data\main_data\uwb\T09\T09_0728.csv,timestamp,float64,0.0,5000,1690520411.0,KEEP candidate,
sensor_data\main_data\uwb\T09\T09_0728.csv,coord_x_cm,float64,5.7,3197,31.9,UNKNOWN / NEEDS REVIEW,
sensor_data\main_data\uwb\T09\T09_0728.csv,coord_y_cm,float64,5.7,2491,-38.5,UNKNOWN / NEEDS REVIEW,
sensor_data\main_data\uwb\T09\T09_0728.csv,coord_z_cm,float64,5.7,1146,142.3,UNKNOWN / NEEDS REVIEW,
sensor_data\main_data\uwb\T09\T09_0729.csv,timestamp,float64,0.0,5000,1690606811.0,KEEP candidate,
sensor_data\main_data\uwb\T09\T09_0729.csv,coord_x_cm,float64,6.7,3359,-864.1,UNKNOWN / NEEDS REVIEW,
sensor_data\main_data\uwb\T09\T09_0729.csv,coord_y_cm,float64,6.7,2254,-183.7,UNKNOWN / NEEDS REVIEW,
sensor_data\main_data\uwb\T09\T09_0729.csv,coord_z_cm,float64,6.7,1180,116.3,UNKNOWN / NEEDS REVIEW,
sensor_data\main_data\uwb\T09\T09_0730.csv,timestamp,float64,0.0,5000,1690693211.0,KEEP candidate,
sensor_data\main_data\uwb\T09\T09_0730.csv,coord_x_cm,float64,5.68,2685,-72.4,UNKNOWN / NEEDS REVIEW,
sensor_data\main_data\uwb\T09\T09_0730.csv,coord_y_cm,float64,5.68,2465,-4.8,UNKNOWN / NEEDS REVIEW,
sensor_data\main_data\uwb\T09\T09_0730.csv,coord_z_cm,float64,5.68,1068,88.2,UNKNOWN / NEEDS REVIEW,
sensor_data\main_data\uwb\T09\T09_0731.csv,timestamp,float64,0.0,5000,1690779611.0,KEEP candidate,
sensor_data\main_data\uwb\T09\T09_0731.csv,coord_x_cm,float64,5.58,3086,-281.1,UNKNOWN / NEEDS REVIEW,
sensor_data\main_data\uwb\T09\T09_0731.csv,coord_y_cm,float64,5.58,1963,44.6,UNKNOWN / NEEDS REVIEW,
sensor_data\main_data\uwb\T09\T09_0731.csv,coord_z_cm,float64,5.58,1100,68.8,UNKNOWN / NEEDS REVIEW,
sensor_data\main_data\uwb\T09\T09_0801.csv,timestamp,float64,0.0,5000,1690866011.0,KEEP candidate,
sensor_data\main_data\uwb\T09\T09_0801.csv,coord_x_cm,float64,5.46,3258,-48.1,UNKNOWN / NEEDS REVIEW,
sensor_data\main_data\uwb\T09\T09_0801.csv,coord_y_cm,float64,5.46,2249,-11.9,UNKNOWN / NEEDS REVIEW,
sensor_data\main_data\uwb\T09\T09_0801.csv,coord_z_cm,float64,5.46,1029,64.4,UNKNOWN / NEEDS REVIEW,
sensor_data\main_data\uwb\T09\T09_0802.csv,timestamp,float64,0.0,5000,1690952411.0,KEEP candidate,
sensor_data\main_data\uwb\T09\T09_0802.csv,coord_x_cm,float64,4.66,3321,-368.2,UNKNOWN / NEEDS REVIEW,
sensor_data\main_data\uwb\T09\T09_0802.csv,coord_y_cm,float64,4.66,2579,-50.6,UNKNOWN / NEEDS REVIEW,
sensor_data\main_data\uwb\T09\T09_0802.csv,coord_z_cm,float64,4.66,1194,151.6,UNKNOWN / NEEDS REVIEW,
sensor_data\main_data\uwb\T09\T09_0803.csv,timestamp,float64,0.0,5000,1691038811.0,KEEP candidate,
sensor_data\main_data\uwb\T09\T09_0803.csv,coord_x_cm,float64,5.44,3409,633.4,UNKNOWN / NEEDS REVIEW,
sensor_data\main_data\uwb\T09\T09_0803.csv,coord_y_cm,float64,5.44,2807,-274.6,UNKNOWN / NEEDS REVIEW,
sensor_data\main_data\uwb\T09\T09_0803.csv,coord_z_cm,float64,5.44,1091,75.1,UNKNOWN / NEEDS REVIEW,
sensor_data\main_data\uwb\T09\T09_0804.csv,timestamp,float64,0.0,1672,1691125211.0,KEEP candidate,
sensor_data\main_data\uwb\T09\T09_0804.csv,coord_x_cm,float64,7.48,1132,527.6,UNKNOWN / NEEDS REVIEW,
sensor_data\main_data\uwb\T09\T09_0804.csv,coord_y_cm,float64,7.48,1029,-899.6,UNKNOWN / NEEDS REVIEW,
sensor_data\main_data\uwb\T09\T09_0804.csv,coord_z_cm,float64,7.48,716,141.4,UNKNOWN / NEEDS REVIEW,
sensor_data\main_data\uwb\T10\T10_0721.csv,timestamp,float64,0.0,2749,1689960611.0,KEEP candidate,
sensor_data\main_data\uwb\T10\T10_0721.csv,coord_x_cm,float64,5.49,1418,-597.2,UNKNOWN / NEEDS REVIEW,
sensor_data\main_data\uwb\T10\T10_0721.csv,coord_y_cm,float64,5.49,1266,-5.9,UNKNOWN / NEEDS REVIEW,
sensor_data\main_data\uwb\T10\T10_0721.csv,coord_z_cm,float64,5.49,970,154.5,UNKNOWN / NEEDS REVIEW,
sensor_data\main_data\uwb\T10\T10_0722.csv,timestamp,float64,0.0,5000,1690002011.0,KEEP candidate,
sensor_data\main_data\uwb\T10\T10_0722.csv,coord_x_cm,float64,5.74,2890,-342.3,UNKNOWN / NEEDS REVIEW,
sensor_data\main_data\uwb\T10\T10_0722.csv,coord_y_cm,float64,5.74,1815,31.0,UNKNOWN / NEEDS REVIEW,
sensor_data\main_data\uwb\T10\T10_0722.csv,coord_z_cm,float64,5.74,1188,98.0,UNKNOWN / NEEDS REVIEW,
sensor_data\main_data\uwb\T10\T10_0723.csv,timestamp,float64,0.0,5000,1690088411.0,KEEP candidate,
sensor_data\main_data\uwb\T10\T10_0723.csv,coord_x_cm,float64,4.9,2847,-338.9,UNKNOWN / NEEDS REVIEW,
sensor_data\main_data\uwb\T10\T10_0723.csv,coord_y_cm,float64,4.9,2303,-34.0,UNKNOWN / NEEDS REVIEW,
sensor_data\main_data\uwb\T10\T10_0723.csv,coord_z_cm,float64,4.9,1139,99.0,UNKNOWN / NEEDS REVIEW,
sensor_data\main_data\uwb\T10\T10_0724.csv,timestamp,float64,0.0,5000,1690174811.0,KEEP candidate,
sensor_data\main_data\uwb\T10\T10_0724.csv,coord_x_cm,float64,5.62,3105,753.6,UNKNOWN / NEEDS REVIEW,
sensor_data\main_data\uwb\T10\T10_0724.csv,coord_y_cm,float64,5.62,2162,-480.7,UNKNOWN / NEEDS REVIEW,
sensor_data\main_data\uwb\T10\T10_0724.csv,coord_z_cm,float64,5.62,1164,139.9,UNKNOWN / NEEDS REVIEW,
sensor_data\main_data\uwb\T10\T10_0725.csv,timestamp,float64,0.0,5000,1690261211.0,KEEP candidate,
sensor_data\main_data\uwb\T10\T10_0725.csv,coord_x_cm,float64,6.32,3198,371.2,UNKNOWN / NEEDS REVIEW,
sensor_data\main_data\uwb\T10\T10_0725.csv,coord_y_cm,float64,6.32,2256,-20.1,UNKNOWN / NEEDS REVIEW,
sensor_data\main_data\uwb\T10\T10_0725.csv,coord_z_cm,float64,6.32,1280,88.1,UNKNOWN / NEEDS REVIEW,
sensor_data\main_data\uwb\T10\T10_0726.csv,timestamp,float64,0.0,5000,1690347611.0,KEEP candidate,
sensor_data\main_data\uwb\T10\T10_0726.csv,coord_x_cm,float64,6.46,2800,-353.1,UNKNOWN / NEEDS REVIEW,
sensor_data\main_data\uwb\T10\T10_0726.csv,coord_y_cm,float64,6.46,2092,22.3,UNKNOWN / NEEDS REVIEW,
sensor_data\main_data\uwb\T10\T10_0726.csv,coord_z_cm,float64,6.46,1178,79.5,UNKNOWN / NEEDS REVIEW,
sensor_data\main_data\uwb\T10\T10_0727.csv,timestamp,float64,0.0,5000,1690434011.0,KEEP candidate,
sensor_data\main_data\uwb\T10\T10_0727.csv,coord_x_cm,float64,5.24,3366,-204.0,UNKNOWN / NEEDS REVIEW,
sensor_data\main_data\uwb\T10\T10_0727.csv,coord_y_cm,float64,5.24,2123,28.9,UNKNOWN / NEEDS REVIEW,
sensor_data\main_data\uwb\T10\T10_0727.csv,coord_z_cm,float64,5.24,1211,82.0,UNKNOWN / NEEDS REVIEW,
sensor_data\main_data\uwb\T10\T10_0728.csv,timestamp,float64,0.0,4997,1690520411.0,KEEP candidate,
sensor_data\main_data\uwb\T10\T10_0728.csv,coord_x_cm,float64,6.1,3016,984.5,UNKNOWN / NEEDS REVIEW,
sensor_data\main_data\uwb\T10\T10_0728.csv,coord_y_cm,float64,6.1,1940,25.1,UNKNOWN / NEEDS REVIEW,
sensor_data\main_data\uwb\T10\T10_0728.csv,coord_z_cm,float64,6.1,1149,134.9,UNKNOWN / NEEDS REVIEW,
sensor_data\main_data\uwb\T10\T10_0729.csv,timestamp,float64,0.0,5000,1690606811.0,KEEP candidate,
sensor_data\main_data\uwb\T10\T10_0729.csv,coord_x_cm,float64,6.84,3022,310.0,UNKNOWN / NEEDS REVIEW,
sensor_data\main_data\uwb\T10\T10_0729.csv,coord_y_cm,float64,6.84,1904,15.9,UNKNOWN / NEEDS REVIEW,
sensor_data\main_data\uwb\T10\T10_0729.csv,coord_z_cm,float64,6.84,1133,39.3,UNKNOWN / NEEDS REVIEW,
sensor_data\main_data\uwb\T10\T10_0730.csv,timestamp,float64,0.0,5000,1690693211.0,KEEP candidate,
sensor_data\main_data\uwb\T10\T10_0730.csv,coord_x_cm,float64,5.36,3069,357.5,UNKNOWN / NEEDS REVIEW,
sensor_data\main_data\uwb\T10\T10_0730.csv,coord_y_cm,float64,5.36,1973,-55.3,UNKNOWN / NEEDS REVIEW,
sensor_data\main_data\uwb\T10\T10_0730.csv,coord_z_cm,float64,5.36,1183,81.3,UNKNOWN / NEEDS REVIEW,
sensor_data\main_data\uwb\T10\T10_0731.csv,timestamp,float64,0.0,5000,1690779611.0,KEEP candidate,
sensor_data\main_data\uwb\T10\T10_0731.csv,coord_x_cm,float64,5.22,3315,-62.0,UNKNOWN / NEEDS REVIEW,
sensor_data\main_data\uwb\T10\T10_0731.csv,coord_y_cm,float64,5.22,2285,34.0,UNKNOWN / NEEDS REVIEW,
sensor_data\main_data\uwb\T10\T10_0731.csv,coord_z_cm,float64,5.22,1151,80.6,UNKNOWN / NEEDS REVIEW,
sensor_data\main_data\uwb\T10\T10_0801.csv,timestamp,float64,0.0,5000,1690866011.0,KEEP candidate,
sensor_data\main_data\uwb\T10\T10_0801.csv,coord_x_cm,float64,5.74,3201,391.8,UNKNOWN / NEEDS REVIEW,
sensor_data\main_data\uwb\T10\T10_0801.csv,coord_y_cm,float64,5.74,2220,45.7,UNKNOWN / NEEDS REVIEW,
sensor_data\main_data\uwb\T10\T10_0801.csv,coord_z_cm,float64,5.74,1187,90.3,UNKNOWN / NEEDS REVIEW,
sensor_data\main_data\uwb\T10\T10_0802.csv,timestamp,float64,0.0,5000,1690952411.0,KEEP candidate,
sensor_data\main_data\uwb\T10\T10_0802.csv,coord_x_cm,float64,4.44,2985,-16.9,UNKNOWN / NEEDS REVIEW,
sensor_data\main_data\uwb\T10\T10_0802.csv,coord_y_cm,float64,4.44,2284,71.7,UNKNOWN / NEEDS REVIEW,
sensor_data\main_data\uwb\T10\T10_0802.csv,coord_z_cm,float64,4.44,1116,94.6,UNKNOWN / NEEDS REVIEW,
sensor_data\main_data\uwb\T10\T10_0803.csv,timestamp,float64,0.0,5000,1691038811.0,KEEP candidate,
sensor_data\main_data\uwb\T10\T10_0803.csv,coord_x_cm,float64,5.38,2994,-61.2,UNKNOWN / NEEDS REVIEW,
sensor_data\main_data\uwb\T10\T10_0803.csv,coord_y_cm,float64,5.38,2182,-38.5,UNKNOWN / NEEDS REVIEW,
sensor_data\main_data\uwb\T10\T10_0803.csv,coord_z_cm,float64,5.38,1082,104.4,UNKNOWN / NEEDS REVIEW,
sensor_data\main_data\uwb\T10\T10_0804.csv,timestamp,float64,0.0,1674,1691125211.0,KEEP candidate,
sensor_data\main_data\uwb\T10\T10_0804.csv,coord_x_cm,float64,7.77,850,338.8,UNKNOWN / NEEDS REVIEW,
sensor_data\main_data\uwb\T10\T10_0804.csv,coord_y_cm,float64,7.77,988,-743.3,UNKNOWN / NEEDS REVIEW,
sensor_data\main_data\uwb\T10\T10_0804.csv,coord_z_cm,float64,7.77,605,102.1,UNKNOWN / NEEDS REVIEW,
sensor_data\main_data\uwb\T13\T13_0721.csv,timestamp,float64,0.0,1075,1689985812.0,KEEP candidate,
sensor_data\main_data\uwb\T13\T13_0721.csv,coord_x_cm,float64,0.0,106,79.9,UNKNOWN / NEEDS REVIEW,
sensor_data\main_data\uwb\T13\T13_0721.csv,coord_y_cm,float64,0.0,93,540.9,UNKNOWN / NEEDS REVIEW,
sensor_data\main_data\uwb\T13\T13_0721.csv,coord_z_cm,float64,0.0,60,169.4,UNKNOWN / NEEDS REVIEW,
sensor_data\main_data\uwb\T13\T13_0722.csv,timestamp,float64,0.0,5000,1690002012.0,KEEP candidate,
sensor_data\main_data\uwb\T13\T13_0722.csv,coord_x_cm,float64,0.06,293,79.8,UNKNOWN / NEEDS REVIEW,
sensor_data\main_data\uwb\T13\T13_0722.csv,coord_y_cm,float64,0.06,221,540.8,UNKNOWN / NEEDS REVIEW,
sensor_data\main_data\uwb\T13\T13_0722.csv,coord_z_cm,float64,0.06,165,171.4,UNKNOWN / NEEDS REVIEW,
sensor_data\main_data\uwb\T13\T13_0723.csv,timestamp,float64,0.0,5000,1690088412.0,KEEP candidate,
sensor_data\main_data\uwb\T13\T13_0723.csv,coord_x_cm,float64,0.06,282,73.1,UNKNOWN / NEEDS REVIEW,
sensor_data\main_data\uwb\T13\T13_0723.csv,coord_y_cm,float64,0.06,208,541.0,UNKNOWN / NEEDS REVIEW,
sensor_data\main_data\uwb\T13\T13_0723.csv,coord_z_cm,float64,0.06,163,166.5,UNKNOWN / NEEDS REVIEW,
sensor_data\main_data\uwb\T13\T13_0724.csv,timestamp,float64,0.0,5000,1690174812.0,KEEP candidate,
sensor_data\main_data\uwb\T13\T13_0724.csv,coord_x_cm,float64,0.22,340,77.9,UNKNOWN / NEEDS REVIEW,
sensor_data\main_data\uwb\T13\T13_0724.csv,coord_y_cm,float64,0.22,312,541.8,UNKNOWN / NEEDS REVIEW,
sensor_data\main_data\uwb\T13\T13_0724.csv,coord_z_cm,float64,0.22,250,170.2,UNKNOWN / NEEDS REVIEW,
sensor_data\main_data\uwb\T13\T13_0725.csv,timestamp,float64,0.0,5000,1690261212.0,KEEP candidate,
sensor_data\main_data\uwb\T13\T13_0725.csv,coord_x_cm,float64,0.0,182,77.5,UNKNOWN / NEEDS REVIEW,
sensor_data\main_data\uwb\T13\T13_0725.csv,coord_y_cm,float64,0.0,141,539.4,UNKNOWN / NEEDS REVIEW,
sensor_data\main_data\uwb\T13\T13_0725.csv,coord_z_cm,float64,0.0,90,167.5,UNKNOWN / NEEDS REVIEW,
sensor_data\main_data\uwb\T13\T13_0726.csv,timestamp,float64,0.0,5000,1690347612.0,KEEP candidate,
sensor_data\main_data\uwb\T13\T13_0726.csv,coord_x_cm,float64,0.1,295,80.2,UNKNOWN / NEEDS REVIEW,
sensor_data\main_data\uwb\T13\T13_0726.csv,coord_y_cm,float64,0.1,240,541.5,UNKNOWN / NEEDS REVIEW,
sensor_data\main_data\uwb\T13\T13_0726.csv,coord_z_cm,float64,0.1,202,169.4,UNKNOWN / NEEDS REVIEW,
sensor_data\main_data\uwb\T13\T13_0727.csv,timestamp,float64,0.0,5000,1690434012.0,KEEP candidate,
sensor_data\main_data\uwb\T13\T13_0727.csv,coord_x_cm,float64,0.0,183,72.5,UNKNOWN / NEEDS REVIEW,
sensor_data\main_data\uwb\T13\T13_0727.csv,coord_y_cm,float64,0.0,157,537.5,UNKNOWN / NEEDS REVIEW,
sensor_data\main_data\uwb\T13\T13_0727.csv,coord_z_cm,float64,0.0,98,165.6,UNKNOWN / NEEDS REVIEW,
sensor_data\main_data\uwb\T13\T13_0728.csv,timestamp,float64,0.0,5000,1690520412.0,KEEP candidate,
sensor_data\main_data\uwb\T13\T13_0728.csv,coord_x_cm,float64,0.08,269,78.3,UNKNOWN / NEEDS REVIEW,
sensor_data\main_data\uwb\T13\T13_0728.csv,coord_y_cm,float64,0.08,230,539.3,UNKNOWN / NEEDS REVIEW,
sensor_data\main_data\uwb\T13\T13_0728.csv,coord_z_cm,float64,0.08,162,167.4,UNKNOWN / NEEDS REVIEW,
sensor_data\main_data\uwb\T13\T13_0729.csv,timestamp,float64,0.0,5000,1690606812.0,KEEP candidate,
sensor_data\main_data\uwb\T13\T13_0729.csv,coord_x_cm,float64,0.02,146,79.9,UNKNOWN / NEEDS REVIEW,
sensor_data\main_data\uwb\T13\T13_0729.csv,coord_y_cm,float64,0.02,129,533.8,UNKNOWN / NEEDS REVIEW,
sensor_data\main_data\uwb\T13\T13_0729.csv,coord_z_cm,float64,0.02,116,163.1,UNKNOWN / NEEDS REVIEW,
sensor_data\main_data\uwb\T13\T13_0730.csv,timestamp,float64,0.0,5000,1690693212.0,KEEP candidate,
sensor_data\main_data\uwb\T13\T13_0730.csv,coord_x_cm,float64,0.26,260,77.8,UNKNOWN / NEEDS REVIEW,
sensor_data\main_data\uwb\T13\T13_0730.csv,coord_y_cm,float64,0.26,269,539.9,UNKNOWN / NEEDS REVIEW,
sensor_data\main_data\uwb\T13\T13_0730.csv,coord_z_cm,float64,0.26,224,169.4,UNKNOWN / NEEDS REVIEW,
sensor_data\main_data\uwb\T13\T13_0731.csv,timestamp,float64,0.0,5000,1690779612.0,KEEP candidate,
sensor_data\main_data\uwb\T13\T13_0731.csv,coord_x_cm,float64,0.0,124,82.9,UNKNOWN / NEEDS REVIEW,
sensor_data\main_data\uwb\T13\T13_0731.csv,coord_y_cm,float64,0.0,124,541.0,UNKNOWN / NEEDS REVIEW,
sensor_data\main_data\uwb\T13\T13_0731.csv,coord_z_cm,float64,0.0,83,171.1,UNKNOWN / NEEDS REVIEW,
sensor_data\main_data\uwb\T13\T13_0801.csv,timestamp,float64,0.0,5000,1690866012.0,KEEP candidate,
sensor_data\main_data\uwb\T13\T13_0801.csv,coord_x_cm,float64,0.22,291,81.3,UNKNOWN / NEEDS REVIEW,
sensor_data\main_data\uwb\T13\T13_0801.csv,coord_y_cm,float64,0.22,298,542.3,UNKNOWN / NEEDS REVIEW,
sensor_data\main_data\uwb\T13\T13_0801.csv,coord_z_cm,float64,0.22,222,169.9,UNKNOWN / NEEDS REVIEW,
sensor_data\main_data\uwb\T13\T13_0802.csv,timestamp,float64,0.0,5000,1690952412.0,KEEP candidate,
sensor_data\main_data\uwb\T13\T13_0802.csv,coord_x_cm,float64,0.14,256,78.8,UNKNOWN / NEEDS REVIEW,
sensor_data\main_data\uwb\T13\T13_0802.csv,coord_y_cm,float64,0.14,210,541.3,UNKNOWN / NEEDS REVIEW,
sensor_data\main_data\uwb\T13\T13_0802.csv,coord_z_cm,float64,0.14,158,167.0,UNKNOWN / NEEDS REVIEW,
sensor_data\main_data\uwb\T13\T13_0803.csv,timestamp,float64,0.0,5000,1691038812.0,KEEP candidate,
sensor_data\main_data\uwb\T13\T13_0803.csv,coord_x_cm,float64,0.16,290,80.1,UNKNOWN / NEEDS REVIEW,
sensor_data\main_data\uwb\T13\T13_0803.csv,coord_y_cm,float64,0.16,273,539.4,UNKNOWN / NEEDS REVIEW,
sensor_data\main_data\uwb\T13\T13_0803.csv,coord_z_cm,float64,0.16,211,166.5,UNKNOWN / NEEDS REVIEW,
sensor_data\main_data\uwb\T13\T13_0804.csv,timestamp,float64,0.0,1672,1691125212.0,KEEP candidate,
sensor_data\main_data\uwb\T13\T13_0804.csv,coord_x_cm,float64,0.18,205,81.4,UNKNOWN / NEEDS REVIEW,
sensor_data\main_data\uwb\T13\T13_0804.csv,coord_y_cm,float64,0.18,211,543.4,UNKNOWN / NEEDS REVIEW,
sensor_data\main_data\uwb\T13\T13_0804.csv,coord_z_cm,float64,0.18,141,169.8,UNKNOWN / NEEDS REVIEW,
sensor_data\main_data\uwb\T14\T14_0721.csv,timestamp,float64,0.0,2628,1689962412.0,KEEP candidate,
sensor_data\main_data\uwb\T14\T14_0721.csv,coord_x_cm,float64,0.04,123,300.3,UNKNOWN / NEEDS REVIEW,
sensor_data\main_data\uwb\T14\T14_0721.csv,coord_y_cm,float64,0.04,115,-647.6,UNKNOWN / NEEDS REVIEW,
sensor_data\main_data\uwb\T14\T14_0721.csv,coord_z_cm,float64,0.04,149,169.8,UNKNOWN / NEEDS REVIEW,
sensor_data\main_data\uwb\T14\T14_0722.csv,timestamp,float64,0.0,5000,1690002012.0,KEEP candidate,
sensor_data\main_data\uwb\T14\T14_0722.csv,coord_x_cm,float64,0.12,152,301.2,UNKNOWN / NEEDS REVIEW,
sensor_data\main_data\uwb\T14\T14_0722.csv,coord_y_cm,float64,0.12,124,-646.0,UNKNOWN / NEEDS REVIEW,
sensor_data\main_data\uwb\T14\T14_0722.csv,coord_z_cm,float64,0.12,158,176.4,UNKNOWN / NEEDS REVIEW,
sensor_data\main_data\uwb\T14\T14_0723.csv,timestamp,float64,0.0,5000,1690088412.0,KEEP candidate,
sensor_data\main_data\uwb\T14\T14_0723.csv,coord_x_cm,float64,0.3,301,301.9,UNKNOWN / NEEDS REVIEW,
sensor_data\main_data\uwb\T14\T14_0723.csv,coord_y_cm,float64,0.3,256,-645.3,UNKNOWN / NEEDS REVIEW,
sensor_data\main_data\uwb\T14\T14_0723.csv,coord_z_cm,float64,0.3,322,176.9,UNKNOWN / NEEDS REVIEW,
sensor_data\main_data\uwb\T14\T14_0724.csv,timestamp,float64,0.0,5000,1690174812.0,KEEP candidate,
sensor_data\main_data\uwb\T14\T14_0724.csv,coord_x_cm,float64,0.16,223,407.0,UNKNOWN / NEEDS REVIEW,
sensor_data\main_data\uwb\T14\T14_0724.csv,coord_y_cm,float64,0.16,193,-545.0,UNKNOWN / NEEDS REVIEW,
sensor_data\main_data\uwb\T14\T14_0724.csv,coord_z_cm,float64,0.16,219,209.1,UNKNOWN / NEEDS REVIEW,
sensor_data\main_data\uwb\T14\T14_0725.csv,timestamp,float64,0.0,5000,1690261212.0,KEEP candidate,
sensor_data\main_data\uwb\T14\T14_0725.csv,coord_x_cm,float64,0.5,384,302.1,UNKNOWN / NEEDS REVIEW,
sensor_data\main_data\uwb\T14\T14_0725.csv,coord_y_cm,float64,0.5,347,-645.3,UNKNOWN / NEEDS REVIEW,
sensor_data\main_data\uwb\T14\T14_0725.csv,coord_z_cm,float64,0.5,425,175.7,UNKNOWN / NEEDS REVIEW,
sensor_data\main_data\uwb\T14\T14_0726.csv,timestamp,float64,0.0,5000,1690347612.0,KEEP candidate,
sensor_data\main_data\uwb\T14\T14_0726.csv,coord_x_cm,float64,0.14,196,300.3,UNKNOWN / NEEDS REVIEW,
sensor_data\main_data\uwb\T14\T14_0726.csv,coord_y_cm,float64,0.14,155,-645.7,UNKNOWN / NEEDS REVIEW,
sensor_data\main_data\uwb\T14\T14_0726.csv,coord_z_cm,float64,0.14,186,174.6,UNKNOWN / NEEDS REVIEW,
sensor_data\main_data\uwb\T14\T14_0727.csv,timestamp,float64,0.0,5000,1690434012.0,KEEP candidate,
sensor_data\main_data\uwb\T14\T14_0727.csv,coord_x_cm,float64,0.0,109,302.3,UNKNOWN / NEEDS REVIEW,
sensor_data\main_data\uwb\T14\T14_0727.csv,coord_y_cm,float64,0.0,127,-644.5,UNKNOWN / NEEDS REVIEW,
sensor_data\main_data\uwb\T14\T14_0727.csv,coord_z_cm,float64,0.0,168,175.6,UNKNOWN / NEEDS REVIEW,
sensor_data\main_data\uwb\T14\T14_0728.csv,timestamp,float64,0.0,5000,1690520412.0,KEEP candidate,
sensor_data\main_data\uwb\T14\T14_0728.csv,coord_x_cm,float64,0.02,158,301.3,UNKNOWN / NEEDS REVIEW,
sensor_data\main_data\uwb\T14\T14_0728.csv,coord_y_cm,float64,0.02,152,-645.7,UNKNOWN / NEEDS REVIEW,
sensor_data\main_data\uwb\T14\T14_0728.csv,coord_z_cm,float64,0.02,198,176.6,UNKNOWN / NEEDS REVIEW,
sensor_data\main_data\uwb\T14\T14_0729.csv,timestamp,float64,0.0,5000,1690606812.0,KEEP candidate,
sensor_data\main_data\uwb\T14\T14_0729.csv,coord_x_cm,float64,0.22,217,300.3,UNKNOWN / NEEDS REVIEW,
sensor_data\main_data\uwb\T14\T14_0729.csv,coord_y_cm,float64,0.22,183,-645.6,UNKNOWN / NEEDS REVIEW,
sensor_data\main_data\uwb\T14\T14_0729.csv,coord_z_cm,float64,0.22,254,179.8,UNKNOWN / NEEDS REVIEW,
sensor_data\main_data\uwb\T14\T14_0730.csv,timestamp,float64,0.0,5000,1690693212.0,KEEP candidate,
sensor_data\main_data\uwb\T14\T14_0730.csv,coord_x_cm,float64,0.16,237,300.7,UNKNOWN / NEEDS REVIEW,
sensor_data\main_data\uwb\T14\T14_0730.csv,coord_y_cm,float64,0.16,197,-645.3,UNKNOWN / NEEDS REVIEW,
sensor_data\main_data\uwb\T14\T14_0730.csv,coord_z_cm,float64,0.16,253,176.4,UNKNOWN / NEEDS REVIEW,
sensor_data\main_data\uwb\T14\T14_0731.csv,timestamp,float64,0.0,5000,1690779612.0,KEEP candidate,
sensor_data\main_data\uwb\T14\T14_0731.csv,coord_x_cm,float64,0.36,289,302.0,UNKNOWN / NEEDS REVIEW,
sensor_data\main_data\uwb\T14\T14_0731.csv,coord_y_cm,float64,0.36,248,-645.0,UNKNOWN / NEEDS REVIEW,
sensor_data\main_data\uwb\T14\T14_0731.csv,coord_z_cm,float64,0.36,306,176.7,UNKNOWN / NEEDS REVIEW,
sensor_data\main_data\uwb\T14\T14_0801.csv,timestamp,float64,0.0,5000,1690866012.0,KEEP candidate,
sensor_data\main_data\uwb\T14\T14_0801.csv,coord_x_cm,float64,0.1,154,301.5,UNKNOWN / NEEDS REVIEW,
sensor_data\main_data\uwb\T14\T14_0801.csv,coord_y_cm,float64,0.1,147,-644.5,UNKNOWN / NEEDS REVIEW,
sensor_data\main_data\uwb\T14\T14_0801.csv,coord_z_cm,float64,0.1,183,175.9,UNKNOWN / NEEDS REVIEW,
sensor_data\main_data\uwb\T14\T14_0802.csv,timestamp,float64,0.0,5000,1690952412.0,KEEP candidate,
sensor_data\main_data\uwb\T14\T14_0802.csv,coord_x_cm,float64,0.38,368,301.8,UNKNOWN / NEEDS REVIEW,
sensor_data\main_data\uwb\T14\T14_0802.csv,coord_y_cm,float64,0.38,323,-644.7,UNKNOWN / NEEDS REVIEW,
sensor_data\main_data\uwb\T14\T14_0802.csv,coord_z_cm,float64,0.38,388,174.4,UNKNOWN / NEEDS REVIEW,
sensor_data\main_data\uwb\T14\T14_0803.csv,timestamp,float64,0.0,5000,1691038812.0,KEEP candidate,
sensor_data\main_data\uwb\T14\T14_0803.csv,coord_x_cm,float64,0.0,91,300.3,UNKNOWN / NEEDS REVIEW,
sensor_data\main_data\uwb\T14\T14_0803.csv,coord_y_cm,float64,0.0,86,-643.8,UNKNOWN / NEEDS REVIEW,
sensor_data\main_data\uwb\T14\T14_0803.csv,coord_z_cm,float64,0.0,127,176.5,UNKNOWN / NEEDS REVIEW,
sensor_data\main_data\uwb\T14\T14_0804.csv,timestamp,float64,0.0,1672,1691125212.0,KEEP candidate,
sensor_data\main_data\uwb\T14\T14_0804.csv,coord_x_cm,float64,0.0,73,300.3,UNKNOWN / NEEDS REVIEW,
sensor_data\main_data\uwb\T14\T14_0804.csv,coord_y_cm,float64,0.0,52,-643.3,UNKNOWN / NEEDS REVIEW,
sensor_data\main_data\uwb\T14\T14_0804.csv,coord_z_cm,float64,0.0,78,175.9,UNKNOWN / NEEDS REVIEW,
sensor_data\main_data\weather\07_21_2023.xlsx,Time,object,0.0,287,00:04:00,KEEP candidate,
sensor_data\main_data\weather\07_21_2023.xlsx,Temperature,str,0.0,164,60.7 °F,KEEP candidate,
sensor_data\main_data\weather\07_21_2023.xlsx,Dew Point,str,0.0,77,57.1 °F,UNKNOWN / NEEDS REVIEW,
sensor_data\main_data\weather\07_21_2023.xlsx,Humidity,str,0.0,52,88 %,IDENTIFIER,
sensor_data\main_data\weather\07_21_2023.xlsx,Wind,str,3.83,15,NNW,UNKNOWN / NEEDS REVIEW,
sensor_data\main_data\weather\07_21_2023.xlsx,Speed,str,0.0,57,2.3 mph,UNKNOWN / NEEDS REVIEW,
sensor_data\main_data\weather\07_21_2023.xlsx,Gust,str,0.0,65,2.8 mph,UNKNOWN / NEEDS REVIEW,
sensor_data\main_data\weather\07_21_2023.xlsx,Pressure,str,0.0,11,29.65 in,UNKNOWN / NEEDS REVIEW,
sensor_data\main_data\weather\07_21_2023.xlsx,Precip. Rate.,str,0.0,1,0.00 in,KEEP candidate,
sensor_data\main_data\weather\07_21_2023.xlsx,Precip. Accum.,str,0.0,1,0.00 in,KEEP candidate,
sensor_data\main_data\weather\07_21_2023.xlsx,UV,int64,0.0,9,0,UNKNOWN / NEEDS REVIEW,
sensor_data\main_data\weather\07_21_2023.xlsx,Solar,str,0.0,177,0 w/m²,UNKNOWN / NEEDS REVIEW,
sensor_data\main_data\weather\07_22_2023.xlsx,Time,object,0.0,288,00:04:00,KEEP candidate,
sensor_data\main_data\weather\07_22_2023.xlsx,Temperature,str,0.0,138,65.4 °F,KEEP candidate,
sensor_data\main_data\weather\07_22_2023.xlsx,Dew Point,str,0.0,84,59.5 °F,UNKNOWN / NEEDS REVIEW,
sensor_data\main_data\weather\07_22_2023.xlsx,Humidity,str,0.0,43,81 %,IDENTIFIER,
sensor_data\main_data\weather\07_22_2023.xlsx,Wind,str,2.43,16,SE,UNKNOWN / NEEDS REVIEW,
sensor_data\main_data\weather\07_22_2023.xlsx,Speed,str,0.0,63,1.2 mph,UNKNOWN / NEEDS REVIEW,
sensor_data\main_data\weather\07_22_2023.xlsx,Gust,str,0.0,80,1.7 mph,UNKNOWN / NEEDS REVIEW,
sensor_data\main_data\weather\07_22_2023.xlsx,Pressure,str,0.0,16,29.59 in,UNKNOWN / NEEDS REVIEW,
sensor_data\main_data\weather\07_22_2023.xlsx,Precip. Rate.,str,0.0,1,0.00 in,KEEP candidate,
sensor_data\main_data\weather\07_22_2023.xlsx,Precip. Accum.,str,0.0,1,0.00 in,KEEP candidate,
sensor_data\main_data\weather\07_22_2023.xlsx,UV,int64,0.0,10,0,UNKNOWN / NEEDS REVIEW,
sensor_data\main_data\weather\07_22_2023.xlsx,Solar,str,0.0,173,0 w/m²,UNKNOWN / NEEDS REVIEW,
sensor_data\main_data\weather\07_23_2023.xlsx,Time,object,0.0,287,00:04:00,KEEP candidate,
sensor_data\main_data\weather\07_23_2023.xlsx,Temperature,str,0.0,162,60.0 °F,KEEP candidate,
sensor_data\main_data\weather\07_23_2023.xlsx,Dew Point,str,0.0,103,59.7 °F,UNKNOWN / NEEDS REVIEW,
sensor_data\main_data\weather\07_23_2023.xlsx,Humidity,str,0.0,41,99 %,IDENTIFIER,
sensor_data\main_data\weather\07_23_2023.xlsx,Wind,str,5.23,16,NNW,UNKNOWN / NEEDS REVIEW,
sensor_data\main_data\weather\07_23_2023.xlsx,Speed,str,0.0,46,1.3 mph,UNKNOWN / NEEDS REVIEW,
sensor_data\main_data\weather\07_23_2023.xlsx,Gust,str,0.0,59,1.9 mph,UNKNOWN / NEEDS REVIEW,
sensor_data\main_data\weather\07_23_2023.xlsx,Pressure,str,0.0,11,29.51 in,UNKNOWN / NEEDS REVIEW,
sensor_data\main_data\weather\07_23_2023.xlsx,Precip. Rate.,str,0.0,1,0.00 in,KEEP candidate,
sensor_data\main_data\weather\07_23_2023.xlsx,Precip. Accum.,str,0.0,1,0.00 in,KEEP candidate,
sensor_data\main_data\weather\07_23_2023.xlsx,UV,int64,0.0,12,0,UNKNOWN / NEEDS REVIEW,
sensor_data\main_data\weather\07_23_2023.xlsx,Solar,str,0.0,165,0 w/m²,UNKNOWN / NEEDS REVIEW,
sensor_data\main_data\weather\07_24_2023.xlsx,Time,object,0.0,288,00:04:00,KEEP candidate,
sensor_data\main_data\weather\07_24_2023.xlsx,Temperature,str,0.0,157,67.6 °F,KEEP candidate,
sensor_data\main_data\weather\07_24_2023.xlsx,Dew Point,str,0.0,70,63.9 °F,UNKNOWN / NEEDS REVIEW,
sensor_data\main_data\weather\07_24_2023.xlsx,Humidity,str,0.0,44,88 %,IDENTIFIER,
sensor_data\main_data\weather\07_24_2023.xlsx,Wind,str,9.38,16,NNW,UNKNOWN / NEEDS REVIEW,
sensor_data\main_data\weather\07_24_2023.xlsx,Speed,str,0.0,49,1.4 mph,UNKNOWN / NEEDS REVIEW,
sensor_data\main_data\weather\07_24_2023.xlsx,Gust,str,0.0,57,2.0 mph,UNKNOWN / NEEDS REVIEW,
sensor_data\main_data\weather\07_24_2023.xlsx,Pressure,str,0.0,10,29.61 in,UNKNOWN / NEEDS REVIEW,
sensor_data\main_data\weather\07_24_2023.xlsx,Precip. Rate.,str,0.0,1,0.00 in,KEEP candidate,
sensor_data\main_data\weather\07_24_2023.xlsx,Precip. Accum.,str,0.0,1,0.00 in,KEEP candidate,
sensor_data\main_data\weather\07_24_2023.xlsx,UV,int64,0.0,8,0,UNKNOWN / NEEDS REVIEW,
sensor_data\main_data\weather\07_24_2023.xlsx,Solar,str,0.0,169,0 w/m²,UNKNOWN / NEEDS REVIEW,
sensor_data\main_data\weather\07_25_2023.xlsx,Time,object,0.0,288,00:04:00,KEEP candidate,
sensor_data\main_data\weather\07_25_2023.xlsx,Temperature,str,0.0,159,71.7 °F,KEEP candidate,
sensor_data\main_data\weather\07_25_2023.xlsx,Dew Point,str,0.0,71,66.3 °F,UNKNOWN / NEEDS REVIEW,
sensor_data\main_data\weather\07_25_2023.xlsx,Humidity,str,0.0,39,83 %,IDENTIFIER,
sensor_data\main_data\weather\07_25_2023.xlsx,Wind,str,0.0,14,South,UNKNOWN / NEEDS REVIEW,
sensor_data\main_data\weather\07_25_2023.xlsx,Speed,str,0.0,67,3.0 mph,UNKNOWN / NEEDS REVIEW,
sensor_data\main_data\weather\07_25_2023.xlsx,Gust,str,0.0,79,3.4 mph,UNKNOWN / NEEDS REVIEW,
sensor_data\main_data\weather\07_25_2023.xlsx,Pressure,str,0.0,16,29.69 in,UNKNOWN / NEEDS REVIEW,
sensor_data\main_data\weather\07_25_2023.xlsx,Precip. Rate.,str,0.0,1,0.00 in,KEEP candidate,
sensor_data\main_data\weather\07_25_2023.xlsx,Precip. Accum.,str,0.0,1,0.00 in,KEEP candidate,
sensor_data\main_data\weather\07_25_2023.xlsx,UV,int64,0.0,9,0,UNKNOWN / NEEDS REVIEW,
sensor_data\main_data\weather\07_25_2023.xlsx,Solar,str,0.0,167,0 w/m²,UNKNOWN / NEEDS REVIEW,
sensor_data\main_data\weather\07_26_2023.xlsx,Time,object,0.0,288,00:04:00,KEEP candidate,
sensor_data\main_data\weather\07_26_2023.xlsx,Temperature,str,0.0,115,71.8 °F,KEEP candidate,
sensor_data\main_data\weather\07_26_2023.xlsx,Dew Point,str,0.0,72,67.7 °F,UNKNOWN / NEEDS REVIEW,
sensor_data\main_data\weather\07_26_2023.xlsx,Humidity,str,0.0,34,87 %,IDENTIFIER,
sensor_data\main_data\weather\07_26_2023.xlsx,Wind,str,2.78,16,ENE,UNKNOWN / NEEDS REVIEW,
sensor_data\main_data\weather\07_26_2023.xlsx,Speed,str,0.0,66,0.2 mph,UNKNOWN / NEEDS REVIEW,
sensor_data\main_data\weather\07_26_2023.xlsx,Gust,str,0.0,79,0.7 mph,UNKNOWN / NEEDS REVIEW,
sensor_data\main_data\weather\07_26_2023.xlsx,Pressure,str,0.0,21,29.56 in,UNKNOWN / NEEDS REVIEW,
sensor_data\main_data\weather\07_26_2023.xlsx,Precip. Rate.,str,0.0,1,0.00 in,KEEP candidate,
sensor_data\main_data\weather\07_26_2023.xlsx,Precip. Accum.,str,0.0,1,0.00 in,KEEP candidate,
sensor_data\main_data\weather\07_26_2023.xlsx,UV,int64,0.0,10,0,UNKNOWN / NEEDS REVIEW,
sensor_data\main_data\weather\07_26_2023.xlsx,Solar,str,0.0,159,0 w/m²,UNKNOWN / NEEDS REVIEW,
sensor_data\main_data\weather\07_27_2023.xlsx,Time,object,0.0,287,00:04:00,KEEP candidate,
sensor_data\main_data\weather\07_27_2023.xlsx,Temperature,str,0.0,155,72.3 °F,KEEP candidate,
sensor_data\main_data\weather\07_27_2023.xlsx,Dew Point,str,0.0,91,70.2 °F,UNKNOWN / NEEDS REVIEW,
sensor_data\main_data\weather\07_27_2023.xlsx,Humidity,str,0.0,39,93 %,IDENTIFIER,
sensor_data\main_data\weather\07_27_2023.xlsx,Wind,str,2.79,13,NNW,UNKNOWN / NEEDS REVIEW,
sensor_data\main_data\weather\07_27_2023.xlsx,Speed,str,0.0,80,3.5 mph,UNKNOWN / NEEDS REVIEW,
sensor_data\main_data\weather\07_27_2023.xlsx,Gust,str,0.0,96,3.8 mph,UNKNOWN / NEEDS REVIEW,
sensor_data\main_data\weather\07_27_2023.xlsx,Pressure,str,0.0,16,29.51 in,UNKNOWN / NEEDS REVIEW,
sensor_data\main_data\weather\07_27_2023.xlsx,Precip. Rate.,str,0.0,1,0.00 in,KEEP candidate,
sensor_data\main_data\weather\07_27_2023.xlsx,Precip. Accum.,str,0.0,1,0.00 in,KEEP candidate,
sensor_data\main_data\weather\07_27_2023.xlsx,UV,int64,0.0,11,0,UNKNOWN / NEEDS REVIEW,
sensor_data\main_data\weather\07_27_2023.xlsx,Solar,str,0.0,172,0 w/m²,UNKNOWN / NEEDS REVIEW,
sensor_data\main_data\weather\07_28_2023.xlsx,Time,object,0.0,288,00:04:00,KEEP candidate,
sensor_data\main_data\weather\07_28_2023.xlsx,Temperature,str,0.0,145,73.9 °F,KEEP candidate,
sensor_data\main_data\weather\07_28_2023.xlsx,Dew Point,str,0.0,94,67.0 °F,UNKNOWN / NEEDS REVIEW,
sensor_data\main_data\weather\07_28_2023.xlsx,Humidity,str,0.0,36,79 %,IDENTIFIER,
sensor_data\main_data\weather\07_28_2023.xlsx,Wind,str,3.47,15,West,UNKNOWN / NEEDS REVIEW,
sensor_data\main_data\weather\07_28_2023.xlsx,Speed,str,0.0,73,10.2 mph,UNKNOWN / NEEDS REVIEW,
sensor_data\main_data\weather\07_28_2023.xlsx,Gust,str,0.0,84,14.6 mph,UNKNOWN / NEEDS REVIEW,
sensor_data\main_data\weather\07_28_2023.xlsx,Pressure,str,0.0,23,29.66 in,UNKNOWN / NEEDS REVIEW,
sensor_data\main_data\weather\07_28_2023.xlsx,Precip. Rate.,str,0.0,1,0.00 in,KEEP candidate,
sensor_data\main_data\weather\07_28_2023.xlsx,Precip. Accum.,str,0.0,1,0.00 in,KEEP candidate,
sensor_data\main_data\weather\07_28_2023.xlsx,UV,int64,0.0,10,0,UNKNOWN / NEEDS REVIEW,
sensor_data\main_data\weather\07_28_2023.xlsx,Solar,str,0.0,160,0 w/m²,UNKNOWN / NEEDS REVIEW,
sensor_data\main_data\weather\07_29_2023.xlsx,Time,object,0.0,288,00:04:00,KEEP candidate,
sensor_data\main_data\weather\07_29_2023.xlsx,Temperature,str,0.0,131,66.0 °F,KEEP candidate,
sensor_data\main_data\weather\07_29_2023.xlsx,Dew Point,str,0.0,71,65.6 °F,UNKNOWN / NEEDS REVIEW,
sensor_data\main_data\weather\07_29_2023.xlsx,Humidity,str,0.0,35,99 %,IDENTIFIER,
sensor_data\main_data\weather\07_29_2023.xlsx,Wind,str,11.46,16,NNE,UNKNOWN / NEEDS REVIEW,
sensor_data\main_data\weather\07_29_2023.xlsx,Speed,str,0.0,71,0.0 mph,UNKNOWN / NEEDS REVIEW,
sensor_data\main_data\weather\07_29_2023.xlsx,Gust,str,0.0,84,0.2 mph,UNKNOWN / NEEDS REVIEW,
sensor_data\main_data\weather\07_29_2023.xlsx,Pressure,str,0.0,18,29.61 in,UNKNOWN / NEEDS REVIEW,
sensor_data\main_data\weather\07_29_2023.xlsx,Precip. Rate.,str,0.0,1,0.00 in,KEEP candidate,
sensor_data\main_data\weather\07_29_2023.xlsx,Precip. Accum.,str,0.0,1,0.00 in,KEEP candidate,
sensor_data\main_data\weather\07_29_2023.xlsx,UV,int64,0.0,11,0,UNKNOWN / NEEDS REVIEW,
sensor_data\main_data\weather\07_29_2023.xlsx,Solar,str,0.0,172,0 w/m²,UNKNOWN / NEEDS REVIEW,
sensor_data\main_data\weather\07_30_2023.xlsx,Time,object,0.0,288,00:04:00,KEEP candidate,
sensor_data\main_data\weather\07_30_2023.xlsx,Temperature,str,0.0,141,67.6 °F,KEEP candidate,
sensor_data\main_data\weather\07_30_2023.xlsx,Dew Point,str,0.0,65,60.9 °F,UNKNOWN / NEEDS REVIEW,
sensor_data\main_data\weather\07_30_2023.xlsx,Humidity,str,0.0,45,79 %,IDENTIFIER,
sensor_data\main_data\weather\07_30_2023.xlsx,Wind,str,10.07,8,NNW,UNKNOWN / NEEDS REVIEW,
sensor_data\main_data\weather\07_30_2023.xlsx,Speed,str,0.0,77,5.6 mph,UNKNOWN / NEEDS REVIEW,
sensor_data\main_data\weather\07_30_2023.xlsx,Gust,str,0.0,92,7.1 mph,UNKNOWN / NEEDS REVIEW,
sensor_data\main_data\weather\07_30_2023.xlsx,Pressure,str,0.0,9,29.71 in,UNKNOWN / NEEDS REVIEW,
sensor_data\main_data\weather\07_30_2023.xlsx,Precip. Rate.,str,0.0,1,0.00 in,KEEP candidate,
sensor_data\main_data\weather\07_30_2023.xlsx,Precip. Accum.,str,0.0,1,0.00 in,KEEP candidate,
sensor_data\main_data\weather\07_30_2023.xlsx,UV,int64,0.0,10,0,UNKNOWN / NEEDS REVIEW,
sensor_data\main_data\weather\07_30_2023.xlsx,Solar,str,0.0,168,0 w/m²,UNKNOWN / NEEDS REVIEW,
sensor_data\main_data\weather\07_31_2023.xlsx,Time,object,0.0,288,00:04:00,KEEP candidate,
sensor_data\main_data\weather\07_31_2023.xlsx,Temperature,str,0.0,167,61.6 °F,KEEP candidate,
sensor_data\main_data\weather\07_31_2023.xlsx,Dew Point,str,0.0,93,58.3 °F,UNKNOWN / NEEDS REVIEW,
sensor_data\main_data\weather\07_31_2023.xlsx,Humidity,str,0.0,44,89 %,IDENTIFIER,
sensor_data\main_data\weather\07_31_2023.xlsx,Wind,str,12.85,13,NNW,UNKNOWN / NEEDS REVIEW,
sensor_data\main_data\weather\07_31_2023.xlsx,Speed,str,0.0,43,1.6 mph,UNKNOWN / NEEDS REVIEW,
sensor_data\main_data\weather\07_31_2023.xlsx,Gust,str,0.0,53,2.2 mph,UNKNOWN / NEEDS REVIEW,
sensor_data\main_data\weather\07_31_2023.xlsx,Pressure,str,0.0,10,29.75 in,UNKNOWN / NEEDS REVIEW,
sensor_data\main_data\weather\07_31_2023.xlsx,Precip. Rate.,str,0.0,1,0.00 in,KEEP candidate,
sensor_data\main_data\weather\07_31_2023.xlsx,Precip. Accum.,str,0.0,1,0.00 in,KEEP candidate,
sensor_data\main_data\weather\07_31_2023.xlsx,UV,int64,0.0,8,0,UNKNOWN / NEEDS REVIEW,
sensor_data\main_data\weather\07_31_2023.xlsx,Solar,str,0.0,171,0 w/m²,UNKNOWN / NEEDS REVIEW,
sensor_data\main_data\weather\08_01_2023.xlsx,Time,object,0.0,287,00:04:00,KEEP candidate,
sensor_data\main_data\weather\08_01_2023.xlsx,Temperature,str,0.0,158,63.6 °F,KEEP candidate,
sensor_data\main_data\weather\08_01_2023.xlsx,Dew Point,str,0.0,95,58.6 °F,UNKNOWN / NEEDS REVIEW,
sensor_data\main_data\weather\08_01_2023.xlsx,Humidity,str,0.0,37,84 %,IDENTIFIER,
sensor_data\main_data\weather\08_01_2023.xlsx,Wind,str,0.35,16,NNE,UNKNOWN / NEEDS REVIEW,
sensor_data\main_data\weather\08_01_2023.xlsx,Speed,str,0.0,49,0.0 mph,UNKNOWN / NEEDS REVIEW,
sensor_data\main_data\weather\08_01_2023.xlsx,Gust,str,0.0,63,0.0 mph,UNKNOWN / NEEDS REVIEW,
sensor_data\main_data\weather\08_01_2023.xlsx,Pressure,str,0.0,12,29.79 in,UNKNOWN / NEEDS REVIEW,
sensor_data\main_data\weather\08_01_2023.xlsx,Precip. Rate.,str,0.0,1,0.00 in,KEEP candidate,
sensor_data\main_data\weather\08_01_2023.xlsx,Precip. Accum.,str,0.0,1,0.00 in,KEEP candidate,
sensor_data\main_data\weather\08_01_2023.xlsx,UV,int64,0.0,10,0,UNKNOWN / NEEDS REVIEW,
sensor_data\main_data\weather\08_01_2023.xlsx,Solar,str,0.0,175,0 w/m²,UNKNOWN / NEEDS REVIEW,
sensor_data\main_data\weather\08_02_2023.xlsx,Time,object,0.0,286,00:04:00,KEEP candidate,
sensor_data\main_data\weather\08_02_2023.xlsx,Temperature,str,0.0,137,69.8 °F,KEEP candidate,
sensor_data\main_data\weather\08_02_2023.xlsx,Dew Point,str,0.0,66,66.7 °F,UNKNOWN / NEEDS REVIEW,
sensor_data\main_data\weather\08_02_2023.xlsx,Humidity,str,0.0,34,90 %,IDENTIFIER,
sensor_data\main_data\weather\08_02_2023.xlsx,Wind,str,0.0,8,SSE,UNKNOWN / NEEDS REVIEW,
sensor_data\main_data\weather\08_02_2023.xlsx,Speed,str,0.0,76,1.6 mph,UNKNOWN / NEEDS REVIEW,
sensor_data\main_data\weather\08_02_2023.xlsx,Gust,str,0.0,85,2.1 mph,UNKNOWN / NEEDS REVIEW,
sensor_data\main_data\weather\08_02_2023.xlsx,Pressure,str,0.0,13,29.73 in,UNKNOWN / NEEDS REVIEW,
sensor_data\main_data\weather\08_02_2023.xlsx,Precip. Rate.,str,0.0,1,0.00 in,KEEP candidate,
sensor_data\main_data\weather\08_02_2023.xlsx,Precip. Accum.,str,0.0,1,0.00 in,KEEP candidate,
sensor_data\main_data\weather\08_02_2023.xlsx,UV,int64,0.0,10,0,UNKNOWN / NEEDS REVIEW,
sensor_data\main_data\weather\08_02_2023.xlsx,Solar,str,0.0,167,0 w/m²,UNKNOWN / NEEDS REVIEW,
sensor_data\main_data\weather\08_03_2023.xlsx,Time,object,0.0,281,00:04:00,KEEP candidate,
sensor_data\main_data\weather\08_03_2023.xlsx,Temperature,str,0.0,153,68.8 °F,KEEP candidate,
sensor_data\main_data\weather\08_03_2023.xlsx,Dew Point,str,0.0,109,67.9 °F,UNKNOWN / NEEDS REVIEW,
sensor_data\main_data\weather\08_03_2023.xlsx,Humidity,str,0.0,32,97 %,IDENTIFIER,
sensor_data\main_data\weather\08_03_2023.xlsx,Wind,str,2.49,16,ENE,UNKNOWN / NEEDS REVIEW,
sensor_data\main_data\weather\08_03_2023.xlsx,Speed,str,0.0,50,0.0 mph,UNKNOWN / NEEDS REVIEW,
sensor_data\main_data\weather\08_03_2023.xlsx,Gust,str,0.0,65,0.0 mph,UNKNOWN / NEEDS REVIEW,
sensor_data\main_data\weather\08_03_2023.xlsx,Pressure,str,0.0,13,29.63 in,UNKNOWN / NEEDS REVIEW,
sensor_data\main_data\weather\08_03_2023.xlsx,Precip. Rate.,str,0.0,1,0.00 in,KEEP candidate,
sensor_data\main_data\weather\08_03_2023.xlsx,Precip. Accum.,str,0.0,1,0.00 in,KEEP candidate,
sensor_data\main_data\weather\08_03_2023.xlsx,UV,int64,0.0,10,0,UNKNOWN / NEEDS REVIEW,
sensor_data\main_data\weather\08_03_2023.xlsx,Solar,str,0.0,161,0 w/m²,UNKNOWN / NEEDS REVIEW,
sensor_data\main_data\weather\08_04_2023.xlsx,Time,object,0.0,288,00:04:00,KEEP candidate,
sensor_data\main_data\weather\08_04_2023.xlsx,Temperature,str,0.0,149,70.2 °F,KEEP candidate,
sensor_data\main_data\weather\08_04_2023.xlsx,Dew Point,str,0.0,78,67.8 °F,UNKNOWN / NEEDS REVIEW,
sensor_data\main_data\weather\08_04_2023.xlsx,Humidity,str,0.0,42,92 %,IDENTIFIER,
sensor_data\main_data\weather\08_04_2023.xlsx,Wind,str,4.86,12,ESE,UNKNOWN / NEEDS REVIEW,
sensor_data\main_data\weather\08_04_2023.xlsx,Speed,str,0.0,33,1.2 mph,UNKNOWN / NEEDS REVIEW,
sensor_data\main_data\weather\08_04_2023.xlsx,Gust,str,0.0,42,1.9 mph,UNKNOWN / NEEDS REVIEW,
sensor_data\main_data\weather\08_04_2023.xlsx,Pressure,str,0.0,12,29.60 in,UNKNOWN / NEEDS REVIEW,
sensor_data\main_data\weather\08_04_2023.xlsx,Precip. Rate.,str,0.0,2,0.00 in,KEEP candidate,
sensor_data\main_data\weather\08_04_2023.xlsx,Precip. Accum.,str,0.0,2,0.00 in,KEEP candidate,
sensor_data\main_data\weather\08_04_2023.xlsx,UV,int64,0.0,9,0,UNKNOWN / NEEDS REVIEW,
sensor_data\main_data\weather\08_04_2023.xlsx,Solar,str,0.0,167,0 w/m²,UNKNOWN / NEEDS REVIEW,
sensor_data\sub_data\ankle_accel\C01.csv,timestamp,int64,0.0,5000,1689960600,KEEP candidate,
sensor_data\sub_data\ankle_accel\C01.csv,accel_x,float64,0.0,85,-0.375,UNKNOWN / NEEDS REVIEW,
sensor_data\sub_data\ankle_accel\C01.csv,accel_y,float64,0.0,79,-0.15,UNKNOWN / NEEDS REVIEW,
sensor_data\sub_data\ankle_accel\C01.csv,accel_z,float64,0.0,75,-1.15,UNKNOWN / NEEDS REVIEW,
sensor_data\sub_data\ankle_accel\C02.csv,timestamp,int64,0.0,5000,1689960600,KEEP candidate,
sensor_data\sub_data\ankle_accel\C02.csv,accel_x,float64,0.0,63,-0.225,UNKNOWN / NEEDS REVIEW,
sensor_data\sub_data\ankle_accel\C02.csv,accel_y,float64,0.0,73,-0.075,UNKNOWN / NEEDS REVIEW,
sensor_data\sub_data\ankle_accel\C02.csv,accel_z,float64,0.0,68,-1.075,UNKNOWN / NEEDS REVIEW,
sensor_data\sub_data\ankle_accel\C03.csv,timestamp,int64,0.0,5000,1689960600,KEEP candidate,
sensor_data\sub_data\ankle_accel\C03.csv,accel_x,float64,0.0,71,-0.925,UNKNOWN / NEEDS REVIEW,
sensor_data\sub_data\ankle_accel\C03.csv,accel_y,float64,0.0,68,-0.125,UNKNOWN / NEEDS REVIEW,
sensor_data\sub_data\ankle_accel\C03.csv,accel_z,float64,0.0,64,-0.55,UNKNOWN / NEEDS REVIEW,
sensor_data\sub_data\ankle_accel\C04.csv,timestamp,int64,0.0,5000,1689960600,KEEP candidate,
sensor_data\sub_data\ankle_accel\C04.csv,accel_x,float64,0.0,91,-0.975,UNKNOWN / NEEDS REVIEW,
sensor_data\sub_data\ankle_accel\C04.csv,accel_y,float64,0.0,78,-0.025,UNKNOWN / NEEDS REVIEW,
sensor_data\sub_data\ankle_accel\C04.csv,accel_z,float64,0.0,74,0.225,UNKNOWN / NEEDS REVIEW,
sensor_data\sub_data\ankle_accel\C05.csv,timestamp,int64,0.0,5000,1689960600,KEEP candidate,
sensor_data\sub_data\ankle_accel\C05.csv,accel_x,float64,0.0,71,-0.075,UNKNOWN / NEEDS REVIEW,
sensor_data\sub_data\ankle_accel\C05.csv,accel_y,float64,0.0,70,0.075,UNKNOWN / NEEDS REVIEW,
sensor_data\sub_data\ankle_accel\C05.csv,accel_z,float64,0.0,70,-1.225,UNKNOWN / NEEDS REVIEW,
sensor_data\sub_data\ankle_accel\C06.csv,timestamp,int64,0.0,5000,1689960600,KEEP candidate,
sensor_data\sub_data\ankle_accel\C06.csv,accel_x,float64,0.0,85,0.15,UNKNOWN / NEEDS REVIEW,
sensor_data\sub_data\ankle_accel\C06.csv,accel_y,float64,0.0,76,0.975,UNKNOWN / NEEDS REVIEW,
sensor_data\sub_data\ankle_accel\C06.csv,accel_z,float64,0.0,71,-0.1,UNKNOWN / NEEDS REVIEW,
sensor_data\sub_data\ankle_accel\C07.csv,timestamp,int64,0.0,5000,1689984000,KEEP candidate,
sensor_data\sub_data\ankle_accel\C07.csv,accel_x,float64,0.0,68,-1.025,UNKNOWN / NEEDS REVIEW,
sensor_data\sub_data\ankle_accel\C07.csv,accel_y,float64,0.0,71,0.0,UNKNOWN / NEEDS REVIEW,
sensor_data\sub_data\ankle_accel\C07.csv,accel_z,float64,0.0,64,-0.275,UNKNOWN / NEEDS REVIEW,
sensor_data\sub_data\ankle_accel\C08.csv,timestamp,int64,0.0,5000,1689960600,KEEP candidate,
sensor_data\sub_data\ankle_accel\C08.csv,accel_x,float64,0.0,64,-0.35,UNKNOWN / NEEDS REVIEW,
sensor_data\sub_data\ankle_accel\C08.csv,accel_y,float64,0.0,68,0.025,UNKNOWN / NEEDS REVIEW,
sensor_data\sub_data\ankle_accel\C08.csv,accel_z,float64,0.0,62,-1.1,UNKNOWN / NEEDS REVIEW,
sensor_data\sub_data\ankle_accel\C09.csv,timestamp,int64,0.0,5000,1689960600,KEEP candidate,
sensor_data\sub_data\ankle_accel\C09.csv,accel_x,float64,0.0,71,-0.825,UNKNOWN / NEEDS REVIEW,
sensor_data\sub_data\ankle_accel\C09.csv,accel_y,float64,0.0,81,-0.55,UNKNOWN / NEEDS REVIEW,
sensor_data\sub_data\ankle_accel\C09.csv,accel_z,float64,0.0,73,0.2,UNKNOWN / NEEDS REVIEW,
sensor_data\sub_data\ankle_accel\C10.csv,timestamp,int64,0.0,5000,1689960600,KEEP candidate,
sensor_data\sub_data\ankle_accel\C10.csv,accel_x,float64,0.0,81,0.2,UNKNOWN / NEEDS REVIEW,
sensor_data\sub_data\ankle_accel\C10.csv,accel_y,float64,0.0,64,-1.0,UNKNOWN / NEEDS REVIEW,
sensor_data\sub_data\ankle_accel\C10.csv,accel_z,float64,0.0,65,-0.175,UNKNOWN / NEEDS REVIEW,
sensor_data\sub_data\head_direction\T01\T01_0721.csv,timestamp,float64,0.0,5000,1689960609.0,KEEP candidate,
sensor_data\sub_data\head_direction\T01\T01_0721.csv,roll,float64,1.66,647,-13.2,UNKNOWN / NEEDS REVIEW,
sensor_data\sub_data\head_direction\T01\T01_0721.csv,pitch,float64,1.66,983,-0.8,UNKNOWN / NEEDS REVIEW,
sensor_data\sub_data\head_direction\T01\T01_0721.csv,yaw,float64,1.66,2015,-88.1,UNKNOWN / NEEDS REVIEW,
sensor_data\sub_data\head_direction\T01\T01_0721.csv,accel_norm,float64,1.66,1312,9.04,UNKNOWN / NEEDS REVIEW,
sensor_data\sub_data\head_direction\T01\T01_0721.csv,relative_angle,float64,1.66,1528,13.66,UNKNOWN / NEEDS REVIEW,
sensor_data\sub_data\head_direction\T01\T01_0722.csv,timestamp,float64,0.0,5000,1690002000.0,KEEP candidate,
sensor_data\sub_data\head_direction\T01\T01_0722.csv,roll,float64,2.84,625,-32.2,UNKNOWN / NEEDS REVIEW,
sensor_data\sub_data\head_direction\T01\T01_0722.csv,pitch,float64,2.84,908,-50.9,UNKNOWN / NEEDS REVIEW,
sensor_data\sub_data\head_direction\T01\T01_0722.csv,yaw,float64,2.86,2464,-44.3,UNKNOWN / NEEDS REVIEW,
sensor_data\sub_data\head_direction\T01\T01_0722.csv,accel_norm,float64,2.84,1750,10.115,UNKNOWN / NEEDS REVIEW,
sensor_data\sub_data\head_direction\T01\T01_0722.csv,relative_angle,float64,2.86,2843,23.44,UNKNOWN / NEEDS REVIEW,
sensor_data\sub_data\head_direction\T01\T01_0723.csv,timestamp,float64,0.0,5000,1690088400.0,KEEP candidate,
sensor_data\sub_data\head_direction\T01\T01_0723.csv,roll,float64,2.06,1043,-34.2,UNKNOWN / NEEDS REVIEW,
sensor_data\sub_data\head_direction\T01\T01_0723.csv,pitch,float64,2.06,660,-1.0,UNKNOWN / NEEDS REVIEW,
sensor_data\sub_data\head_direction\T01\T01_0723.csv,yaw,float64,2.06,914,-8.9,UNKNOWN / NEEDS REVIEW,
sensor_data\sub_data\head_direction\T01\T01_0723.csv,accel_norm,float64,2.06,766,9.856,UNKNOWN / NEEDS REVIEW,
sensor_data\sub_data\head_direction\T01\T01_0723.csv,relative_angle,float64,2.06,2043,22.37,UNKNOWN / NEEDS REVIEW,
sensor_data\sub_data\head_direction\T01\T01_0724.csv,timestamp,float64,0.0,5000,1690174800.0,KEEP candidate,
sensor_data\sub_data\head_direction\T01\T01_0724.csv,roll,float64,1.86,447,-40.0,UNKNOWN / NEEDS REVIEW,
sensor_data\sub_data\head_direction\T01\T01_0724.csv,pitch,float64,1.86,786,8.8,UNKNOWN / NEEDS REVIEW,
sensor_data\sub_data\head_direction\T01\T01_0724.csv,yaw,float64,1.86,1936,101.6,UNKNOWN / NEEDS REVIEW,
sensor_data\sub_data\head_direction\T01\T01_0724.csv,accel_norm,float64,1.86,1642,9.552,UNKNOWN / NEEDS REVIEW,
sensor_data\sub_data\head_direction\T01\T01_0724.csv,relative_angle,float64,1.86,1883,31.94,UNKNOWN / NEEDS REVIEW,
sensor_data\sub_data\head_direction\T01\T01_0725.csv,timestamp,float64,0.0,5000,1690261200.0,KEEP candidate,
sensor_data\sub_data\head_direction\T01\T01_0725.csv,roll,float64,1.86,292,-80.8,UNKNOWN / NEEDS REVIEW,
sensor_data\sub_data\head_direction\T01\T01_0725.csv,pitch,float64,1.86,527,-145.2,UNKNOWN / NEEDS REVIEW,
sensor_data\sub_data\head_direction\T01\T01_0725.csv,yaw,float64,1.86,603,136.0,UNKNOWN / NEEDS REVIEW,
sensor_data\sub_data\head_direction\T01\T01_0725.csv,accel_norm,float64,1.86,697,9.886,UNKNOWN / NEEDS REVIEW,
sensor_data\sub_data\head_direction\T01\T01_0725.csv,relative_angle,float64,1.86,1031,42.58,UNKNOWN / NEEDS REVIEW,
sensor_data\sub_data\head_direction\T01\T01_0726.csv,timestamp,float64,0.0,5000,1690347600.0,KEEP candidate,
sensor_data\sub_data\head_direction\T01\T01_0726.csv,roll,float64,1.86,359,-39.7,UNKNOWN / NEEDS REVIEW,
sensor_data\sub_data\head_direction\T01\T01_0726.csv,pitch,float64,1.86,532,-23.8,UNKNOWN / NEEDS REVIEW,
sensor_data\sub_data\head_direction\T01\T01_0726.csv,yaw,float64,1.86,706,16.6,UNKNOWN / NEEDS REVIEW,
sensor_data\sub_data\head_direction\T01\T01_0726.csv,accel_norm,float64,1.86,884,9.82,UNKNOWN / NEEDS REVIEW,
sensor_data\sub_data\head_direction\T01\T01_0726.csv,relative_angle,float64,1.86,947,14.64,UNKNOWN / NEEDS REVIEW,
sensor_data\sub_data\head_direction\T01\T01_0727.csv,timestamp,float64,0.0,5000,1690434000.0,KEEP candidate,
sensor_data\sub_data\head_direction\T01\T01_0727.csv,roll,float64,1.66,404,-37.8,UNKNOWN / NEEDS REVIEW,
sensor_data\sub_data\head_direction\T01\T01_0727.csv,pitch,float64,1.66,379,-11.0,UNKNOWN / NEEDS REVIEW,
sensor_data\sub_data\head_direction\T01\T01_0727.csv,yaw,float64,1.66,632,13.5,UNKNOWN / NEEDS REVIEW,
sensor_data\sub_data\head_direction\T01\T01_0727.csv,accel_norm,float64,1.66,700,9.77,UNKNOWN / NEEDS REVIEW,
sensor_data\sub_data\head_direction\T01\T01_0727.csv,relative_angle,float64,1.66,817,28.61,UNKNOWN / NEEDS REVIEW,
sensor_data\sub_data\head_direction\T01\T01_0728.csv,timestamp,float64,0.0,5000,1690520400.0,KEEP candidate,
sensor_data\sub_data\head_direction\T01\T01_0728.csv,roll,float64,1.66,558,-35.0,UNKNOWN / NEEDS REVIEW,
sensor_data\sub_data\head_direction\T01\T01_0728.csv,pitch,float64,1.66,1107,-86.1,UNKNOWN / NEEDS REVIEW,
sensor_data\sub_data\head_direction\T01\T01_0728.csv,yaw,float64,1.66,1561,-121.3,UNKNOWN / NEEDS REVIEW,
sensor_data\sub_data\head_direction\T01\T01_0728.csv,accel_norm,float64,1.66,1921,9.74,UNKNOWN / NEEDS REVIEW,
sensor_data\sub_data\head_direction\T01\T01_0728.csv,relative_angle,float64,1.66,2611,19.38,UNKNOWN / NEEDS REVIEW,
sensor_data\sub_data\head_direction\T01\T01_0729.csv,timestamp,float64,0.0,5000,1690606800.0,KEEP candidate,
sensor_data\sub_data\head_direction\T01\T01_0729.csv,roll,float64,1.86,499,-44.9,UNKNOWN / NEEDS REVIEW,
sensor_data\sub_data\head_direction\T01\T01_0729.csv,pitch,float64,1.86,663,15.6,UNKNOWN / NEEDS REVIEW,
sensor_data\sub_data\head_direction\T01\T01_0729.csv,yaw,float64,1.86,792,117.6,UNKNOWN / NEEDS REVIEW,
sensor_data\sub_data\head_direction\T01\T01_0729.csv,accel_norm,float64,1.86,908,9.843,UNKNOWN / NEEDS REVIEW,
sensor_data\sub_data\head_direction\T01\T01_0729.csv,relative_angle,float64,1.86,1197,23.4,UNKNOWN / NEEDS REVIEW,
sensor_data\sub_data\head_direction\T01\T01_0730.csv,timestamp,float64,0.0,5000,1690693200.0,KEEP candidate,
sensor_data\sub_data\head_direction\T01\T01_0730.csv,roll,float64,1.66,246,-43.6,UNKNOWN / NEEDS REVIEW,
sensor_data\sub_data\head_direction\T01\T01_0730.csv,pitch,float64,1.66,304,1.9,UNKNOWN / NEEDS REVIEW,
sensor_data\sub_data\head_direction\T01\T01_0730.csv,yaw,float64,1.66,361,86.0,UNKNOWN / NEEDS REVIEW,
sensor_data\sub_data\head_direction\T01\T01_0730.csv,accel_norm,float64,1.66,1625,10.213,UNKNOWN / NEEDS REVIEW,
sensor_data\sub_data\head_direction\T01\T01_0730.csv,relative_angle,float64,1.66,1080,24.32,UNKNOWN / NEEDS REVIEW,
sensor_data\sub_data\head_direction\T01\T01_0731.csv,timestamp,float64,0.0,5000,1690779600.0,KEEP candidate,
sensor_data\sub_data\head_direction\T01\T01_0731.csv,roll,float64,1.86,321,-37.5,UNKNOWN / NEEDS REVIEW,
sensor_data\sub_data\head_direction\T01\T01_0731.csv,pitch,float64,1.86,1151,-24.6,UNKNOWN / NEEDS REVIEW,
sensor_data\sub_data\head_direction\T01\T01_0731.csv,yaw,float64,1.86,1242,-15.3,UNKNOWN / NEEDS REVIEW,
sensor_data\sub_data\head_direction\T01\T01_0731.csv,accel_norm,float64,1.86,690,9.781,UNKNOWN / NEEDS REVIEW,
sensor_data\sub_data\head_direction\T01\T01_0731.csv,relative_angle,float64,1.86,726,24.95,UNKNOWN / NEEDS REVIEW,
sensor_data\sub_data\head_direction\T01\T01_0801.csv,timestamp,float64,0.0,5000,1690866000.0,KEEP candidate,
sensor_data\sub_data\head_direction\T01\T01_0801.csv,roll,float64,3.06,695,-25.5,UNKNOWN / NEEDS REVIEW,
sensor_data\sub_data\head_direction\T01\T01_0801.csv,pitch,float64,3.06,914,-53.8,UNKNOWN / NEEDS REVIEW,
sensor_data\sub_data\head_direction\T01\T01_0801.csv,yaw,float64,3.08,1911,-40.0,UNKNOWN / NEEDS REVIEW,
sensor_data\sub_data\head_direction\T01\T01_0801.csv,accel_norm,float64,3.06,1663,9.744,UNKNOWN / NEEDS REVIEW,
sensor_data\sub_data\head_direction\T01\T01_0801.csv,relative_angle,float64,3.08,2298,15.81,UNKNOWN / NEEDS REVIEW,
sensor_data\sub_data\head_direction\T01\T01_0802.csv,timestamp,float64,0.0,5000,1690952401.0,KEEP candidate,
sensor_data\sub_data\head_direction\T01\T01_0802.csv,roll,float64,1.66,402,-23.0,UNKNOWN / NEEDS REVIEW,
sensor_data\sub_data\head_direction\T01\T01_0802.csv,pitch,float64,1.66,517,-17.9,UNKNOWN / NEEDS REVIEW,
sensor_data\sub_data\head_direction\T01\T01_0802.csv,yaw,float64,1.66,1279,25.0,UNKNOWN / NEEDS REVIEW,
sensor_data\sub_data\head_direction\T01\T01_0802.csv,accel_norm,float64,1.66,1653,9.099,UNKNOWN / NEEDS REVIEW,
sensor_data\sub_data\head_direction\T01\T01_0802.csv,relative_angle,float64,1.66,1150,14.31,UNKNOWN / NEEDS REVIEW,
sensor_data\sub_data\head_direction\T01\T01_0803.csv,timestamp,float64,0.0,5000,1691038800.0,KEEP candidate,
sensor_data\sub_data\head_direction\T01\T01_0803.csv,roll,float64,1.66,306,-43.5,UNKNOWN / NEEDS REVIEW,
sensor_data\sub_data\head_direction\T01\T01_0803.csv,pitch,float64,1.66,449,15.1,UNKNOWN / NEEDS REVIEW,
sensor_data\sub_data\head_direction\T01\T01_0803.csv,yaw,float64,1.66,683,55.2,UNKNOWN / NEEDS REVIEW,
sensor_data\sub_data\head_direction\T01\T01_0803.csv,accel_norm,float64,1.66,1649,8.629,UNKNOWN / NEEDS REVIEW,
sensor_data\sub_data\head_direction\T01\T01_0803.csv,relative_angle,float64,1.66,1096,19.41,UNKNOWN / NEEDS REVIEW,
sensor_data\sub_data\head_direction\T01\T01_0804.csv,timestamp,float64,0.0,5000,1691125200.0,KEEP candidate,
sensor_data\sub_data\head_direction\T01\T01_0804.csv,roll,float64,3.06,270,-44.1,UNKNOWN / NEEDS REVIEW,
sensor_data\sub_data\head_direction\T01\T01_0804.csv,pitch,float64,3.06,376,29.2,UNKNOWN / NEEDS REVIEW,
sensor_data\sub_data\head_direction\T01\T01_0804.csv,yaw,float64,3.08,448,-75.6,UNKNOWN / NEEDS REVIEW,
sensor_data\sub_data\head_direction\T01\T01_0804.csv,accel_norm,float64,3.06,1529,9.846,UNKNOWN / NEEDS REVIEW,
sensor_data\sub_data\head_direction\T01\T01_0804.csv,relative_angle,float64,3.08,1148,21.87,UNKNOWN / NEEDS REVIEW,
sensor_data\sub_data\head_direction\T02\T02_0721.csv,timestamp,float64,0.0,5000,1689960607.0,KEEP candidate,
sensor_data\sub_data\head_direction\T02\T02_0721.csv,roll,float64,1.46,710,-57.8,UNKNOWN / NEEDS REVIEW,
sensor_data\sub_data\head_direction\T02\T02_0721.csv,pitch,float64,1.46,1134,3.5,UNKNOWN / NEEDS REVIEW,
sensor_data\sub_data\head_direction\T02\T02_0721.csv,yaw,float64,1.46,2221,29.7,UNKNOWN / NEEDS REVIEW,
sensor_data\sub_data\head_direction\T02\T02_0721.csv,accel_norm,float64,1.46,2170,10.486,UNKNOWN / NEEDS REVIEW,
sensor_data\sub_data\head_direction\T02\T02_0721.csv,relative_angle,float64,1.46,2609,13.29,UNKNOWN / NEEDS REVIEW,
sensor_data\sub_data\head_direction\T02\T02_0722.csv,timestamp,float64,0.0,5000,1690002000.0,KEEP candidate,
sensor_data\sub_data\head_direction\T02\T02_0722.csv,roll,float64,1.66,450,-34.5,UNKNOWN / NEEDS REVIEW,
sensor_data\sub_data\head_direction\T02\T02_0722.csv,pitch,float64,1.66,780,-64.6,UNKNOWN / NEEDS REVIEW,
sensor_data\sub_data\head_direction\T02\T02_0722.csv,yaw,float64,1.66,961,91.0,UNKNOWN / NEEDS REVIEW,
sensor_data\sub_data\head_direction\T02\T02_0722.csv,accel_norm,float64,1.66,2147,9.65,UNKNOWN / NEEDS REVIEW,
sensor_data\sub_data\head_direction\T02\T02_0722.csv,relative_angle,float64,1.66,2532,52.44,UNKNOWN / NEEDS REVIEW,
sensor_data\sub_data\head_direction\T02\T02_0723.csv,timestamp,float64,0.0,5000,1690088401.0,KEEP candidate,
sensor_data\sub_data\head_direction\T02\T02_0723.csv,roll,float64,1.46,386,-71.6,UNKNOWN / NEEDS REVIEW,
sensor_data\sub_data\head_direction\T02\T02_0723.csv,pitch,float64,1.46,821,-51.5,UNKNOWN / NEEDS REVIEW,
sensor_data\sub_data\head_direction\T02\T02_0723.csv,yaw,float64,1.46,1160,134.0,UNKNOWN / NEEDS REVIEW,
sensor_data\sub_data\head_direction\T02\T02_0723.csv,accel_norm,float64,1.46,1029,9.889,UNKNOWN / NEEDS REVIEW,
sensor_data\sub_data\head_direction\T02\T02_0723.csv,relative_angle,float64,1.46,1400,39.68,UNKNOWN / NEEDS REVIEW,
sensor_data\sub_data\head_direction\T02\T02_0724.csv,timestamp,float64,0.0,5000,1690174800.0,KEEP candidate,
sensor_data\sub_data\head_direction\T02\T02_0724.csv,roll,float64,2.64,265,-45.9,UNKNOWN / NEEDS REVIEW,
sensor_data\sub_data\head_direction\T02\T02_0724.csv,pitch,float64,2.64,337,5.2,UNKNOWN / NEEDS REVIEW,
sensor_data\sub_data\head_direction\T02\T02_0724.csv,yaw,float64,2.66,476,103.8,UNKNOWN / NEEDS REVIEW,
sensor_data\sub_data\head_direction\T02\T02_0724.csv,accel_norm,float64,2.64,1984,8.939,UNKNOWN / NEEDS REVIEW,
sensor_data\sub_data\head_direction\T02\T02_0724.csv,relative_angle,float64,2.66,1341,14.91,UNKNOWN / NEEDS REVIEW,
sensor_data\sub_data\head_direction\T02\T02_0725.csv,timestamp,float64,0.0,5000,1690261200.0,KEEP candidate,
sensor_data\sub_data\head_direction\T02\T02_0725.csv,roll,float64,1.26,215,-60.2,UNKNOWN / NEEDS REVIEW,
sensor_data\sub_data\head_direction\T02\T02_0725.csv,pitch,float64,1.26,341,38.2,UNKNOWN / NEEDS REVIEW,
sensor_data\sub_data\head_direction\T02\T02_0725.csv,yaw,float64,1.26,373,157.9,UNKNOWN / NEEDS REVIEW,
sensor_data\sub_data\head_direction\T02\T02_0725.csv,accel_norm,float64,1.26,1940,9.697,UNKNOWN / NEEDS REVIEW,
sensor_data\sub_data\head_direction\T02\T02_0725.csv,relative_angle,float64,1.26,1213,20.22,UNKNOWN / NEEDS REVIEW,
sensor_data\sub_data\head_direction\T02\T02_0726.csv,timestamp,float64,0.0,5000,1690347600.0,KEEP candidate,
sensor_data\sub_data\head_direction\T02\T02_0726.csv,roll,float64,2.66,352,-32.7,UNKNOWN / NEEDS REVIEW,
sensor_data\sub_data\head_direction\T02\T02_0726.csv,pitch,float64,2.66,752,-37.4,UNKNOWN / NEEDS REVIEW,
sensor_data\sub_data\head_direction\T02\T02_0726.csv,yaw,float64,2.68,1412,42.6,UNKNOWN / NEEDS REVIEW,
sensor_data\sub_data\head_direction\T02\T02_0726.csv,accel_norm,float64,2.66,1291,10.632,UNKNOWN / NEEDS REVIEW,
sensor_data\sub_data\head_direction\T02\T02_0726.csv,relative_angle,float64,2.68,1700,18.34,UNKNOWN / NEEDS REVIEW,
sensor_data\sub_data\head_direction\T02\T02_0727.csv,timestamp,float64,0.0,5000,1690434000.0,KEEP candidate,
sensor_data\sub_data\head_direction\T02\T02_0727.csv,roll,float64,1.46,558,-30.0,UNKNOWN / NEEDS REVIEW,
sensor_data\sub_data\head_direction\T02\T02_0727.csv,pitch,float64,1.46,1018,-65.3,UNKNOWN / NEEDS REVIEW,
sensor_data\sub_data\head_direction\T02\T02_0727.csv,yaw,float64,1.46,2201,-98.4,UNKNOWN / NEEDS REVIEW,
sensor_data\sub_data\head_direction\T02\T02_0727.csv,accel_norm,float64,1.46,2349,10.656,UNKNOWN / NEEDS REVIEW,
sensor_data\sub_data\head_direction\T02\T02_0727.csv,relative_angle,float64,1.46,3175,11.58,UNKNOWN / NEEDS REVIEW,
sensor_data\sub_data\head_direction\T02\T02_0728.csv,timestamp,float64,0.0,5000,1690520400.0,KEEP candidate,
sensor_data\sub_data\head_direction\T02\T02_0728.csv,roll,float64,2.46,210,-55.3,UNKNOWN / NEEDS REVIEW,
sensor_data\sub_data\head_direction\T02\T02_0728.csv,pitch,float64,2.46,342,7.6,UNKNOWN / NEEDS REVIEW,
sensor_data\sub_data\head_direction\T02\T02_0728.csv,yaw,float64,2.48,854,2.0,UNKNOWN / NEEDS REVIEW,
sensor_data\sub_data\head_direction\T02\T02_0728.csv,accel_norm,float64,2.46,1861,8.398,UNKNOWN / NEEDS REVIEW,
sensor_data\sub_data\head_direction\T02\T02_0728.csv,relative_angle,float64,2.48,926,10.1,UNKNOWN / NEEDS REVIEW,
sensor_data\sub_data\head_direction\T02\T02_0729.csv,timestamp,float64,0.0,5000,1690606800.0,KEEP candidate,
sensor_data\sub_data\head_direction\T02\T02_0729.csv,roll,float64,1.26,602,-29.1,UNKNOWN / NEEDS REVIEW,
sensor_data\sub_data\head_direction\T02\T02_0729.csv,pitch,float64,1.26,1186,-60.4,UNKNOWN / NEEDS REVIEW,
sensor_data\sub_data\head_direction\T02\T02_0729.csv,yaw,float64,1.26,1621,154.0,UNKNOWN / NEEDS REVIEW,
sensor_data\sub_data\head_direction\T02\T02_0729.csv,accel_norm,float64,1.26,2256,9.856,UNKNOWN / NEEDS REVIEW,
sensor_data\sub_data\head_direction\T02\T02_0729.csv,relative_angle,float64,1.26,3226,47.3,UNKNOWN / NEEDS REVIEW,
sensor_data\sub_data\head_direction\T02\T02_0730.csv,timestamp,float64,0.0,5000,1690693200.0,KEEP candidate,
sensor_data\sub_data\head_direction\T02\T02_0730.csv,roll,float64,2.66,557,-50.8,UNKNOWN / NEEDS REVIEW,
sensor_data\sub_data\head_direction\T02\T02_0730.csv,pitch,float64,2.66,489,7.5,UNKNOWN / NEEDS REVIEW,
sensor_data\sub_data\head_direction\T02\T02_0730.csv,yaw,float64,2.68,873,-95.8,UNKNOWN / NEEDS REVIEW,
sensor_data\sub_data\head_direction\T02\T02_0730.csv,accel_norm,float64,2.66,871,10.013,UNKNOWN / NEEDS REVIEW,
sensor_data\sub_data\head_direction\T02\T02_0730.csv,relative_angle,float64,2.68,1237,23.98,UNKNOWN / NEEDS REVIEW,
sensor_data\sub_data\head_direction\T02\T02_0731.csv,timestamp,float64,0.0,5000,1690779600.0,KEEP candidate,
sensor_data\sub_data\head_direction\T02\T02_0731.csv,roll,float64,1.46,200,-51.7,UNKNOWN / NEEDS REVIEW,
sensor_data\sub_data\head_direction\T02\T02_0731.csv,pitch,float64,1.46,256,13.8,UNKNOWN / NEEDS REVIEW,
sensor_data\sub_data\head_direction\T02\T02_0731.csv,yaw,float64,1.46,359,189.7,UNKNOWN / NEEDS REVIEW,
sensor_data\sub_data\head_direction\T02\T02_0731.csv,accel_norm,float64,1.46,1860,10.071,UNKNOWN / NEEDS REVIEW,
sensor_data\sub_data\head_direction\T02\T02_0731.csv,relative_angle,float64,1.46,856,27.47,UNKNOWN / NEEDS REVIEW,
sensor_data\sub_data\head_direction\T02\T02_0801.csv,timestamp,float64,0.0,5000,1690866000.0,KEEP candidate,
sensor_data\sub_data\head_direction\T02\T02_0801.csv,roll,float64,2.86,312,-51.1,UNKNOWN / NEEDS REVIEW,
sensor_data\sub_data\head_direction\T02\T02_0801.csv,pitch,float64,2.86,554,13.2,UNKNOWN / NEEDS REVIEW,
sensor_data\sub_data\head_direction\T02\T02_0801.csv,yaw,float64,2.88,538,124.9,UNKNOWN / NEEDS REVIEW,
sensor_data\sub_data\head_direction\T02\T02_0801.csv,accel_norm,float64,2.86,2094,9.777,UNKNOWN / NEEDS REVIEW,
sensor_data\sub_data\head_direction\T02\T02_0801.csv,relative_angle,float64,2.88,1484,20.89,UNKNOWN / NEEDS REVIEW,
sensor_data\sub_data\head_direction\T02\T02_0802.csv,timestamp,float64,0.0,5000,1690952400.0,KEEP candidate,
sensor_data\sub_data\head_direction\T02\T02_0802.csv,roll,float64,1.46,472,-46.5,UNKNOWN / NEEDS REVIEW,
sensor_data\sub_data\head_direction\T02\T02_0802.csv,pitch,float64,1.46,464,-33.8,UNKNOWN / NEEDS REVIEW,
sensor_data\sub_data\head_direction\T02\T02_0802.csv,yaw,float64,1.46,822,-125.3,UNKNOWN / NEEDS REVIEW,
sensor_data\sub_data\head_direction\T02\T02_0802.csv,accel_norm,float64,1.46,871,10.082,UNKNOWN / NEEDS REVIEW,
sensor_data\sub_data\head_direction\T02\T02_0802.csv,relative_angle,float64,1.46,1815,16.82,UNKNOWN / NEEDS REVIEW,
sensor_data\sub_data\head_direction\T02\T02_0803.csv,timestamp,float64,0.0,5000,1691038800.0,KEEP candidate,
sensor_data\sub_data\head_direction\T02\T02_0803.csv,roll,float64,2.66,294,-42.4,UNKNOWN / NEEDS REVIEW,
sensor_data\sub_data\head_direction\T02\T02_0803.csv,pitch,float64,2.66,329,-4.2,UNKNOWN / NEEDS REVIEW,
sensor_data\sub_data\head_direction\T02\T02_0803.csv,yaw,float64,2.68,778,106.1,UNKNOWN / NEEDS REVIEW,
sensor_data\sub_data\head_direction\T02\T02_0803.csv,accel_norm,float64,2.66,1825,9.189,UNKNOWN / NEEDS REVIEW,
sensor_data\sub_data\head_direction\T02\T02_0803.csv,relative_angle,float64,2.68,1448,14.78,UNKNOWN / NEEDS REVIEW,
sensor_data\sub_data\head_direction\T02\T02_0804.csv,timestamp,float64,0.0,5000,1691125200.0,KEEP candidate,
sensor_data\sub_data\head_direction\T02\T02_0804.csv,roll,float64,1.26,318,-52.2,UNKNOWN / NEEDS REVIEW,
sensor_data\sub_data\head_direction\T02\T02_0804.csv,pitch,float64,1.26,636,12.2,UNKNOWN / NEEDS REVIEW,
sensor_data\sub_data\head_direction\T02\T02_0804.csv,yaw,float64,1.26,1395,-10.7,UNKNOWN / NEEDS REVIEW,
sensor_data\sub_data\head_direction\T02\T02_0804.csv,accel_norm,float64,1.26,1813,9.906,UNKNOWN / NEEDS REVIEW,
sensor_data\sub_data\head_direction\T02\T02_0804.csv,relative_angle,float64,1.26,1910,10.68,UNKNOWN / NEEDS REVIEW,
sensor_data\sub_data\head_direction\T03\T03_0721.csv,timestamp,float64,0.0,5000,1689960605.0,KEEP candidate,
sensor_data\sub_data\head_direction\T03\T03_0721.csv,roll,float64,1.46,329,-59.4,UNKNOWN / NEEDS REVIEW,
sensor_data\sub_data\head_direction\T03\T03_0721.csv,pitch,float64,1.46,622,3.4,UNKNOWN / NEEDS REVIEW,
sensor_data\sub_data\head_direction\T03\T03_0721.csv,yaw,float64,1.46,648,-135.7,UNKNOWN / NEEDS REVIEW,
sensor_data\sub_data\head_direction\T03\T03_0721.csv,accel_norm,float64,1.46,777,10.165,UNKNOWN / NEEDS REVIEW,
sensor_data\sub_data\head_direction\T03\T03_0721.csv,relative_angle,float64,1.46,768,23.78,UNKNOWN / NEEDS REVIEW,
sensor_data\sub_data\head_direction\T03\T03_0722.csv,timestamp,float64,0.0,5000,1690002000.0,KEEP candidate,
sensor_data\sub_data\head_direction\T03\T03_0722.csv,roll,float64,2.84,278,-41.4,UNKNOWN / NEEDS REVIEW,
sensor_data\sub_data\head_direction\T03\T03_0722.csv,pitch,float64,2.84,737,24.3,UNKNOWN / NEEDS REVIEW,
sensor_data\sub_data\head_direction\T03\T03_0722.csv,yaw,float64,2.86,849,180.1,UNKNOWN / NEEDS REVIEW,
sensor_data\sub_data\head_direction\T03\T03_0722.csv,accel_norm,float64,2.84,1645,8.689,UNKNOWN / NEEDS REVIEW,
sensor_data\sub_data\head_direction\T03\T03_0722.csv,relative_angle,float64,2.86,1413,25.9,UNKNOWN / NEEDS REVIEW,
sensor_data\sub_data\head_direction\T03\T03_0723.csv,timestamp,float64,0.0,5000,1690088400.0,KEEP candidate,
sensor_data\sub_data\head_direction\T03\T03_0723.csv,roll,float64,2.24,483,-45.3,UNKNOWN / NEEDS REVIEW,
sensor_data\sub_data\head_direction\T03\T03_0723.csv,pitch,float64,2.24,1018,1.4,UNKNOWN / NEEDS REVIEW,
sensor_data\sub_data\head_direction\T03\T03_0723.csv,yaw,float64,2.24,1270,140.5,UNKNOWN / NEEDS REVIEW,
sensor_data\sub_data\head_direction\T03\T03_0723.csv,accel_norm,float64,2.24,1748,10.099,UNKNOWN / NEEDS REVIEW,
sensor_data\sub_data\head_direction\T03\T03_0723.csv,relative_angle,float64,2.24,1416,9.34,UNKNOWN / NEEDS REVIEW,
sensor_data\sub_data\head_direction\T03\T03_0724.csv,timestamp,float64,0.0,5000,1690174800.0,KEEP candidate,
sensor_data\sub_data\head_direction\T03\T03_0724.csv,roll,float64,1.66,261,-48.7,UNKNOWN / NEEDS REVIEW,
sensor_data\sub_data\head_direction\T03\T03_0724.csv,pitch,float64,1.66,364,41.6,UNKNOWN / NEEDS REVIEW,
sensor_data\sub_data\head_direction\T03\T03_0724.csv,yaw,float64,1.66,587,-157.2,UNKNOWN / NEEDS REVIEW,
sensor_data\sub_data\head_direction\T03\T03_0724.csv,accel_norm,float64,1.66,1621,9.857,UNKNOWN / NEEDS REVIEW,
sensor_data\sub_data\head_direction\T03\T03_0724.csv,relative_angle,float64,1.66,977,19.9,UNKNOWN / NEEDS REVIEW,
sensor_data\sub_data\head_direction\T03\T03_0725.csv,timestamp,float64,0.0,5000,1690261200.0,KEEP candidate,
sensor_data\sub_data\head_direction\T03\T03_0725.csv,roll,float64,3.04,447,-48.2,UNKNOWN / NEEDS REVIEW,
sensor_data\sub_data\head_direction\T03\T03_0725.csv,pitch,float64,3.04,1058,17.4,UNKNOWN / NEEDS REVIEW,
sensor_data\sub_data\head_direction\T03\T03_0725.csv,yaw,float64,3.06,2005,-143.2,UNKNOWN / NEEDS REVIEW,
sensor_data\sub_data\head_direction\T03\T03_0725.csv,accel_norm,float64,3.04,2091,9.857,UNKNOWN / NEEDS REVIEW,
sensor_data\sub_data\head_direction\T03\T03_0725.csv,relative_angle,float64,3.06,3044,59.18,UNKNOWN / NEEDS REVIEW,
sensor_data\sub_data\head_direction\T03\T03_0726.csv,timestamp,float64,0.0,5000,1690347600.0,KEEP candidate,
sensor_data\sub_data\head_direction\T03\T03_0726.csv,roll,float64,1.46,398,-49.6,UNKNOWN / NEEDS REVIEW,
sensor_data\sub_data\head_direction\T03\T03_0726.csv,pitch,float64,1.46,813,47.6,UNKNOWN / NEEDS REVIEW,
sensor_data\sub_data\head_direction\T03\T03_0726.csv,yaw,float64,1.46,720,-136.5,UNKNOWN / NEEDS REVIEW,
sensor_data\sub_data\head_direction\T03\T03_0726.csv,accel_norm,float64,1.46,1621,10.002,UNKNOWN / NEEDS REVIEW,
sensor_data\sub_data\head_direction\T03\T03_0726.csv,relative_angle,float64,1.46,1229,23.94,UNKNOWN / NEEDS REVIEW,
sensor_data\sub_data\head_direction\T03\T03_0727.csv,timestamp,float64,0.0,5000,1690434000.0,KEEP candidate,
sensor_data\sub_data\head_direction\T03\T03_0727.csv,roll,float64,1.66,186,-53.3,UNKNOWN / NEEDS REVIEW,
sensor_data\sub_data\head_direction\T03\T03_0727.csv,pitch,float64,1.66,441,31.9,UNKNOWN / NEEDS REVIEW,
sensor_data\sub_data\head_direction\T03\T03_0727.csv,yaw,float64,1.66,396,-158.2,UNKNOWN / NEEDS REVIEW,
sensor_data\sub_data\head_direction\T03\T03_0727.csv,accel_norm,float64,1.66,1468,9.953,UNKNOWN / NEEDS REVIEW,
sensor_data\sub_data\head_direction\T03\T03_0727.csv,relative_angle,float64,1.66,1029,25.37,UNKNOWN / NEEDS REVIEW,
sensor_data\sub_data\head_direction\T03\T03_0728.csv,timestamp,float64,0.0,5000,1690520400.0,KEEP candidate,
sensor_data\sub_data\head_direction\T03\T03_0728.csv,roll,float64,1.46,367,-34.4,UNKNOWN / NEEDS REVIEW,
sensor_data\sub_data\head_direction\T03\T03_0728.csv,pitch,float64,1.46,837,-67.9,UNKNOWN / NEEDS REVIEW,
sensor_data\sub_data\head_direction\T03\T03_0728.csv,yaw,float64,1.46,1007,176.2,UNKNOWN / NEEDS REVIEW,
sensor_data\sub_data\head_direction\T03\T03_0728.csv,accel_norm,float64,1.46,1515,9.902,UNKNOWN / NEEDS REVIEW,
sensor_data\sub_data\head_direction\T03\T03_0728.csv,relative_angle,float64,1.46,1368,31.72,UNKNOWN / NEEDS REVIEW,
sensor_data\sub_data\head_direction\T03\T03_0729.csv,timestamp,float64,0.0,5000,1690606800.0,KEEP candidate,
sensor_data\sub_data\head_direction\T03\T03_0729.csv,roll,float64,1.66,465,-47.0,UNKNOWN / NEEDS REVIEW,
sensor_data\sub_data\head_direction\T03\T03_0729.csv,pitch,float64,1.66,973,-18.2,UNKNOWN / NEEDS REVIEW,
sensor_data\sub_data\head_direction\T03\T03_0729.csv,yaw,float64,1.66,2516,-42.8,UNKNOWN / NEEDS REVIEW,
sensor_data\sub_data\head_direction\T03\T03_0729.csv,accel_norm,float64,1.66,1860,9.609,UNKNOWN / NEEDS REVIEW,
sensor_data\sub_data\head_direction\T03\T03_0729.csv,relative_angle,float64,1.66,2957,21.59,UNKNOWN / NEEDS REVIEW,
sensor_data\sub_data\head_direction\T03\T03_0730.csv,timestamp,float64,0.0,5000,1690693200.0,KEEP candidate,
sensor_data\sub_data\head_direction\T03\T03_0730.csv,roll,float64,3.04,285,-57.7,UNKNOWN / NEEDS REVIEW,
sensor_data\sub_data\head_direction\T03\T03_0730.csv,pitch,float64,3.04,875,24.5,UNKNOWN / NEEDS REVIEW,
sensor_data\sub_data\head_direction\T03\T03_0730.csv,yaw,float64,3.06,2156,44.5,UNKNOWN / NEEDS REVIEW,
sensor_data\sub_data\head_direction\T03\T03_0730.csv,accel_norm,float64,3.04,1526,10.051,UNKNOWN / NEEDS REVIEW,
sensor_data\sub_data\head_direction\T03\T03_0730.csv,relative_angle,float64,3.06,1437,6.17,UNKNOWN / NEEDS REVIEW,
sensor_data\sub_data\head_direction\T03\T03_0731.csv,timestamp,float64,0.0,5000,1690779600.0,KEEP candidate,
sensor_data\sub_data\head_direction\T03\T03_0731.csv,roll,float64,1.46,521,-46.1,UNKNOWN / NEEDS REVIEW,
sensor_data\sub_data\head_direction\T03\T03_0731.csv,pitch,float64,1.46,1141,-66.2,UNKNOWN / NEEDS REVIEW,
sensor_data\sub_data\head_direction\T03\T03_0731.csv,yaw,float64,1.46,1702,71.0,UNKNOWN / NEEDS REVIEW,
sensor_data\sub_data\head_direction\T03\T03_0731.csv,accel_norm,float64,1.46,2414,10.46,UNKNOWN / NEEDS REVIEW,
sensor_data\sub_data\head_direction\T03\T03_0731.csv,relative_angle,float64,1.46,3170,12.64,UNKNOWN / NEEDS REVIEW,
sensor_data\sub_data\head_direction\T03\T03_0801.csv,timestamp,float64,0.0,5000,1690866000.0,KEEP candidate,
sensor_data\sub_data\head_direction\T03\T03_0801.csv,roll,float64,1.66,202,-30.8,UNKNOWN / NEEDS REVIEW,
sensor_data\sub_data\head_direction\T03\T03_0801.csv,pitch,float64,1.66,331,20.2,UNKNOWN / NEEDS REVIEW,
sensor_data\sub_data\head_direction\T03\T03_0801.csv,yaw,float64,1.66,676,143.9,UNKNOWN / NEEDS REVIEW,
sensor_data\sub_data\head_direction\T03\T03_0801.csv,accel_norm,float64,1.66,1747,9.819,UNKNOWN / NEEDS REVIEW,
sensor_data\sub_data\head_direction\T03\T03_0801.csv,relative_angle,float64,1.66,1128,21.38,UNKNOWN / NEEDS REVIEW,
sensor_data\sub_data\head_direction\T03\T03_0802.csv,timestamp,float64,0.0,5000,1690952400.0,KEEP candidate,
sensor_data\sub_data\head_direction\T03\T03_0802.csv,roll,float64,2.86,492,-54.1,UNKNOWN / NEEDS REVIEW,
sensor_data\sub_data\head_direction\T03\T03_0802.csv,pitch,float64,2.86,1188,-73.2,UNKNOWN / NEEDS REVIEW,
sensor_data\sub_data\head_direction\T03\T03_0802.csv,yaw,float64,2.88,1077,128.9,UNKNOWN / NEEDS REVIEW,
sensor_data\sub_data\head_direction\T03\T03_0802.csv,accel_norm,float64,2.86,2388,10.451,UNKNOWN / NEEDS REVIEW,
sensor_data\sub_data\head_direction\T03\T03_0802.csv,relative_angle,float64,2.88,3036,15.79,UNKNOWN / NEEDS REVIEW,
sensor_data\sub_data\head_direction\T03\T03_0803.csv,timestamp,float64,0.0,5000,1691038800.0,KEEP candidate,
sensor_data\sub_data\head_direction\T03\T03_0803.csv,roll,float64,1.66,235,-50.1,UNKNOWN / NEEDS REVIEW,
sensor_data\sub_data\head_direction\T03\T03_0803.csv,pitch,float64,1.66,617,40.2,UNKNOWN / NEEDS REVIEW,
sensor_data\sub_data\head_direction\T03\T03_0803.csv,yaw,float64,1.66,1467,147.6,UNKNOWN / NEEDS REVIEW,
sensor_data\sub_data\head_direction\T03\T03_0803.csv,accel_norm,float64,1.66,1595,8.892,UNKNOWN / NEEDS REVIEW,
sensor_data\sub_data\head_direction\T03\T03_0803.csv,relative_angle,float64,1.66,1177,10.4,UNKNOWN / NEEDS REVIEW,
sensor_data\sub_data\head_direction\T03\T03_0804.csv,timestamp,float64,0.0,5000,1691125200.0,KEEP candidate,
sensor_data\sub_data\head_direction\T03\T03_0804.csv,roll,float64,2.86,525,-36.2,UNKNOWN / NEEDS REVIEW,
sensor_data\sub_data\head_direction\T03\T03_0804.csv,pitch,float64,2.86,1134,-8.5,UNKNOWN / NEEDS REVIEW,
sensor_data\sub_data\head_direction\T03\T03_0804.csv,yaw,float64,2.88,1160,194.1,UNKNOWN / NEEDS REVIEW,
sensor_data\sub_data\head_direction\T03\T03_0804.csv,accel_norm,float64,2.86,2355,8.986,UNKNOWN / NEEDS REVIEW,
sensor_data\sub_data\head_direction\T03\T03_0804.csv,relative_angle,float64,2.88,3347,47.5,UNKNOWN / NEEDS REVIEW,
sensor_data\sub_data\head_direction\T04\T04_0721.csv,timestamp,float64,0.0,5000,1689960609.0,KEEP candidate,
sensor_data\sub_data\head_direction\T04\T04_0721.csv,roll,float64,1.26,435,-72.9,UNKNOWN / NEEDS REVIEW,
sensor_data\sub_data\head_direction\T04\T04_0721.csv,pitch,float64,1.26,796,-85.9,UNKNOWN / NEEDS REVIEW,
sensor_data\sub_data\head_direction\T04\T04_0721.csv,yaw,float64,1.26,1580,139.2,UNKNOWN / NEEDS REVIEW,
sensor_data\sub_data\head_direction\T04\T04_0721.csv,accel_norm,float64,1.26,1354,11.926,UNKNOWN / NEEDS REVIEW,
sensor_data\sub_data\head_direction\T04\T04_0721.csv,relative_angle,float64,1.26,1743,21.73,UNKNOWN / NEEDS REVIEW,
sensor_data\sub_data\head_direction\T04\T04_0722.csv,timestamp,float64,0.0,5000,1690002000.0,KEEP candidate,
sensor_data\sub_data\head_direction\T04\T04_0722.csv,roll,float64,1.46,202,-27.1,UNKNOWN / NEEDS REVIEW,
sensor_data\sub_data\head_direction\T04\T04_0722.csv,pitch,float64,1.46,383,-61.8,UNKNOWN / NEEDS REVIEW,
sensor_data\sub_data\head_direction\T04\T04_0722.csv,yaw,float64,1.46,432,111.3,UNKNOWN / NEEDS REVIEW,
sensor_data\sub_data\head_direction\T04\T04_0722.csv,accel_norm,float64,1.46,625,9.88,UNKNOWN / NEEDS REVIEW,
sensor_data\sub_data\head_direction\T04\T04_0722.csv,relative_angle,float64,1.46,734,20.56,UNKNOWN / NEEDS REVIEW,
sensor_data\sub_data\head_direction\T04\T04_0723.csv,timestamp,float64,0.0,5000,1690088400.0,KEEP candidate,
sensor_data\sub_data\head_direction\T04\T04_0723.csv,roll,float64,1.86,174,-43.4,UNKNOWN / NEEDS REVIEW,
sensor_data\sub_data\head_direction\T04\T04_0723.csv,pitch,float64,1.86,233,-10.9,UNKNOWN / NEEDS REVIEW,
sensor_data\sub_data\head_direction\T04\T04_0723.csv,yaw,float64,1.86,2450,133.3,UNKNOWN / NEEDS REVIEW,
sensor_data\sub_data\head_direction\T04\T04_0723.csv,accel_norm,float64,1.86,1602,10.156,UNKNOWN / NEEDS REVIEW,
sensor_data\sub_data\head_direction\T04\T04_0723.csv,relative_angle,float64,1.86,786,2.86,UNKNOWN / NEEDS REVIEW,
sensor_data\sub_data\head_direction\T04\T04_0724.csv,timestamp,float64,0.0,5000,1690174800.0,KEEP candidate,
sensor_data\sub_data\head_direction\T04\T04_0724.csv,roll,float64,2.66,295,-37.0,UNKNOWN / NEEDS REVIEW,
sensor_data\sub_data\head_direction\T04\T04_0724.csv,pitch,float64,2.66,876,-21.1,UNKNOWN / NEEDS REVIEW,
sensor_data\sub_data\head_direction\T04\T04_0724.csv,yaw,float64,2.68,1382,128.7,UNKNOWN / NEEDS REVIEW,
sensor_data\sub_data\head_direction\T04\T04_0724.csv,accel_norm,float64,2.66,1001,9.716,UNKNOWN / NEEDS REVIEW,
sensor_data\sub_data\head_direction\T04\T04_0724.csv,relative_angle,float64,2.68,1666,4.89,UNKNOWN / NEEDS REVIEW,
sensor_data\sub_data\head_direction\T04\T04_0725.csv,timestamp,float64,0.0,5000,1690261200.0,KEEP candidate,
sensor_data\sub_data\head_direction\T04\T04_0725.csv,roll,float64,1.26,228,-30.1,UNKNOWN / NEEDS REVIEW,
sensor_data\sub_data\head_direction\T04\T04_0725.csv,pitch,float64,1.26,355,-25.0,UNKNOWN / NEEDS REVIEW,
sensor_data\sub_data\head_direction\T04\T04_0725.csv,yaw,float64,1.26,715,128.6,UNKNOWN / NEEDS REVIEW,
sensor_data\sub_data\head_direction\T04\T04_0725.csv,accel_norm,float64,1.26,1400,9.796,UNKNOWN / NEEDS REVIEW,
sensor_data\sub_data\head_direction\T04\T04_0725.csv,relative_angle,float64,1.26,1346,28.34,UNKNOWN / NEEDS REVIEW,
sensor_data\sub_data\head_direction\T04\T04_0726.csv,timestamp,float64,0.0,5000,1690347600.0,KEEP candidate,
sensor_data\sub_data\head_direction\T04\T04_0726.csv,roll,float64,2.86,298,-35.3,UNKNOWN / NEEDS REVIEW,
sensor_data\sub_data\head_direction\T04\T04_0726.csv,pitch,float64,2.86,778,25.2,UNKNOWN / NEEDS REVIEW,
sensor_data\sub_data\head_direction\T04\T04_0726.csv,yaw,float64,2.88,1310,-4.6,UNKNOWN / NEEDS REVIEW,
sensor_data\sub_data\head_direction\T04\T04_0726.csv,accel_norm,float64,2.86,1173,9.514,UNKNOWN / NEEDS REVIEW,
sensor_data\sub_data\head_direction\T04\T04_0726.csv,relative_angle,float64,2.88,1538,10.71,UNKNOWN / NEEDS REVIEW,
sensor_data\sub_data\head_direction\T04\T04_0727.csv,timestamp,float64,0.0,5000,1690434000.0,KEEP candidate,
sensor_data\sub_data\head_direction\T04\T04_0727.csv,roll,float64,1.26,225,-23.8,UNKNOWN / NEEDS REVIEW,
sensor_data\sub_data\head_direction\T04\T04_0727.csv,pitch,float64,1.26,488,3.2,UNKNOWN / NEEDS REVIEW,
sensor_data\sub_data\head_direction\T04\T04_0727.csv,yaw,float64,1.26,835,-160.7,UNKNOWN / NEEDS REVIEW,
sensor_data\sub_data\head_direction\T04\T04_0727.csv,accel_norm,float64,1.26,659,9.776,UNKNOWN / NEEDS REVIEW,
sensor_data\sub_data\head_direction\T04\T04_0727.csv,relative_angle,float64,1.26,1486,16.49,UNKNOWN / NEEDS REVIEW,
sensor_data\sub_data\head_direction\T04\T04_0728.csv,timestamp,float64,0.0,5000,1690520400.0,KEEP candidate,
sensor_data\sub_data\head_direction\T04\T04_0728.csv,roll,float64,2.64,561,-2.9,UNKNOWN / NEEDS REVIEW,
sensor_data\sub_data\head_direction\T04\T04_0728.csv,pitch,float64,2.64,1142,-60.8,UNKNOWN / NEEDS REVIEW,
sensor_data\sub_data\head_direction\T04\T04_0728.csv,yaw,float64,2.66,1104,195.0,UNKNOWN / NEEDS REVIEW,
sensor_data\sub_data\head_direction\T04\T04_0728.csv,accel_norm,float64,2.64,2157,8.726,UNKNOWN / NEEDS REVIEW,
sensor_data\sub_data\head_direction\T04\T04_0728.csv,relative_angle,float64,2.66,2654,36.65,UNKNOWN / NEEDS REVIEW,
sensor_data\sub_data\head_direction\T04\T04_0729.csv,timestamp,float64,0.0,5000,1690606800.0,KEEP candidate,
sensor_data\sub_data\head_direction\T04\T04_0729.csv,roll,float64,1.26,186,-37.0,UNKNOWN / NEEDS REVIEW,
sensor_data\sub_data\head_direction\T04\T04_0729.csv,pitch,float64,1.26,550,37.4,UNKNOWN / NEEDS REVIEW,
sensor_data\sub_data\head_direction\T04\T04_0729.csv,yaw,float64,1.26,564,-112.3,UNKNOWN / NEEDS REVIEW,
sensor_data\sub_data\head_direction\T04\T04_0729.csv,accel_norm,float64,1.26,686,9.705,UNKNOWN / NEEDS REVIEW,
sensor_data\sub_data\head_direction\T04\T04_0729.csv,relative_angle,float64,1.26,1031,10.57,UNKNOWN / NEEDS REVIEW,
sensor_data\sub_data\head_direction\T04\T04_0730.csv,timestamp,float64,0.0,5000,1690693200.0,KEEP candidate,
sensor_data\sub_data\head_direction\T04\T04_0730.csv,roll,float64,1.26,263,-34.0,UNKNOWN / NEEDS REVIEW,
sensor_data\sub_data\head_direction\T04\T04_0730.csv,pitch,float64,1.26,675,-70.4,UNKNOWN / NEEDS REVIEW,
sensor_data\sub_data\head_direction\T04\T04_0730.csv,yaw,float64,1.26,759,168.3,UNKNOWN / NEEDS REVIEW,
sensor_data\sub_data\head_direction\T04\T04_0730.csv,accel_norm,float64,1.26,742,9.731,UNKNOWN / NEEDS REVIEW,
sensor_data\sub_data\head_direction\T04\T04_0730.csv,relative_angle,float64,1.26,1138,36.88,UNKNOWN / NEEDS REVIEW,
sensor_data\sub_data\head_direction\T04\T04_0731.csv,timestamp,float64,0.0,5000,1690779600.0,KEEP candidate,
sensor_data\sub_data\head_direction\T04\T04_0731.csv,roll,float64,1.46,418,-35.5,UNKNOWN / NEEDS REVIEW,
sensor_data\sub_data\head_direction\T04\T04_0731.csv,pitch,float64,1.46,610,5.1,UNKNOWN / NEEDS REVIEW,
sensor_data\sub_data\head_direction\T04\T04_0731.csv,yaw,float64,1.46,860,-140.8,UNKNOWN / NEEDS REVIEW,
sensor_data\sub_data\head_direction\T04\T04_0731.csv,accel_norm,float64,1.46,768,10.042,UNKNOWN / NEEDS REVIEW,
sensor_data\sub_data\head_direction\T04\T04_0731.csv,relative_angle,float64,1.46,1237,34.75,UNKNOWN / NEEDS REVIEW,
sensor_data\sub_data\head_direction\T04\T04_0801.csv,timestamp,float64,0.0,5000,1690866000.0,KEEP candidate,
sensor_data\sub_data\head_direction\T04\T04_0801.csv,roll,float64,2.66,382,-49.9,UNKNOWN / NEEDS REVIEW,
sensor_data\sub_data\head_direction\T04\T04_0801.csv,pitch,float64,2.66,689,-30.3,UNKNOWN / NEEDS REVIEW,
sensor_data\sub_data\head_direction\T04\T04_0801.csv,yaw,float64,2.68,659,171.0,UNKNOWN / NEEDS REVIEW,
sensor_data\sub_data\head_direction\T04\T04_0801.csv,accel_norm,float64,2.66,1518,9.892,UNKNOWN / NEEDS REVIEW,
sensor_data\sub_data\head_direction\T04\T04_0801.csv,relative_angle,float64,2.68,1324,20.62,UNKNOWN / NEEDS REVIEW,
sensor_data\sub_data\head_direction\T04\T04_0802.csv,timestamp,float64,0.0,5000,1690952400.0,KEEP candidate,
sensor_data\sub_data\head_direction\T04\T04_0802.csv,roll,float64,1.86,389,-45.7,UNKNOWN / NEEDS REVIEW,
sensor_data\sub_data\head_direction\T04\T04_0802.csv,pitch,float64,1.86,959,-80.3,UNKNOWN / NEEDS REVIEW,
sensor_data\sub_data\head_direction\T04\T04_0802.csv,yaw,float64,1.86,1753,148.5,UNKNOWN / NEEDS REVIEW,
sensor_data\sub_data\head_direction\T04\T04_0802.csv,accel_norm,float64,1.86,1258,9.989,UNKNOWN / NEEDS REVIEW,
sensor_data\sub_data\head_direction\T04\T04_0802.csv,relative_angle,float64,1.86,2237,29.3,UNKNOWN / NEEDS REVIEW,
sensor_data\sub_data\head_direction\T04\T04_0803.csv,timestamp,float64,0.0,5000,1691038800.0,KEEP candidate,
sensor_data\sub_data\head_direction\T04\T04_0803.csv,roll,float64,2.66,292,-42.1,UNKNOWN / NEEDS REVIEW,
sensor_data\sub_data\head_direction\T04\T04_0803.csv,pitch,float64,2.66,895,-20.2,UNKNOWN / NEEDS REVIEW,
sensor_data\sub_data\head_direction\T04\T04_0803.csv,yaw,float64,2.68,1632,139.3,UNKNOWN / NEEDS REVIEW,
sensor_data\sub_data\head_direction\T04\T04_0803.csv,accel_norm,float64,2.66,1736,9.804,UNKNOWN / NEEDS REVIEW,
sensor_data\sub_data\head_direction\T04\T04_0803.csv,relative_angle,float64,2.68,1916,19.96,UNKNOWN / NEEDS REVIEW,
sensor_data\sub_data\head_direction\T04\T04_0804.csv,timestamp,float64,0.0,5000,1691125200.0,KEEP candidate,
sensor_data\sub_data\head_direction\T04\T04_0804.csv,roll,float64,1.66,369,-40.7,UNKNOWN / NEEDS REVIEW,
sensor_data\sub_data\head_direction\T04\T04_0804.csv,pitch,float64,1.66,573,6.9,UNKNOWN / NEEDS REVIEW,
sensor_data\sub_data\head_direction\T04\T04_0804.csv,yaw,float64,1.66,1157,-68.3,UNKNOWN / NEEDS REVIEW,
sensor_data\sub_data\head_direction\T04\T04_0804.csv,accel_norm,float64,1.66,1633,9.515,UNKNOWN / NEEDS REVIEW,
sensor_data\sub_data\head_direction\T04\T04_0804.csv,relative_angle,float64,1.66,1210,5.74,UNKNOWN / NEEDS REVIEW,
sensor_data\sub_data\head_direction\T05\T05_0721.csv,timestamp,float64,0.0,5000,1689960606.0,KEEP candidate,
sensor_data\sub_data\head_direction\T05\T05_0721.csv,roll,float64,1.26,377,-11.4,UNKNOWN / NEEDS REVIEW,
sensor_data\sub_data\head_direction\T05\T05_0721.csv,pitch,float64,1.26,529,-45.6,UNKNOWN / NEEDS REVIEW,
sensor_data\sub_data\head_direction\T05\T05_0721.csv,yaw,float64,1.26,467,114.0,UNKNOWN / NEEDS REVIEW,
sensor_data\sub_data\head_direction\T05\T05_0721.csv,accel_norm,float64,1.26,982,9.688,UNKNOWN / NEEDS REVIEW,
sensor_data\sub_data\head_direction\T05\T05_0721.csv,relative_angle,float64,1.26,981,26.7,UNKNOWN / NEEDS REVIEW,
sensor_data\sub_data\head_direction\T05\T05_0722.csv,timestamp,float64,0.0,5000,1690002000.0,KEEP candidate,
sensor_data\sub_data\head_direction\T05\T05_0722.csv,roll,float64,2.46,250,-39.5,UNKNOWN / NEEDS REVIEW,
sensor_data\sub_data\head_direction\T05\T05_0722.csv,pitch,float64,2.46,544,-8.8,UNKNOWN / NEEDS REVIEW,
sensor_data\sub_data\head_direction\T05\T05_0722.csv,yaw,float64,2.48,1496,75.8,UNKNOWN / NEEDS REVIEW,
sensor_data\sub_data\head_direction\T05\T05_0722.csv,accel_norm,float64,2.46,1752,9.999,UNKNOWN / NEEDS REVIEW,
sensor_data\sub_data\head_direction\T05\T05_0722.csv,relative_angle,float64,2.48,925,4.93,UNKNOWN / NEEDS REVIEW,
sensor_data\sub_data\head_direction\T05\T05_0723.csv,timestamp,float64,0.0,5000,1690088400.0,KEEP candidate,
sensor_data\sub_data\head_direction\T05\T05_0723.csv,roll,float64,1.28,389,-24.1,UNKNOWN / NEEDS REVIEW,
sensor_data\sub_data\head_direction\T05\T05_0723.csv,pitch,float64,1.28,699,-48.8,UNKNOWN / NEEDS REVIEW,
sensor_data\sub_data\head_direction\T05\T05_0723.csv,yaw,float64,1.28,1534,31.9,UNKNOWN / NEEDS REVIEW,
sensor_data\sub_data\head_direction\T05\T05_0723.csv,accel_norm,float64,1.28,1812,9.817,UNKNOWN / NEEDS REVIEW,
sensor_data\sub_data\head_direction\T05\T05_0723.csv,relative_angle,float64,1.28,2260,35.63,UNKNOWN / NEEDS REVIEW,
sensor_data\sub_data\head_direction\T05\T05_0724.csv,timestamp,float64,0.0,5000,1690174800.0,KEEP candidate,
sensor_data\sub_data\head_direction\T05\T05_0724.csv,roll,float64,2.44,233,-49.2,UNKNOWN / NEEDS REVIEW,
sensor_data\sub_data\head_direction\T05\T05_0724.csv,pitch,float64,2.44,438,-12.2,UNKNOWN / NEEDS REVIEW,
sensor_data\sub_data\head_direction\T05\T05_0724.csv,yaw,float64,2.46,612,128.6,UNKNOWN / NEEDS REVIEW,
sensor_data\sub_data\head_direction\T05\T05_0724.csv,accel_norm,float64,2.44,1907,10.107,UNKNOWN / NEEDS REVIEW,
sensor_data\sub_data\head_direction\T05\T05_0724.csv,relative_angle,float64,2.46,1248,15.37,UNKNOWN / NEEDS REVIEW,
sensor_data\sub_data\head_direction\T05\T05_0725.csv,timestamp,float64,0.0,5000,1690261200.0,KEEP candidate,
sensor_data\sub_data\head_direction\T05\T05_0725.csv,roll,float64,1.28,373,-36.7,UNKNOWN / NEEDS REVIEW,
sensor_data\sub_data\head_direction\T05\T05_0725.csv,pitch,float64,1.28,604,-29.7,UNKNOWN / NEEDS REVIEW,
sensor_data\sub_data\head_direction\T05\T05_0725.csv,yaw,float64,1.28,682,42.9,UNKNOWN / NEEDS REVIEW,
sensor_data\sub_data\head_direction\T05\T05_0725.csv,accel_norm,float64,1.28,1430,9.599,UNKNOWN / NEEDS REVIEW,
sensor_data\sub_data\head_direction\T05\T05_0725.csv,relative_angle,float64,1.28,1484,23.58,UNKNOWN / NEEDS REVIEW,
sensor_data\sub_data\head_direction\T05\T05_0726.csv,timestamp,float64,0.0,5000,1690347600.0,KEEP candidate,
sensor_data\sub_data\head_direction\T05\T05_0726.csv,roll,float64,1.26,567,-39.6,UNKNOWN / NEEDS REVIEW,
sensor_data\sub_data\head_direction\T05\T05_0726.csv,pitch,float64,1.26,873,-14.4,UNKNOWN / NEEDS REVIEW,
sensor_data\sub_data\head_direction\T05\T05_0726.csv,yaw,float64,1.26,1679,125.3,UNKNOWN / NEEDS REVIEW,
sensor_data\sub_data\head_direction\T05\T05_0726.csv,accel_norm,float64,1.26,2053,9.614,UNKNOWN / NEEDS REVIEW,
sensor_data\sub_data\head_direction\T05\T05_0726.csv,relative_angle,float64,1.26,3004,31.43,UNKNOWN / NEEDS REVIEW,
sensor_data\sub_data\head_direction\T05\T05_0727.csv,timestamp,float64,0.0,5000,1690434000.0,KEEP candidate,
sensor_data\sub_data\head_direction\T05\T05_0727.csv,roll,float64,1.26,256,-33.5,UNKNOWN / NEEDS REVIEW,
sensor_data\sub_data\head_direction\T05\T05_0727.csv,pitch,float64,1.26,335,-29.8,UNKNOWN / NEEDS REVIEW,
sensor_data\sub_data\head_direction\T05\T05_0727.csv,yaw,float64,1.26,557,117.6,UNKNOWN / NEEDS REVIEW,
sensor_data\sub_data\head_direction\T05\T05_0727.csv,accel_norm,float64,1.26,1184,8.907,UNKNOWN / NEEDS REVIEW,
sensor_data\sub_data\head_direction\T05\T05_0727.csv,relative_angle,float64,1.26,1256,26.69,UNKNOWN / NEEDS REVIEW,
sensor_data\sub_data\head_direction\T05\T05_0728.csv,timestamp,float64,0.0,5000,1690520400.0,KEEP candidate,
sensor_data\sub_data\head_direction\T05\T05_0728.csv,roll,float64,1.26,267,-48.1,UNKNOWN / NEEDS REVIEW,
sensor_data\sub_data\head_direction\T05\T05_0728.csv,pitch,float64,1.26,418,21.6,UNKNOWN / NEEDS REVIEW,
sensor_data\sub_data\head_direction\T05\T05_0728.csv,yaw,float64,1.26,273,98.6,UNKNOWN / NEEDS REVIEW,
sensor_data\sub_data\head_direction\T05\T05_0728.csv,accel_norm,float64,1.26,1884,9.982,UNKNOWN / NEEDS REVIEW,
sensor_data\sub_data\head_direction\T05\T05_0728.csv,relative_angle,float64,1.26,1321,32.33,UNKNOWN / NEEDS REVIEW,
sensor_data\sub_data\head_direction\T05\T05_0729.csv,timestamp,float64,0.0,5000,1690606800.0,KEEP candidate,
sensor_data\sub_data\head_direction\T05\T05_0729.csv,roll,float64,2.46,216,-55.2,UNKNOWN / NEEDS REVIEW,
sensor_data\sub_data\head_direction\T05\T05_0729.csv,pitch,float64,2.46,365,27.2,UNKNOWN / NEEDS REVIEW,
sensor_data\sub_data\head_direction\T05\T05_0729.csv,yaw,float64,2.48,295,92.5,UNKNOWN / NEEDS REVIEW,
sensor_data\sub_data\head_direction\T05\T05_0729.csv,accel_norm,float64,2.46,1855,9.408,UNKNOWN / NEEDS REVIEW,
sensor_data\sub_data\head_direction\T05\T05_0729.csv,relative_angle,float64,2.48,1325,28.68,UNKNOWN / NEEDS REVIEW,
sensor_data\sub_data\head_direction\T05\T05_0730.csv,timestamp,float64,0.0,5000,1690693200.0,KEEP candidate,
sensor_data\sub_data\head_direction\T05\T05_0730.csv,roll,float64,1.08,558,-44.0,UNKNOWN / NEEDS REVIEW,
sensor_data\sub_data\head_direction\T05\T05_0730.csv,pitch,float64,1.08,1094,-31.5,UNKNOWN / NEEDS REVIEW,
sensor_data\sub_data\head_direction\T05\T05_0730.csv,yaw,float64,1.08,1922,104.5,UNKNOWN / NEEDS REVIEW,
sensor_data\sub_data\head_direction\T05\T05_0730.csv,accel_norm,float64,1.08,1933,9.36,UNKNOWN / NEEDS REVIEW,
sensor_data\sub_data\head_direction\T05\T05_0730.csv,relative_angle,float64,1.08,1820,17.57,UNKNOWN / NEEDS REVIEW,
sensor_data\sub_data\head_direction\T05\T05_0731.csv,timestamp,float64,0.0,5000,1690779600.0,KEEP candidate,
sensor_data\sub_data\head_direction\T05\T05_0731.csv,roll,float64,2.24,216,-56.5,UNKNOWN / NEEDS REVIEW,
sensor_data\sub_data\head_direction\T05\T05_0731.csv,pitch,float64,2.24,285,-4.5,UNKNOWN / NEEDS REVIEW,
sensor_data\sub_data\head_direction\T05\T05_0731.csv,yaw,float64,2.26,326,61.3,UNKNOWN / NEEDS REVIEW,
sensor_data\sub_data\head_direction\T05\T05_0731.csv,accel_norm,float64,2.24,1731,9.883,UNKNOWN / NEEDS REVIEW,
sensor_data\sub_data\head_direction\T05\T05_0731.csv,relative_angle,float64,2.26,1074,26.67,UNKNOWN / NEEDS REVIEW,
sensor_data\sub_data\head_direction\T05\T05_0801.csv,timestamp,float64,0.0,5000,1690866000.0,KEEP candidate,
sensor_data\sub_data\head_direction\T05\T05_0801.csv,roll,float64,1.26,400,-12.5,UNKNOWN / NEEDS REVIEW,
sensor_data\sub_data\head_direction\T05\T05_0801.csv,pitch,float64,1.26,626,-45.5,UNKNOWN / NEEDS REVIEW,
sensor_data\sub_data\head_direction\T05\T05_0801.csv,yaw,float64,1.26,763,129.3,UNKNOWN / NEEDS REVIEW,
sensor_data\sub_data\head_direction\T05\T05_0801.csv,accel_norm,float64,1.26,857,9.846,UNKNOWN / NEEDS REVIEW,
sensor_data\sub_data\head_direction\T05\T05_0801.csv,relative_angle,float64,1.26,1082,26.93,UNKNOWN / NEEDS REVIEW,
sensor_data\sub_data\head_direction\T05\T05_0802.csv,timestamp,float64,0.0,5000,1690952400.0,KEEP candidate,
sensor_data\sub_data\head_direction\T05\T05_0802.csv,roll,float64,1.46,356,-54.2,UNKNOWN / NEEDS REVIEW,
sensor_data\sub_data\head_direction\T05\T05_0802.csv,pitch,float64,1.46,484,1.5,UNKNOWN / NEEDS REVIEW,
sensor_data\sub_data\head_direction\T05\T05_0802.csv,yaw,float64,1.46,2173,33.5,UNKNOWN / NEEDS REVIEW,
sensor_data\sub_data\head_direction\T05\T05_0802.csv,accel_norm,float64,1.46,1555,9.261,UNKNOWN / NEEDS REVIEW,
sensor_data\sub_data\head_direction\T05\T05_0802.csv,relative_angle,float64,1.46,921,3.22,UNKNOWN / NEEDS REVIEW,
sensor_data\sub_data\head_direction\T05\T05_0803.csv,timestamp,float64,0.0,5000,1691038800.0,KEEP candidate,
sensor_data\sub_data\head_direction\T05\T05_0803.csv,roll,float64,1.28,201,-60.8,UNKNOWN / NEEDS REVIEW,
sensor_data\sub_data\head_direction\T05\T05_0803.csv,pitch,float64,1.28,408,8.9,UNKNOWN / NEEDS REVIEW,
sensor_data\sub_data\head_direction\T05\T05_0803.csv,yaw,float64,1.28,418,127.0,UNKNOWN / NEEDS REVIEW,
sensor_data\sub_data\head_direction\T05\T05_0803.csv,accel_norm,float64,1.28,1121,9.66,UNKNOWN / NEEDS REVIEW,
sensor_data\sub_data\head_direction\T05\T05_0803.csv,relative_angle,float64,1.28,1299,30.01,UNKNOWN / NEEDS REVIEW,
sensor_data\sub_data\head_direction\T05\T05_0804.csv,timestamp,float64,0.0,5000,1691125200.0,KEEP candidate,
sensor_data\sub_data\head_direction\T05\T05_0804.csv,roll,float64,1.06,194,-45.6,UNKNOWN / NEEDS REVIEW,
sensor_data\sub_data\head_direction\T05\T05_0804.csv,pitch,float64,1.06,248,-15.8,UNKNOWN / NEEDS REVIEW,
sensor_data\sub_data\head_direction\T05\T05_0804.csv,yaw,float64,1.06,367,112.6,UNKNOWN / NEEDS REVIEW,
sensor_data\sub_data\head_direction\T05\T05_0804.csv,accel_norm,float64,1.06,1705,9.676,UNKNOWN / NEEDS REVIEW,
sensor_data\sub_data\head_direction\T05\T05_0804.csv,relative_angle,float64,1.06,1649,33.87,UNKNOWN / NEEDS REVIEW,
sensor_data\sub_data\head_direction\T06\T06_0721.csv,timestamp,float64,0.0,5000,1689960612.0,KEEP candidate,
sensor_data\sub_data\head_direction\T06\T06_0721.csv,roll,float64,2.44,609,-36.5,UNKNOWN / NEEDS REVIEW,
sensor_data\sub_data\head_direction\T06\T06_0721.csv,pitch,float64,2.44,726,-30.3,UNKNOWN / NEEDS REVIEW,
sensor_data\sub_data\head_direction\T06\T06_0721.csv,yaw,float64,2.46,1485,116.1,UNKNOWN / NEEDS REVIEW,
sensor_data\sub_data\head_direction\T06\T06_0721.csv,accel_norm,float64,2.44,2161,9.401,UNKNOWN / NEEDS REVIEW,
sensor_data\sub_data\head_direction\T06\T06_0721.csv,relative_angle,float64,2.46,3110,35.09,UNKNOWN / NEEDS REVIEW,
sensor_data\sub_data\head_direction\T06\T06_0722.csv,timestamp,float64,0.0,5000,1690002000.0,KEEP candidate,
sensor_data\sub_data\head_direction\T06\T06_0722.csv,roll,float64,1.26,584,-21.7,UNKNOWN / NEEDS REVIEW,
sensor_data\sub_data\head_direction\T06\T06_0722.csv,pitch,float64,1.26,596,-18.6,UNKNOWN / NEEDS REVIEW,
sensor_data\sub_data\head_direction\T06\T06_0722.csv,yaw,float64,1.26,813,-16.3,UNKNOWN / NEEDS REVIEW,
sensor_data\sub_data\head_direction\T06\T06_0722.csv,accel_norm,float64,1.26,1433,9.697,UNKNOWN / NEEDS REVIEW,
sensor_data\sub_data\head_direction\T06\T06_0722.csv,relative_angle,float64,1.26,1346,15.58,UNKNOWN / NEEDS REVIEW,
sensor_data\sub_data\head_direction\T06\T06_0723.csv,timestamp,float64,0.0,5000,1690088400.0,KEEP candidate,
sensor_data\sub_data\head_direction\T06\T06_0723.csv,roll,float64,1.28,355,-13.8,UNKNOWN / NEEDS REVIEW,
sensor_data\sub_data\head_direction\T06\T06_0723.csv,pitch,float64,1.28,430,-18.5,UNKNOWN / NEEDS REVIEW,
sensor_data\sub_data\head_direction\T06\T06_0723.csv,yaw,float64,1.28,612,-126.0,UNKNOWN / NEEDS REVIEW,
sensor_data\sub_data\head_direction\T06\T06_0723.csv,accel_norm,float64,1.28,1377,9.505,UNKNOWN / NEEDS REVIEW,
sensor_data\sub_data\head_direction\T06\T06_0723.csv,relative_angle,float64,1.28,1408,31.82,UNKNOWN / NEEDS REVIEW,
sensor_data\sub_data\head_direction\T06\T06_0724.csv,timestamp,float64,0.0,5000,1690174800.0,KEEP candidate,
sensor_data\sub_data\head_direction\T06\T06_0724.csv,roll,float64,2.64,249,-35.7,UNKNOWN / NEEDS REVIEW,
sensor_data\sub_data\head_direction\T06\T06_0724.csv,pitch,float64,2.64,285,-12.6,UNKNOWN / NEEDS REVIEW,
sensor_data\sub_data\head_direction\T06\T06_0724.csv,yaw,float64,2.66,1248,186.8,UNKNOWN / NEEDS REVIEW,
sensor_data\sub_data\head_direction\T06\T06_0724.csv,accel_norm,float64,2.64,534,9.923,UNKNOWN / NEEDS REVIEW,
sensor_data\sub_data\head_direction\T06\T06_0724.csv,relative_angle,float64,2.66,1085,12.78,UNKNOWN / NEEDS REVIEW,
sensor_data\sub_data\head_direction\T06\T06_0725.csv,timestamp,float64,0.0,5000,1690261200.0,KEEP candidate,
sensor_data\sub_data\head_direction\T06\T06_0725.csv,roll,float64,1.06,481,-45.3,UNKNOWN / NEEDS REVIEW,
sensor_data\sub_data\head_direction\T06\T06_0725.csv,pitch,float64,1.06,347,1.8,UNKNOWN / NEEDS REVIEW,
sensor_data\sub_data\head_direction\T06\T06_0725.csv,yaw,float64,1.06,587,154.1,UNKNOWN / NEEDS REVIEW,
sensor_data\sub_data\head_direction\T06\T06_0725.csv,accel_norm,float64,1.06,1670,8.945,UNKNOWN / NEEDS REVIEW,
sensor_data\sub_data\head_direction\T06\T06_0725.csv,relative_angle,float64,1.06,1214,18.6,UNKNOWN / NEEDS REVIEW,
sensor_data\sub_data\head_direction\T06\T06_0726.csv,timestamp,float64,0.0,5000,1690347600.0,KEEP candidate,
sensor_data\sub_data\head_direction\T06\T06_0726.csv,roll,float64,2.44,290,-29.4,UNKNOWN / NEEDS REVIEW,
sensor_data\sub_data\head_direction\T06\T06_0726.csv,pitch,float64,2.44,372,-13.4,UNKNOWN / NEEDS REVIEW,
sensor_data\sub_data\head_direction\T06\T06_0726.csv,yaw,float64,2.46,623,70.4,UNKNOWN / NEEDS REVIEW,
sensor_data\sub_data\head_direction\T06\T06_0726.csv,accel_norm,float64,2.44,1726,9.916,UNKNOWN / NEEDS REVIEW,
sensor_data\sub_data\head_direction\T06\T06_0726.csv,relative_angle,float64,2.46,1064,12.31,UNKNOWN / NEEDS REVIEW,
sensor_data\sub_data\head_direction\T06\T06_0727.csv,timestamp,float64,0.0,5000,1690434000.0,KEEP candidate,
sensor_data\sub_data\head_direction\T06\T06_0727.csv,roll,float64,1.26,547,-31.3,UNKNOWN / NEEDS REVIEW,
sensor_data\sub_data\head_direction\T06\T06_0727.csv,pitch,float64,1.26,720,16.4,UNKNOWN / NEEDS REVIEW,
sensor_data\sub_data\head_direction\T06\T06_0727.csv,yaw,float64,1.26,1076,-81.8,UNKNOWN / NEEDS REVIEW,
sensor_data\sub_data\head_direction\T06\T06_0727.csv,accel_norm,float64,1.26,698,10.06,UNKNOWN / NEEDS REVIEW,
sensor_data\sub_data\head_direction\T06\T06_0727.csv,relative_angle,float64,1.26,2145,24.04,UNKNOWN / NEEDS REVIEW,
sensor_data\sub_data\head_direction\T06\T06_0728.csv,timestamp,float64,0.0,5000,1690520400.0,KEEP candidate,
sensor_data\sub_data\head_direction\T06\T06_0728.csv,roll,float64,2.26,631,-13.7,UNKNOWN / NEEDS REVIEW,
sensor_data\sub_data\head_direction\T06\T06_0728.csv,pitch,float64,2.26,712,-25.2,UNKNOWN / NEEDS REVIEW,
sensor_data\sub_data\head_direction\T06\T06_0728.csv,yaw,float64,2.28,1066,126.1,UNKNOWN / NEEDS REVIEW,
sensor_data\sub_data\head_direction\T06\T06_0728.csv,accel_norm,float64,2.26,1341,9.824,UNKNOWN / NEEDS REVIEW,
sensor_data\sub_data\head_direction\T06\T06_0728.csv,relative_angle,float64,2.28,1387,17.16,UNKNOWN / NEEDS REVIEW,
sensor_data\sub_data\head_direction\T06\T06_0729.csv,timestamp,float64,0.0,5000,1690606800.0,KEEP candidate,
sensor_data\sub_data\head_direction\T06\T06_0729.csv,roll,float64,1.28,444,-25.6,UNKNOWN / NEEDS REVIEW,
sensor_data\sub_data\head_direction\T06\T06_0729.csv,pitch,float64,1.28,488,-13.2,UNKNOWN / NEEDS REVIEW,
sensor_data\sub_data\head_direction\T06\T06_0729.csv,yaw,float64,1.28,617,-128.9,UNKNOWN / NEEDS REVIEW,
sensor_data\sub_data\head_direction\T06\T06_0729.csv,accel_norm,float64,1.28,893,9.884,UNKNOWN / NEEDS REVIEW,
sensor_data\sub_data\head_direction\T06\T06_0729.csv,relative_angle,float64,1.28,1156,35.39,UNKNOWN / NEEDS REVIEW,
sensor_data\sub_data\head_direction\T06\T06_0730.csv,timestamp,float64,0.0,5000,1690693200.0,KEEP candidate,
sensor_data\sub_data\head_direction\T06\T06_0730.csv,roll,float64,1.28,520,-25.0,UNKNOWN / NEEDS REVIEW,
sensor_data\sub_data\head_direction\T06\T06_0730.csv,pitch,float64,1.28,1138,-80.6,UNKNOWN / NEEDS REVIEW,
sensor_data\sub_data\head_direction\T06\T06_0730.csv,yaw,float64,1.28,1841,-134.9,UNKNOWN / NEEDS REVIEW,
sensor_data\sub_data\head_direction\T06\T06_0730.csv,accel_norm,float64,1.28,1933,10.011,UNKNOWN / NEEDS REVIEW,
sensor_data\sub_data\head_direction\T06\T06_0730.csv,relative_angle,float64,1.28,2554,27.63,UNKNOWN / NEEDS REVIEW,
sensor_data\sub_data\head_direction\T06\T06_0731.csv,timestamp,float64,0.0,5000,1690779600.0,KEEP candidate,
sensor_data\sub_data\head_direction\T06\T06_0731.csv,roll,float64,2.26,421,-32.5,UNKNOWN / NEEDS REVIEW,
sensor_data\sub_data\head_direction\T06\T06_0731.csv,pitch,float64,2.26,744,-48.6,UNKNOWN / NEEDS REVIEW,
sensor_data\sub_data\head_direction\T06\T06_0731.csv,yaw,float64,2.28,1300,-4.8,UNKNOWN / NEEDS REVIEW,
sensor_data\sub_data\head_direction\T06\T06_0731.csv,accel_norm,float64,2.26,1105,9.658,UNKNOWN / NEEDS REVIEW,
sensor_data\sub_data\head_direction\T06\T06_0731.csv,relative_angle,float64,2.28,2086,4.93,UNKNOWN / NEEDS REVIEW,
sensor_data\sub_data\head_direction\T06\T06_0801.csv,timestamp,float64,0.0,5000,1690866000.0,KEEP candidate,
sensor_data\sub_data\head_direction\T06\T06_0801.csv,roll,float64,1.46,289,-46.2,UNKNOWN / NEEDS REVIEW,
sensor_data\sub_data\head_direction\T06\T06_0801.csv,pitch,float64,1.46,467,17.9,UNKNOWN / NEEDS REVIEW,
sensor_data\sub_data\head_direction\T06\T06_0801.csv,yaw,float64,1.46,608,-107.6,UNKNOWN / NEEDS REVIEW,
sensor_data\sub_data\head_direction\T06\T06_0801.csv,accel_norm,float64,1.46,1680,9.362,UNKNOWN / NEEDS REVIEW,
sensor_data\sub_data\head_direction\T06\T06_0801.csv,relative_angle,float64,1.46,1529,36.2,UNKNOWN / NEEDS REVIEW,
sensor_data\sub_data\head_direction\T06\T06_0802.csv,timestamp,float64,0.0,5000,1690952400.0,KEEP candidate,
sensor_data\sub_data\head_direction\T06\T06_0802.csv,roll,float64,1.26,602,7.0,UNKNOWN / NEEDS REVIEW,
sensor_data\sub_data\head_direction\T06\T06_0802.csv,pitch,float64,1.26,793,-14.2,UNKNOWN / NEEDS REVIEW,
sensor_data\sub_data\head_direction\T06\T06_0802.csv,yaw,float64,1.26,1088,-82.5,UNKNOWN / NEEDS REVIEW,
sensor_data\sub_data\head_direction\T06\T06_0802.csv,accel_norm,float64,1.26,1661,10.109,UNKNOWN / NEEDS REVIEW,
sensor_data\sub_data\head_direction\T06\T06_0802.csv,relative_angle,float64,1.26,2409,31.76,UNKNOWN / NEEDS REVIEW,
sensor_data\sub_data\head_direction\T06\T06_0803.csv,timestamp,float64,0.0,5000,1691038800.0,KEEP candidate,
sensor_data\sub_data\head_direction\T06\T06_0803.csv,roll,float64,2.64,386,-2.6,UNKNOWN / NEEDS REVIEW,
sensor_data\sub_data\head_direction\T06\T06_0803.csv,pitch,float64,2.64,382,-37.2,UNKNOWN / NEEDS REVIEW,
sensor_data\sub_data\head_direction\T06\T06_0803.csv,yaw,float64,2.66,1426,-96.3,UNKNOWN / NEEDS REVIEW,
sensor_data\sub_data\head_direction\T06\T06_0803.csv,accel_norm,float64,2.64,1436,10.039,UNKNOWN / NEEDS REVIEW,
sensor_data\sub_data\head_direction\T06\T06_0803.csv,relative_angle,float64,2.66,2487,37.41,UNKNOWN / NEEDS REVIEW,
sensor_data\sub_data\head_direction\T06\T06_0804.csv,timestamp,float64,0.0,5000,1691125200.0,KEEP candidate,
sensor_data\sub_data\head_direction\T06\T06_0804.csv,roll,float64,1.26,401,24.6,UNKNOWN / NEEDS REVIEW,
sensor_data\sub_data\head_direction\T06\T06_0804.csv,pitch,float64,1.26,575,-36.6,UNKNOWN / NEEDS REVIEW,
sensor_data\sub_data\head_direction\T06\T06_0804.csv,yaw,float64,1.26,1514,-140.9,UNKNOWN / NEEDS REVIEW,
sensor_data\sub_data\head_direction\T06\T06_0804.csv,accel_norm,float64,1.26,1059,9.621,UNKNOWN / NEEDS REVIEW,
sensor_data\sub_data\head_direction\T06\T06_0804.csv,relative_angle,float64,1.26,2567,35.56,UNKNOWN / NEEDS REVIEW,
sensor_data\sub_data\head_direction\T07\T07_0721.csv,timestamp,float64,0.0,5000,1689984007.0,KEEP candidate,
sensor_data\sub_data\head_direction\T07\T07_0721.csv,roll,float64,1.46,1074,-0.9,UNKNOWN / NEEDS REVIEW,
sensor_data\sub_data\head_direction\T07\T07_0721.csv,pitch,float64,1.46,1682,103.4,UNKNOWN / NEEDS REVIEW,
sensor_data\sub_data\head_direction\T07\T07_0721.csv,yaw,float64,1.46,1594,-107.3,UNKNOWN / NEEDS REVIEW,
sensor_data\sub_data\head_direction\T07\T07_0721.csv,accel_norm,float64,1.46,1959,9.375,UNKNOWN / NEEDS REVIEW,
sensor_data\sub_data\head_direction\T07\T07_0721.csv,relative_angle,float64,1.46,2378,26.6,UNKNOWN / NEEDS REVIEW,
sensor_data\sub_data\head_direction\T07\T07_0722.csv,timestamp,float64,0.0,5000,1690002000.0,KEEP candidate,
sensor_data\sub_data\head_direction\T07\T07_0722.csv,roll,float64,2.44,366,-27.7,UNKNOWN / NEEDS REVIEW,
sensor_data\sub_data\head_direction\T07\T07_0722.csv,pitch,float64,2.44,716,-45.3,UNKNOWN / NEEDS REVIEW,
sensor_data\sub_data\head_direction\T07\T07_0722.csv,yaw,float64,2.46,769,-129.9,UNKNOWN / NEEDS REVIEW,
sensor_data\sub_data\head_direction\T07\T07_0722.csv,accel_norm,float64,2.44,1836,10.233,UNKNOWN / NEEDS REVIEW,
sensor_data\sub_data\head_direction\T07\T07_0722.csv,relative_angle,float64,2.46,2817,34.94,UNKNOWN / NEEDS REVIEW,
sensor_data\sub_data\head_direction\T07\T07_0723.csv,timestamp,float64,0.0,5000,1690088400.0,KEEP candidate,
sensor_data\sub_data\head_direction\T07\T07_0723.csv,roll,float64,1.46,601,-33.7,UNKNOWN / NEEDS REVIEW,
sensor_data\sub_data\head_direction\T07\T07_0723.csv,pitch,float64,1.46,1551,-36.5,UNKNOWN / NEEDS REVIEW,
sensor_data\sub_data\head_direction\T07\T07_0723.csv,yaw,float64,1.46,1404,151.4,UNKNOWN / NEEDS REVIEW,
sensor_data\sub_data\head_direction\T07\T07_0723.csv,accel_norm,float64,1.46,1723,10.084,UNKNOWN / NEEDS REVIEW,
sensor_data\sub_data\head_direction\T07\T07_0723.csv,relative_angle,float64,1.46,2136,14.31,UNKNOWN / NEEDS REVIEW,
sensor_data\sub_data\head_direction\T07\T07_0724.csv,timestamp,float64,0.0,5000,1690174800.0,KEEP candidate,
sensor_data\sub_data\head_direction\T07\T07_0724.csv,roll,float64,2.46,260,-45.9,UNKNOWN / NEEDS REVIEW,
sensor_data\sub_data\head_direction\T07\T07_0724.csv,pitch,float64,2.46,357,-12.1,UNKNOWN / NEEDS REVIEW,
sensor_data\sub_data\head_direction\T07\T07_0724.csv,yaw,float64,2.48,1193,36.3,UNKNOWN / NEEDS REVIEW,
sensor_data\sub_data\head_direction\T07\T07_0724.csv,accel_norm,float64,2.46,1719,10.065,UNKNOWN / NEEDS REVIEW,
sensor_data\sub_data\head_direction\T07\T07_0724.csv,relative_angle,float64,2.48,1146,11.37,UNKNOWN / NEEDS REVIEW,
sensor_data\sub_data\head_direction\T07\T07_0725.csv,timestamp,float64,0.0,5000,1690261200.0,KEEP candidate,
sensor_data\sub_data\head_direction\T07\T07_0725.csv,roll,float64,1.26,480,-32.9,UNKNOWN / NEEDS REVIEW,
sensor_data\sub_data\head_direction\T07\T07_0725.csv,pitch,float64,1.26,855,-56.4,UNKNOWN / NEEDS REVIEW,
sensor_data\sub_data\head_direction\T07\T07_0725.csv,yaw,float64,1.26,1300,-21.2,UNKNOWN / NEEDS REVIEW,
sensor_data\sub_data\head_direction\T07\T07_0725.csv,accel_norm,float64,1.26,1169,10.042,UNKNOWN / NEEDS REVIEW,
sensor_data\sub_data\head_direction\T07\T07_0725.csv,relative_angle,float64,1.26,1694,17.19,UNKNOWN / NEEDS REVIEW,
sensor_data\sub_data\head_direction\T07\T07_0726.csv,timestamp,float64,0.0,5000,1690347600.0,KEEP candidate,
sensor_data\sub_data\head_direction\T07\T07_0726.csv,roll,float64,2.66,352,-55.6,UNKNOWN / NEEDS REVIEW,
sensor_data\sub_data\head_direction\T07\T07_0726.csv,pitch,float64,2.66,609,14.9,UNKNOWN / NEEDS REVIEW,
sensor_data\sub_data\head_direction\T07\T07_0726.csv,yaw,float64,2.68,696,190.9,UNKNOWN / NEEDS REVIEW,
sensor_data\sub_data\head_direction\T07\T07_0726.csv,accel_norm,float64,2.66,695,9.85,UNKNOWN / NEEDS REVIEW,
sensor_data\sub_data\head_direction\T07\T07_0726.csv,relative_angle,float64,2.68,987,12.16,UNKNOWN / NEEDS REVIEW,
sensor_data\sub_data\head_direction\T07\T07_0727.csv,timestamp,float64,0.0,5000,1690434000.0,KEEP candidate,
sensor_data\sub_data\head_direction\T07\T07_0727.csv,roll,float64,1.26,324,-52.1,UNKNOWN / NEEDS REVIEW,
sensor_data\sub_data\head_direction\T07\T07_0727.csv,pitch,float64,1.26,606,49.7,UNKNOWN / NEEDS REVIEW,
sensor_data\sub_data\head_direction\T07\T07_0727.csv,yaw,float64,1.26,646,-61.2,UNKNOWN / NEEDS REVIEW,
sensor_data\sub_data\head_direction\T07\T07_0727.csv,accel_norm,float64,1.26,1596,9.707,UNKNOWN / NEEDS REVIEW,
sensor_data\sub_data\head_direction\T07\T07_0727.csv,relative_angle,float64,1.26,1171,21.95,UNKNOWN / NEEDS REVIEW,
sensor_data\sub_data\head_direction\T07\T07_0728.csv,timestamp,float64,0.0,5000,1690520400.0,KEEP candidate,
sensor_data\sub_data\head_direction\T07\T07_0728.csv,roll,float64,2.46,422,-39.0,UNKNOWN / NEEDS REVIEW,
sensor_data\sub_data\head_direction\T07\T07_0728.csv,pitch,float64,2.46,1027,-14.4,UNKNOWN / NEEDS REVIEW,
sensor_data\sub_data\head_direction\T07\T07_0728.csv,yaw,float64,2.48,2011,164.3,UNKNOWN / NEEDS REVIEW,
sensor_data\sub_data\head_direction\T07\T07_0728.csv,accel_norm,float64,2.46,1856,10.206,UNKNOWN / NEEDS REVIEW,
sensor_data\sub_data\head_direction\T07\T07_0728.csv,relative_angle,float64,2.48,2850,30.14,UNKNOWN / NEEDS REVIEW,
sensor_data\sub_data\head_direction\T07\T07_0729.csv,timestamp,float64,0.0,5000,1690606800.0,KEEP candidate,
sensor_data\sub_data\head_direction\T07\T07_0729.csv,roll,float64,1.46,257,-53.5,UNKNOWN / NEEDS REVIEW,
sensor_data\sub_data\head_direction\T07\T07_0729.csv,pitch,float64,1.46,267,1.4,UNKNOWN / NEEDS REVIEW,
sensor_data\sub_data\head_direction\T07\T07_0729.csv,yaw,float64,1.46,498,175.4,UNKNOWN / NEEDS REVIEW,
sensor_data\sub_data\head_direction\T07\T07_0729.csv,accel_norm,float64,1.46,1281,10.262,UNKNOWN / NEEDS REVIEW,
sensor_data\sub_data\head_direction\T07\T07_0729.csv,relative_angle,float64,1.46,1102,20.73,UNKNOWN / NEEDS REVIEW,
sensor_data\sub_data\head_direction\T07\T07_0730.csv,timestamp,float64,0.0,5000,1690693200.0,KEEP candidate,
sensor_data\sub_data\head_direction\T07\T07_0730.csv,roll,float64,2.66,192,-40.7,UNKNOWN / NEEDS REVIEW,
sensor_data\sub_data\head_direction\T07\T07_0730.csv,pitch,float64,2.66,211,-14.7,UNKNOWN / NEEDS REVIEW,
sensor_data\sub_data\head_direction\T07\T07_0730.csv,yaw,float64,2.68,667,14.0,UNKNOWN / NEEDS REVIEW,
sensor_data\sub_data\head_direction\T07\T07_0730.csv,accel_norm,float64,2.66,1484,9.21,UNKNOWN / NEEDS REVIEW,
sensor_data\sub_data\head_direction\T07\T07_0730.csv,relative_angle,float64,2.68,983,16.26,UNKNOWN / NEEDS REVIEW,
sensor_data\sub_data\head_direction\T07\T07_0731.csv,timestamp,float64,0.0,5000,1690779600.0,KEEP candidate,
sensor_data\sub_data\head_direction\T07\T07_0731.csv,roll,float64,1.28,335,-50.1,UNKNOWN / NEEDS REVIEW,
sensor_data\sub_data\head_direction\T07\T07_0731.csv,pitch,float64,1.28,350,6.0,UNKNOWN / NEEDS REVIEW,
sensor_data\sub_data\head_direction\T07\T07_0731.csv,yaw,float64,1.28,899,29.7,UNKNOWN / NEEDS REVIEW,
sensor_data\sub_data\head_direction\T07\T07_0731.csv,accel_norm,float64,1.28,1407,9.761,UNKNOWN / NEEDS REVIEW,
sensor_data\sub_data\head_direction\T07\T07_0731.csv,relative_angle,float64,1.28,1017,9.24,UNKNOWN / NEEDS REVIEW,
sensor_data\sub_data\head_direction\T07\T07_0801.csv,timestamp,float64,0.0,5000,1690866000.0,KEEP candidate,
sensor_data\sub_data\head_direction\T07\T07_0801.csv,roll,float64,2.66,403,-14.1,UNKNOWN / NEEDS REVIEW,
sensor_data\sub_data\head_direction\T07\T07_0801.csv,pitch,float64,2.66,818,-36.6,UNKNOWN / NEEDS REVIEW,
sensor_data\sub_data\head_direction\T07\T07_0801.csv,yaw,float64,2.68,839,170.3,UNKNOWN / NEEDS REVIEW,
sensor_data\sub_data\head_direction\T07\T07_0801.csv,accel_norm,float64,2.66,871,10.108,UNKNOWN / NEEDS REVIEW,
sensor_data\sub_data\head_direction\T07\T07_0801.csv,relative_angle,float64,2.68,1277,26.61,UNKNOWN / NEEDS REVIEW,
sensor_data\sub_data\head_direction\T07\T07_0802.csv,timestamp,float64,0.0,5000,1690952400.0,KEEP candidate,
sensor_data\sub_data\head_direction\T07\T07_0802.csv,roll,float64,1.26,383,-53.5,UNKNOWN / NEEDS REVIEW,
sensor_data\sub_data\head_direction\T07\T07_0802.csv,pitch,float64,1.26,536,7.1,UNKNOWN / NEEDS REVIEW,
sensor_data\sub_data\head_direction\T07\T07_0802.csv,yaw,float64,1.26,823,-73.7,UNKNOWN / NEEDS REVIEW,
sensor_data\sub_data\head_direction\T07\T07_0802.csv,accel_norm,float64,1.26,1702,9.811,UNKNOWN / NEEDS REVIEW,
sensor_data\sub_data\head_direction\T07\T07_0802.csv,relative_angle,float64,1.26,1180,12.8,UNKNOWN / NEEDS REVIEW,
sensor_data\sub_data\head_direction\T07\T07_0803.csv,timestamp,float64,0.0,5000,1691038800.0,KEEP candidate,
sensor_data\sub_data\head_direction\T07\T07_0803.csv,roll,float64,1.46,351,-44.1,UNKNOWN / NEEDS REVIEW,
sensor_data\sub_data\head_direction\T07\T07_0803.csv,pitch,float64,1.46,780,-67.5,UNKNOWN / NEEDS REVIEW,
sensor_data\sub_data\head_direction\T07\T07_0803.csv,yaw,float64,1.46,929,74.1,UNKNOWN / NEEDS REVIEW,
sensor_data\sub_data\head_direction\T07\T07_0803.csv,accel_norm,float64,1.46,846,9.954,UNKNOWN / NEEDS REVIEW,
sensor_data\sub_data\head_direction\T07\T07_0803.csv,relative_angle,float64,1.46,1050,18.21,UNKNOWN / NEEDS REVIEW,
sensor_data\sub_data\head_direction\T07\T07_0804.csv,timestamp,float64,0.0,5000,1691125200.0,KEEP candidate,
sensor_data\sub_data\head_direction\T07\T07_0804.csv,roll,float64,1.26,73,-49.9,UNKNOWN / NEEDS REVIEW,
sensor_data\sub_data\head_direction\T07\T07_0804.csv,pitch,float64,1.26,206,-17.0,UNKNOWN / NEEDS REVIEW,
sensor_data\sub_data\head_direction\T07\T07_0804.csv,yaw,float64,1.26,318,147.6,UNKNOWN / NEEDS REVIEW,
sensor_data\sub_data\head_direction\T07\T07_0804.csv,accel_norm,float64,1.26,595,9.924,UNKNOWN / NEEDS REVIEW,
sensor_data\sub_data\head_direction\T07\T07_0804.csv,relative_angle,float64,1.26,612,20.08,UNKNOWN / NEEDS REVIEW,
sensor_data\sub_data\head_direction\T08\T08_0721.csv,timestamp,float64,0.0,5000,1689960602.0,KEEP candidate,
sensor_data\sub_data\head_direction\T08\T08_0721.csv,roll,float64,1.26,419,-36.6,UNKNOWN / NEEDS REVIEW,
sensor_data\sub_data\head_direction\T08\T08_0721.csv,pitch,float64,1.26,409,3.7,UNKNOWN / NEEDS REVIEW,
sensor_data\sub_data\head_direction\T08\T08_0721.csv,yaw,float64,1.26,698,-146.7,UNKNOWN / NEEDS REVIEW,
sensor_data\sub_data\head_direction\T08\T08_0721.csv,accel_norm,float64,1.26,688,9.828,UNKNOWN / NEEDS REVIEW,
sensor_data\sub_data\head_direction\T08\T08_0721.csv,relative_angle,float64,1.26,1122,26.8,UNKNOWN / NEEDS REVIEW,
sensor_data\sub_data\head_direction\T08\T08_0722.csv,timestamp,float64,0.0,5000,1690002002.0,KEEP candidate,
sensor_data\sub_data\head_direction\T08\T08_0722.csv,roll,float64,1.26,438,-3.9,UNKNOWN / NEEDS REVIEW,
sensor_data\sub_data\head_direction\T08\T08_0722.csv,pitch,float64,1.26,561,-72.5,UNKNOWN / NEEDS REVIEW,
sensor_data\sub_data\head_direction\T08\T08_0722.csv,yaw,float64,1.28,965,179.0,UNKNOWN / NEEDS REVIEW,
sensor_data\sub_data\head_direction\T08\T08_0722.csv,accel_norm,float64,1.26,1877,10.143,UNKNOWN / NEEDS REVIEW,
sensor_data\sub_data\head_direction\T08\T08_0722.csv,relative_angle,float64,1.28,2352,25.97,UNKNOWN / NEEDS REVIEW,
sensor_data\sub_data\head_direction\T08\T08_0723.csv,timestamp,float64,0.0,5000,1690088400.0,KEEP candidate,
sensor_data\sub_data\head_direction\T08\T08_0723.csv,roll,float64,2.06,672,-31.5,UNKNOWN / NEEDS REVIEW,
sensor_data\sub_data\head_direction\T08\T08_0723.csv,pitch,float64,2.06,670,17.5,UNKNOWN / NEEDS REVIEW,
sensor_data\sub_data\head_direction\T08\T08_0723.csv,yaw,float64,2.06,1591,184.7,UNKNOWN / NEEDS REVIEW,
sensor_data\sub_data\head_direction\T08\T08_0723.csv,accel_norm,float64,2.06,1808,10.344,UNKNOWN / NEEDS REVIEW,
sensor_data\sub_data\head_direction\T08\T08_0723.csv,relative_angle,float64,2.06,1689,14.72,UNKNOWN / NEEDS REVIEW,
sensor_data\sub_data\head_direction\T08\T08_0724.csv,timestamp,float64,0.0,5000,1690174800.0,KEEP candidate,
sensor_data\sub_data\head_direction\T08\T08_0724.csv,roll,float64,2.66,348,-38.2,UNKNOWN / NEEDS REVIEW,
sensor_data\sub_data\head_direction\T08\T08_0724.csv,pitch,float64,2.66,668,27.6,UNKNOWN / NEEDS REVIEW,
sensor_data\sub_data\head_direction\T08\T08_0724.csv,yaw,float64,2.68,722,154.1,UNKNOWN / NEEDS REVIEW,
sensor_data\sub_data\head_direction\T08\T08_0724.csv,accel_norm,float64,2.66,1729,10.635,UNKNOWN / NEEDS REVIEW,
sensor_data\sub_data\head_direction\T08\T08_0724.csv,relative_angle,float64,2.68,1337,17.25,UNKNOWN / NEEDS REVIEW,
sensor_data\sub_data\head_direction\T08\T08_0725.csv,timestamp,float64,0.0,5000,1690261200.0,KEEP candidate,
sensor_data\sub_data\head_direction\T08\T08_0725.csv,roll,float64,1.26,509,-30.9,UNKNOWN / NEEDS REVIEW,
sensor_data\sub_data\head_direction\T08\T08_0725.csv,pitch,float64,1.26,301,-16.1,UNKNOWN / NEEDS REVIEW,
sensor_data\sub_data\head_direction\T08\T08_0725.csv,yaw,float64,1.26,1261,191.9,UNKNOWN / NEEDS REVIEW,
sensor_data\sub_data\head_direction\T08\T08_0725.csv,accel_norm,float64,1.26,534,9.802,UNKNOWN / NEEDS REVIEW,
sensor_data\sub_data\head_direction\T08\T08_0725.csv,relative_angle,float64,1.26,1270,14.77,UNKNOWN / NEEDS REVIEW,
sensor_data\sub_data\head_direction\T08\T08_0726.csv,timestamp,float64,0.0,5000,1690347600.0,KEEP candidate,
sensor_data\sub_data\head_direction\T08\T08_0726.csv,roll,float64,1.46,660,-49.4,UNKNOWN / NEEDS REVIEW,
sensor_data\sub_data\head_direction\T08\T08_0726.csv,pitch,float64,1.46,761,14.3,UNKNOWN / NEEDS REVIEW,
sensor_data\sub_data\head_direction\T08\T08_0726.csv,yaw,float64,1.46,875,145.4,UNKNOWN / NEEDS REVIEW,
sensor_data\sub_data\head_direction\T08\T08_0726.csv,accel_norm,float64,1.46,1418,9.142,UNKNOWN / NEEDS REVIEW,
sensor_data\sub_data\head_direction\T08\T08_0726.csv,relative_angle,float64,1.46,1893,15.26,UNKNOWN / NEEDS REVIEW,
sensor_data\sub_data\head_direction\T08\T08_0727.csv,timestamp,float64,0.0,5000,1690434000.0,KEEP candidate,
sensor_data\sub_data\head_direction\T08\T08_0727.csv,roll,float64,1.46,249,-48.9,UNKNOWN / NEEDS REVIEW,
sensor_data\sub_data\head_direction\T08\T08_0727.csv,pitch,float64,1.46,289,-20.6,UNKNOWN / NEEDS REVIEW,
sensor_data\sub_data\head_direction\T08\T08_0727.csv,yaw,float64,1.46,510,127.4,UNKNOWN / NEEDS REVIEW,
sensor_data\sub_data\head_direction\T08\T08_0727.csv,accel_norm,float64,1.46,2024,9.453,UNKNOWN / NEEDS REVIEW,
sensor_data\sub_data\head_direction\T08\T08_0727.csv,relative_angle,float64,1.46,1630,11.15,UNKNOWN / NEEDS REVIEW,
sensor_data\sub_data\head_direction\T08\T08_0728.csv,timestamp,float64,0.0,5000,1690520400.0,KEEP candidate,
sensor_data\sub_data\head_direction\T08\T08_0728.csv,roll,float64,1.26,431,-48.9,UNKNOWN / NEEDS REVIEW,
sensor_data\sub_data\head_direction\T08\T08_0728.csv,pitch,float64,1.26,541,-13.9,UNKNOWN / NEEDS REVIEW,
sensor_data\sub_data\head_direction\T08\T08_0728.csv,yaw,float64,1.26,1732,-32.7,UNKNOWN / NEEDS REVIEW,
sensor_data\sub_data\head_direction\T08\T08_0728.csv,accel_norm,float64,1.26,1785,9.647,UNKNOWN / NEEDS REVIEW,
sensor_data\sub_data\head_direction\T08\T08_0728.csv,relative_angle,float64,1.26,1374,5.16,UNKNOWN / NEEDS REVIEW,
sensor_data\sub_data\head_direction\T08\T08_0729.csv,timestamp,float64,0.0,5000,1690606800.0,KEEP candidate,
sensor_data\sub_data\head_direction\T08\T08_0729.csv,roll,float64,1.26,504,-40.2,UNKNOWN / NEEDS REVIEW,
sensor_data\sub_data\head_direction\T08\T08_0729.csv,pitch,float64,1.26,701,-7.0,UNKNOWN / NEEDS REVIEW,
sensor_data\sub_data\head_direction\T08\T08_0729.csv,yaw,float64,1.26,1605,-126.3,UNKNOWN / NEEDS REVIEW,
sensor_data\sub_data\head_direction\T08\T08_0729.csv,accel_norm,float64,1.26,1844,9.743,UNKNOWN / NEEDS REVIEW,
sensor_data\sub_data\head_direction\T08\T08_0729.csv,relative_angle,float64,1.26,2032,21.27,UNKNOWN / NEEDS REVIEW,
sensor_data\sub_data\head_direction\T08\T08_0730.csv,timestamp,float64,0.0,5000,1690693200.0,KEEP candidate,
sensor_data\sub_data\head_direction\T08\T08_0730.csv,roll,float64,1.46,461,-28.5,UNKNOWN / NEEDS REVIEW,
sensor_data\sub_data\head_direction\T08\T08_0730.csv,pitch,float64,1.46,608,-43.4,UNKNOWN / NEEDS REVIEW,
sensor_data\sub_data\head_direction\T08\T08_0730.csv,yaw,float64,1.46,1039,128.5,UNKNOWN / NEEDS REVIEW,
sensor_data\sub_data\head_direction\T08\T08_0730.csv,accel_norm,float64,1.46,1689,9.552,UNKNOWN / NEEDS REVIEW,
sensor_data\sub_data\head_direction\T08\T08_0730.csv,relative_angle,float64,1.46,1892,15.31,UNKNOWN / NEEDS REVIEW,
sensor_data\sub_data\head_direction\T08\T08_0731.csv,timestamp,float64,0.0,5000,1690779600.0,KEEP candidate,
sensor_data\sub_data\head_direction\T08\T08_0731.csv,roll,float64,1.46,449,-43.9,UNKNOWN / NEEDS REVIEW,
sensor_data\sub_data\head_direction\T08\T08_0731.csv,pitch,float64,1.46,749,14.9,UNKNOWN / NEEDS REVIEW,
sensor_data\sub_data\head_direction\T08\T08_0731.csv,yaw,float64,1.46,2216,-76.4,UNKNOWN / NEEDS REVIEW,
sensor_data\sub_data\head_direction\T08\T08_0731.csv,accel_norm,float64,1.46,1467,10.064,UNKNOWN / NEEDS REVIEW,
sensor_data\sub_data\head_direction\T08\T08_0731.csv,relative_angle,float64,1.46,1807,3.07,UNKNOWN / NEEDS REVIEW,
sensor_data\sub_data\head_direction\T08\T08_0801.csv,timestamp,float64,0.0,5000,1690866000.0,KEEP candidate,
sensor_data\sub_data\head_direction\T08\T08_0801.csv,roll,float64,1.46,355,-37.6,UNKNOWN / NEEDS REVIEW,
sensor_data\sub_data\head_direction\T08\T08_0801.csv,pitch,float64,1.46,823,-23.7,UNKNOWN / NEEDS REVIEW,
sensor_data\sub_data\head_direction\T08\T08_0801.csv,yaw,float64,1.46,1053,-147.7,UNKNOWN / NEEDS REVIEW,
sensor_data\sub_data\head_direction\T08\T08_0801.csv,accel_norm,float64,1.46,1779,9.516,UNKNOWN / NEEDS REVIEW,
sensor_data\sub_data\head_direction\T08\T08_0801.csv,relative_angle,float64,1.46,1581,26.37,UNKNOWN / NEEDS REVIEW,
sensor_data\sub_data\head_direction\T08\T08_0802.csv,timestamp,float64,0.0,5000,1690952400.0,KEEP candidate,
sensor_data\sub_data\head_direction\T08\T08_0802.csv,roll,float64,1.86,588,19.7,UNKNOWN / NEEDS REVIEW,
sensor_data\sub_data\head_direction\T08\T08_0802.csv,pitch,float64,1.86,743,-40.6,UNKNOWN / NEEDS REVIEW,
sensor_data\sub_data\head_direction\T08\T08_0802.csv,yaw,float64,1.86,2063,144.8,UNKNOWN / NEEDS REVIEW,
sensor_data\sub_data\head_direction\T08\T08_0802.csv,accel_norm,float64,1.86,1397,9.76,UNKNOWN / NEEDS REVIEW,
sensor_data\sub_data\head_direction\T08\T08_0802.csv,relative_angle,float64,1.86,2055,20.57,UNKNOWN / NEEDS REVIEW,
sensor_data\sub_data\head_direction\T08\T08_0803.csv,timestamp,float64,0.0,5000,1691038800.0,KEEP candidate,
sensor_data\sub_data\head_direction\T08\T08_0803.csv,roll,float64,1.46,649,-23.6,UNKNOWN / NEEDS REVIEW,
sensor_data\sub_data\head_direction\T08\T08_0803.csv,pitch,float64,1.46,1060,-29.8,UNKNOWN / NEEDS REVIEW,
sensor_data\sub_data\head_direction\T08\T08_0803.csv,yaw,float64,1.46,2238,91.6,UNKNOWN / NEEDS REVIEW,
sensor_data\sub_data\head_direction\T08\T08_0803.csv,accel_norm,float64,1.46,2140,9.748,UNKNOWN / NEEDS REVIEW,
sensor_data\sub_data\head_direction\T08\T08_0803.csv,relative_angle,float64,1.46,2968,24.24,UNKNOWN / NEEDS REVIEW,
sensor_data\sub_data\head_direction\T08\T08_0804.csv,timestamp,float64,0.0,5000,1691125200.0,KEEP candidate,
sensor_data\sub_data\head_direction\T08\T08_0804.csv,roll,float64,2.46,345,-55.3,UNKNOWN / NEEDS REVIEW,
sensor_data\sub_data\head_direction\T08\T08_0804.csv,pitch,float64,2.46,731,-6.8,UNKNOWN / NEEDS REVIEW,
sensor_data\sub_data\head_direction\T08\T08_0804.csv,yaw,float64,2.48,765,-129.5,UNKNOWN / NEEDS REVIEW,
sensor_data\sub_data\head_direction\T08\T08_0804.csv,accel_norm,float64,2.46,1647,10.056,UNKNOWN / NEEDS REVIEW,
sensor_data\sub_data\head_direction\T08\T08_0804.csv,relative_angle,float64,2.48,1275,21.98,UNKNOWN / NEEDS REVIEW,
sensor_data\sub_data\head_direction\T09\T09_0721.csv,timestamp,float64,0.0,5000,1689960600.0,KEEP candidate,
sensor_data\sub_data\head_direction\T09\T09_0721.csv,roll,float64,1.46,248,-48.0,UNKNOWN / NEEDS REVIEW,
sensor_data\sub_data\head_direction\T09\T09_0721.csv,pitch,float64,1.46,471,15.0,UNKNOWN / NEEDS REVIEW,
sensor_data\sub_data\head_direction\T09\T09_0721.csv,yaw,float64,1.46,502,-54.7,UNKNOWN / NEEDS REVIEW,
sensor_data\sub_data\head_direction\T09\T09_0721.csv,accel_norm,float64,1.46,786,10.08,UNKNOWN / NEEDS REVIEW,
sensor_data\sub_data\head_direction\T09\T09_0721.csv,relative_angle,float64,1.46,1010,30.73,UNKNOWN / NEEDS REVIEW,
sensor_data\sub_data\head_direction\T09\T09_0722.csv,timestamp,float64,0.0,5000,1690002000.0,KEEP candidate,
sensor_data\sub_data\head_direction\T09\T09_0722.csv,roll,float64,1.66,385,-50.7,UNKNOWN / NEEDS REVIEW,
sensor_data\sub_data\head_direction\T09\T09_0722.csv,pitch,float64,1.66,790,-37.8,UNKNOWN / NEEDS REVIEW,
sensor_data\sub_data\head_direction\T09\T09_0722.csv,yaw,float64,1.66,972,-129.4,UNKNOWN / NEEDS REVIEW,
sensor_data\sub_data\head_direction\T09\T09_0722.csv,accel_norm,float64,1.66,1313,9.669,UNKNOWN / NEEDS REVIEW,
sensor_data\sub_data\head_direction\T09\T09_0722.csv,relative_angle,float64,1.66,1225,12.31,UNKNOWN / NEEDS REVIEW,
sensor_data\sub_data\head_direction\T09\T09_0723.csv,timestamp,float64,0.0,5000,1690088400.0,KEEP candidate,
sensor_data\sub_data\head_direction\T09\T09_0723.csv,roll,float64,1.66,396,-46.4,UNKNOWN / NEEDS REVIEW,
sensor_data\sub_data\head_direction\T09\T09_0723.csv,pitch,float64,1.66,776,-7.5,UNKNOWN / NEEDS REVIEW,
sensor_data\sub_data\head_direction\T09\T09_0723.csv,yaw,float64,1.66,1298,-85.5,UNKNOWN / NEEDS REVIEW,
sensor_data\sub_data\head_direction\T09\T09_0723.csv,accel_norm,float64,1.66,1457,9.818,UNKNOWN / NEEDS REVIEW,
sensor_data\sub_data\head_direction\T09\T09_0723.csv,relative_angle,float64,1.66,1429,14.3,UNKNOWN / NEEDS REVIEW,
sensor_data\sub_data\head_direction\T09\T09_0724.csv,timestamp,float64,0.0,5000,1690174800.0,KEEP candidate,
sensor_data\sub_data\head_direction\T09\T09_0724.csv,roll,float64,3.06,570,-45.7,UNKNOWN / NEEDS REVIEW,
sensor_data\sub_data\head_direction\T09\T09_0724.csv,pitch,float64,3.06,611,-13.8,UNKNOWN / NEEDS REVIEW,
sensor_data\sub_data\head_direction\T09\T09_0724.csv,yaw,float64,3.08,1101,99.8,UNKNOWN / NEEDS REVIEW,
sensor_data\sub_data\head_direction\T09\T09_0724.csv,accel_norm,float64,3.06,732,9.839,UNKNOWN / NEEDS REVIEW,
sensor_data\sub_data\head_direction\T09\T09_0724.csv,relative_angle,float64,3.08,1278,13.84,UNKNOWN / NEEDS REVIEW,
sensor_data\sub_data\head_direction\T09\T09_0725.csv,timestamp,float64,0.0,5000,1690261200.0,KEEP candidate,
sensor_data\sub_data\head_direction\T09\T09_0725.csv,roll,float64,1.46,492,-21.3,UNKNOWN / NEEDS REVIEW,
sensor_data\sub_data\head_direction\T09\T09_0725.csv,pitch,float64,1.46,832,-59.5,UNKNOWN / NEEDS REVIEW,
sensor_data\sub_data\head_direction\T09\T09_0725.csv,yaw,float64,1.46,1505,188.8,UNKNOWN / NEEDS REVIEW,
sensor_data\sub_data\head_direction\T09\T09_0725.csv,accel_norm,float64,1.46,2133,10.305,UNKNOWN / NEEDS REVIEW,
sensor_data\sub_data\head_direction\T09\T09_0725.csv,relative_angle,float64,1.46,2520,36.43,UNKNOWN / NEEDS REVIEW,
sensor_data\sub_data\head_direction\T09\T09_0726.csv,timestamp,float64,0.0,5000,1690347600.0,KEEP candidate,
sensor_data\sub_data\head_direction\T09\T09_0726.csv,roll,float64,1.28,396,-49.7,UNKNOWN / NEEDS REVIEW,
sensor_data\sub_data\head_direction\T09\T09_0726.csv,pitch,float64,1.28,558,-5.8,UNKNOWN / NEEDS REVIEW,
sensor_data\sub_data\head_direction\T09\T09_0726.csv,yaw,float64,1.28,753,35.0,UNKNOWN / NEEDS REVIEW,
sensor_data\sub_data\head_direction\T09\T09_0726.csv,accel_norm,float64,1.28,1979,9.319,UNKNOWN / NEEDS REVIEW,
sensor_data\sub_data\head_direction\T09\T09_0726.csv,relative_angle,float64,1.28,1278,25.02,UNKNOWN / NEEDS REVIEW,
sensor_data\sub_data\head_direction\T09\T09_0727.csv,timestamp,float64,0.0,5000,1690434000.0,KEEP candidate,
sensor_data\sub_data\head_direction\T09\T09_0727.csv,roll,float64,1.46,476,-52.9,UNKNOWN / NEEDS REVIEW,
sensor_data\sub_data\head_direction\T09\T09_0727.csv,pitch,float64,1.46,596,1.3,UNKNOWN / NEEDS REVIEW,
sensor_data\sub_data\head_direction\T09\T09_0727.csv,yaw,float64,1.46,889,-10.4,UNKNOWN / NEEDS REVIEW,
sensor_data\sub_data\head_direction\T09\T09_0727.csv,accel_norm,float64,1.46,622,10.144,UNKNOWN / NEEDS REVIEW,
sensor_data\sub_data\head_direction\T09\T09_0727.csv,relative_angle,float64,1.46,1035,9.27,UNKNOWN / NEEDS REVIEW,
sensor_data\sub_data\head_direction\T09\T09_0728.csv,timestamp,float64,0.0,5000,1690520400.0,KEEP candidate,
sensor_data\sub_data\head_direction\T09\T09_0728.csv,roll,float64,1.26,324,-41.8,UNKNOWN / NEEDS REVIEW,
sensor_data\sub_data\head_direction\T09\T09_0728.csv,pitch,float64,1.26,856,-15.6,UNKNOWN / NEEDS REVIEW,
sensor_data\sub_data\head_direction\T09\T09_0728.csv,yaw,float64,1.26,1298,16.3,UNKNOWN / NEEDS REVIEW,
sensor_data\sub_data\head_direction\T09\T09_0728.csv,accel_norm,float64,1.26,1190,10.05,UNKNOWN / NEEDS REVIEW,
sensor_data\sub_data\head_direction\T09\T09_0728.csv,relative_angle,float64,1.26,1580,13.42,UNKNOWN / NEEDS REVIEW,
sensor_data\sub_data\head_direction\T09\T09_0729.csv,timestamp,float64,0.0,5000,1690606800.0,KEEP candidate,
sensor_data\sub_data\head_direction\T09\T09_0729.csv,roll,float64,1.46,533,-67.5,UNKNOWN / NEEDS REVIEW,
sensor_data\sub_data\head_direction\T09\T09_0729.csv,pitch,float64,1.46,977,55.6,UNKNOWN / NEEDS REVIEW,
sensor_data\sub_data\head_direction\T09\T09_0729.csv,yaw,float64,1.46,2252,101.3,UNKNOWN / NEEDS REVIEW,
sensor_data\sub_data\head_direction\T09\T09_0729.csv,accel_norm,float64,1.46,2079,9.693,UNKNOWN / NEEDS REVIEW,
sensor_data\sub_data\head_direction\T09\T09_0729.csv,relative_angle,float64,1.46,2866,27.52,UNKNOWN / NEEDS REVIEW,
sensor_data\sub_data\head_direction\T09\T09_0730.csv,timestamp,float64,0.0,5000,1690693200.0,KEEP candidate,
sensor_data\sub_data\head_direction\T09\T09_0730.csv,roll,float64,1.46,374,-39.7,UNKNOWN / NEEDS REVIEW,
sensor_data\sub_data\head_direction\T09\T09_0730.csv,pitch,float64,1.46,542,-19.9,UNKNOWN / NEEDS REVIEW,
sensor_data\sub_data\head_direction\T09\T09_0730.csv,yaw,float64,1.46,824,68.3,UNKNOWN / NEEDS REVIEW,
sensor_data\sub_data\head_direction\T09\T09_0730.csv,accel_norm,float64,1.46,789,10.037,UNKNOWN / NEEDS REVIEW,
sensor_data\sub_data\head_direction\T09\T09_0730.csv,relative_angle,float64,1.46,958,16.24,UNKNOWN / NEEDS REVIEW,
sensor_data\sub_data\head_direction\T09\T09_0731.csv,timestamp,float64,0.0,5000,1690779600.0,KEEP candidate,
sensor_data\sub_data\head_direction\T09\T09_0731.csv,roll,float64,1.66,507,-51.3,UNKNOWN / NEEDS REVIEW,
sensor_data\sub_data\head_direction\T09\T09_0731.csv,pitch,float64,1.66,957,11.4,UNKNOWN / NEEDS REVIEW,
sensor_data\sub_data\head_direction\T09\T09_0731.csv,yaw,float64,1.66,1673,132.6,UNKNOWN / NEEDS REVIEW,
sensor_data\sub_data\head_direction\T09\T09_0731.csv,accel_norm,float64,1.66,1144,10.017,UNKNOWN / NEEDS REVIEW,
sensor_data\sub_data\head_direction\T09\T09_0731.csv,relative_angle,float64,1.66,1599,15.34,UNKNOWN / NEEDS REVIEW,
sensor_data\sub_data\head_direction\T09\T09_0801.csv,timestamp,float64,0.0,5000,1690866000.0,KEEP candidate,
sensor_data\sub_data\head_direction\T09\T09_0801.csv,roll,float64,1.48,325,24.3,UNKNOWN / NEEDS REVIEW,
sensor_data\sub_data\head_direction\T09\T09_0801.csv,pitch,float64,1.48,460,-39.8,UNKNOWN / NEEDS REVIEW,
sensor_data\sub_data\head_direction\T09\T09_0801.csv,yaw,float64,1.48,698,64.7,UNKNOWN / NEEDS REVIEW,
sensor_data\sub_data\head_direction\T09\T09_0801.csv,accel_norm,float64,1.48,631,9.869,UNKNOWN / NEEDS REVIEW,
sensor_data\sub_data\head_direction\T09\T09_0801.csv,relative_angle,float64,1.48,712,18.49,UNKNOWN / NEEDS REVIEW,
sensor_data\sub_data\head_direction\T09\T09_0802.csv,timestamp,float64,0.0,5000,1690952400.0,KEEP candidate,
sensor_data\sub_data\head_direction\T09\T09_0802.csv,roll,float64,3.46,340,-52.3,UNKNOWN / NEEDS REVIEW,
sensor_data\sub_data\head_direction\T09\T09_0802.csv,pitch,float64,3.46,566,-14.9,UNKNOWN / NEEDS REVIEW,
sensor_data\sub_data\head_direction\T09\T09_0802.csv,yaw,float64,3.48,791,21.3,UNKNOWN / NEEDS REVIEW,
sensor_data\sub_data\head_direction\T09\T09_0802.csv,accel_norm,float64,3.46,957,10.046,UNKNOWN / NEEDS REVIEW,
sensor_data\sub_data\head_direction\T09\T09_0802.csv,relative_angle,float64,3.48,1300,22.4,UNKNOWN / NEEDS REVIEW,
sensor_data\sub_data\head_direction\T09\T09_0803.csv,timestamp,float64,0.0,5000,1691038800.0,KEEP candidate,
sensor_data\sub_data\head_direction\T09\T09_0803.csv,roll,float64,1.26,582,-30.2,UNKNOWN / NEEDS REVIEW,
sensor_data\sub_data\head_direction\T09\T09_0803.csv,pitch,float64,1.26,830,-59.7,UNKNOWN / NEEDS REVIEW,
sensor_data\sub_data\head_direction\T09\T09_0803.csv,yaw,float64,1.26,2361,-146.0,UNKNOWN / NEEDS REVIEW,
sensor_data\sub_data\head_direction\T09\T09_0803.csv,accel_norm,float64,1.26,1819,9.946,UNKNOWN / NEEDS REVIEW,
sensor_data\sub_data\head_direction\T09\T09_0803.csv,relative_angle,float64,1.26,2369,22.98,UNKNOWN / NEEDS REVIEW,
sensor_data\sub_data\head_direction\T09\T09_0804.csv,timestamp,float64,0.0,5000,1691125200.0,KEEP candidate,
sensor_data\sub_data\head_direction\T09\T09_0804.csv,roll,float64,2.46,471,-8.3,UNKNOWN / NEEDS REVIEW,
sensor_data\sub_data\head_direction\T09\T09_0804.csv,pitch,float64,2.46,583,-62.0,UNKNOWN / NEEDS REVIEW,
sensor_data\sub_data\head_direction\T09\T09_0804.csv,yaw,float64,2.48,869,-16.1,UNKNOWN / NEEDS REVIEW,
sensor_data\sub_data\head_direction\T09\T09_0804.csv,accel_norm,float64,2.46,2120,10.089,UNKNOWN / NEEDS REVIEW,
sensor_data\sub_data\head_direction\T09\T09_0804.csv,relative_angle,float64,2.48,2746,13.37,UNKNOWN / NEEDS REVIEW,
sensor_data\sub_data\head_direction\T10\T10_0721.csv,timestamp,float64,0.0,5000,1689960603.0,KEEP candidate,
sensor_data\sub_data\head_direction\T10\T10_0721.csv,roll,float64,1.66,292,-47.7,UNKNOWN / NEEDS REVIEW,
sensor_data\sub_data\head_direction\T10\T10_0721.csv,pitch,float64,1.66,546,3.8,UNKNOWN / NEEDS REVIEW,
sensor_data\sub_data\head_direction\T10\T10_0721.csv,yaw,float64,1.66,1473,113.4,UNKNOWN / NEEDS REVIEW,
sensor_data\sub_data\head_direction\T10\T10_0721.csv,accel_norm,float64,1.66,1747,9.731,UNKNOWN / NEEDS REVIEW,
sensor_data\sub_data\head_direction\T10\T10_0721.csv,relative_angle,float64,1.66,2117,11.5,UNKNOWN / NEEDS REVIEW,
sensor_data\sub_data\head_direction\T10\T10_0722.csv,timestamp,float64,0.0,5000,1690002000.0,KEEP candidate,
sensor_data\sub_data\head_direction\T10\T10_0722.csv,roll,float64,2.64,232,-46.3,UNKNOWN / NEEDS REVIEW,
sensor_data\sub_data\head_direction\T10\T10_0722.csv,pitch,float64,2.64,468,7.5,UNKNOWN / NEEDS REVIEW,
sensor_data\sub_data\head_direction\T10\T10_0722.csv,yaw,float64,2.66,518,-143.7,UNKNOWN / NEEDS REVIEW,
sensor_data\sub_data\head_direction\T10\T10_0722.csv,accel_norm,float64,2.64,1737,10.223,UNKNOWN / NEEDS REVIEW,
sensor_data\sub_data\head_direction\T10\T10_0722.csv,relative_angle,float64,2.66,1227,36.64,UNKNOWN / NEEDS REVIEW,
sensor_data\sub_data\head_direction\T10\T10_0723.csv,timestamp,float64,0.0,5000,1690088400.0,KEEP candidate,
sensor_data\sub_data\head_direction\T10\T10_0723.csv,roll,float64,1.66,513,-54.8,UNKNOWN / NEEDS REVIEW,
sensor_data\sub_data\head_direction\T10\T10_0723.csv,pitch,float64,1.66,528,14.4,UNKNOWN / NEEDS REVIEW,
sensor_data\sub_data\head_direction\T10\T10_0723.csv,yaw,float64,1.66,677,-104.1,UNKNOWN / NEEDS REVIEW,
sensor_data\sub_data\head_direction\T10\T10_0723.csv,accel_norm,float64,1.66,807,9.776,UNKNOWN / NEEDS REVIEW,
sensor_data\sub_data\head_direction\T10\T10_0723.csv,relative_angle,float64,1.66,1370,18.37,UNKNOWN / NEEDS REVIEW,
sensor_data\sub_data\head_direction\T10\T10_0724.csv,timestamp,float64,0.0,5000,1690174800.0,KEEP candidate,
sensor_data\sub_data\head_direction\T10\T10_0724.csv,roll,float64,1.66,584,-44.1,UNKNOWN / NEEDS REVIEW,
sensor_data\sub_data\head_direction\T10\T10_0724.csv,pitch,float64,1.66,1011,-16.2,UNKNOWN / NEEDS REVIEW,
sensor_data\sub_data\head_direction\T10\T10_0724.csv,yaw,float64,1.66,2122,-99.9,UNKNOWN / NEEDS REVIEW,
sensor_data\sub_data\head_direction\T10\T10_0724.csv,accel_norm,float64,1.66,1690,9.666,UNKNOWN / NEEDS REVIEW,
sensor_data\sub_data\head_direction\T10\T10_0724.csv,relative_angle,float64,1.66,2436,24.42,UNKNOWN / NEEDS REVIEW,
sensor_data\sub_data\head_direction\T10\T10_0725.csv,timestamp,float64,0.0,5000,1690261200.0,KEEP candidate,
sensor_data\sub_data\head_direction\T10\T10_0725.csv,roll,float64,1.66,200,-48.3,UNKNOWN / NEEDS REVIEW,
sensor_data\sub_data\head_direction\T10\T10_0725.csv,pitch,float64,1.66,352,28.0,UNKNOWN / NEEDS REVIEW,
sensor_data\sub_data\head_direction\T10\T10_0725.csv,yaw,float64,1.66,2341,71.2,UNKNOWN / NEEDS REVIEW,
sensor_data\sub_data\head_direction\T10\T10_0725.csv,accel_norm,float64,1.66,1552,10.453,UNKNOWN / NEEDS REVIEW,
sensor_data\sub_data\head_direction\T10\T10_0725.csv,relative_angle,float64,1.66,763,8.42,UNKNOWN / NEEDS REVIEW,
sensor_data\sub_data\head_direction\T10\T10_0726.csv,timestamp,float64,0.0,5000,1690347601.0,KEEP candidate,
sensor_data\sub_data\head_direction\T10\T10_0726.csv,roll,float64,1.46,280,-44.1,UNKNOWN / NEEDS REVIEW,
sensor_data\sub_data\head_direction\T10\T10_0726.csv,pitch,float64,1.46,438,7.9,UNKNOWN / NEEDS REVIEW,
sensor_data\sub_data\head_direction\T10\T10_0726.csv,yaw,float64,1.46,503,-141.4,UNKNOWN / NEEDS REVIEW,
sensor_data\sub_data\head_direction\T10\T10_0726.csv,accel_norm,float64,1.46,1563,9.502,UNKNOWN / NEEDS REVIEW,
sensor_data\sub_data\head_direction\T10\T10_0726.csv,relative_angle,float64,1.46,1277,34.35,UNKNOWN / NEEDS REVIEW,
sensor_data\sub_data\head_direction\T10\T10_0727.csv,timestamp,float64,0.0,5000,1690434000.0,KEEP candidate,
sensor_data\sub_data\head_direction\T10\T10_0727.csv,roll,float64,3.06,208,-60.4,UNKNOWN / NEEDS REVIEW,
sensor_data\sub_data\head_direction\T10\T10_0727.csv,pitch,float64,3.06,385,28.3,UNKNOWN / NEEDS REVIEW,
sensor_data\sub_data\head_direction\T10\T10_0727.csv,yaw,float64,3.08,414,-157.8,UNKNOWN / NEEDS REVIEW,
sensor_data\sub_data\head_direction\T10\T10_0727.csv,accel_norm,float64,3.06,1671,10.293,UNKNOWN / NEEDS REVIEW,
sensor_data\sub_data\head_direction\T10\T10_0727.csv,relative_angle,float64,3.08,944,24.21,UNKNOWN / NEEDS REVIEW,
sensor_data\sub_data\head_direction\T10\T10_0728.csv,timestamp,float64,0.0,5000,1690520400.0,KEEP candidate,
sensor_data\sub_data\head_direction\T10\T10_0728.csv,roll,float64,1.46,599,-45.8,UNKNOWN / NEEDS REVIEW,
sensor_data\sub_data\head_direction\T10\T10_0728.csv,pitch,float64,1.46,1115,-51.7,UNKNOWN / NEEDS REVIEW,
sensor_data\sub_data\head_direction\T10\T10_0728.csv,yaw,float64,1.46,1841,39.1,UNKNOWN / NEEDS REVIEW,
sensor_data\sub_data\head_direction\T10\T10_0728.csv,accel_norm,float64,1.46,2045,10.134,UNKNOWN / NEEDS REVIEW,
sensor_data\sub_data\head_direction\T10\T10_0728.csv,relative_angle,float64,1.46,3172,23.31,UNKNOWN / NEEDS REVIEW,
sensor_data\sub_data\head_direction\T10\T10_0729.csv,timestamp,float64,0.0,5000,1690606800.0,KEEP candidate,
sensor_data\sub_data\head_direction\T10\T10_0729.csv,roll,float64,2.46,380,-72.5,UNKNOWN / NEEDS REVIEW,
sensor_data\sub_data\head_direction\T10\T10_0729.csv,pitch,float64,2.46,654,-141.2,UNKNOWN / NEEDS REVIEW,
sensor_data\sub_data\head_direction\T10\T10_0729.csv,yaw,float64,2.48,744,36.5,UNKNOWN / NEEDS REVIEW,
sensor_data\sub_data\head_direction\T10\T10_0729.csv,accel_norm,float64,2.46,1288,9.824,UNKNOWN / NEEDS REVIEW,
sensor_data\sub_data\head_direction\T10\T10_0729.csv,relative_angle,float64,2.48,954,19.73,UNKNOWN / NEEDS REVIEW,
sensor_data\sub_data\head_direction\T10\T10_0730.csv,timestamp,float64,0.0,5000,1690693200.0,KEEP candidate,
sensor_data\sub_data\head_direction\T10\T10_0730.csv,roll,float64,1.46,486,-30.2,UNKNOWN / NEEDS REVIEW,
sensor_data\sub_data\head_direction\T10\T10_0730.csv,pitch,float64,1.46,865,-71.8,UNKNOWN / NEEDS REVIEW,
sensor_data\sub_data\head_direction\T10\T10_0730.csv,yaw,float64,1.46,1384,0.7,UNKNOWN / NEEDS REVIEW,
sensor_data\sub_data\head_direction\T10\T10_0730.csv,accel_norm,float64,1.46,974,10.195,UNKNOWN / NEEDS REVIEW,
sensor_data\sub_data\head_direction\T10\T10_0730.csv,relative_angle,float64,1.46,1700,25.67,UNKNOWN / NEEDS REVIEW,
sensor_data\sub_data\head_direction\T10\T10_0731.csv,timestamp,float64,0.0,5000,1690779600.0,KEEP candidate,
sensor_data\sub_data\head_direction\T10\T10_0731.csv,roll,float64,1.46,292,-57.2,UNKNOWN / NEEDS REVIEW,
sensor_data\sub_data\head_direction\T10\T10_0731.csv,pitch,float64,1.46,468,27.5,UNKNOWN / NEEDS REVIEW,
sensor_data\sub_data\head_direction\T10\T10_0731.csv,yaw,float64,1.46,596,-78.9,UNKNOWN / NEEDS REVIEW,
sensor_data\sub_data\head_direction\T10\T10_0731.csv,accel_norm,float64,1.46,1695,10.165,UNKNOWN / NEEDS REVIEW,
sensor_data\sub_data\head_direction\T10\T10_0731.csv,relative_angle,float64,1.46,1121,15.39,UNKNOWN / NEEDS REVIEW,
sensor_data\sub_data\head_direction\T10\T10_0801.csv,timestamp,float64,0.0,5000,1690866000.0,KEEP candidate,
sensor_data\sub_data\head_direction\T10\T10_0801.csv,roll,float64,1.66,258,-44.4,UNKNOWN / NEEDS REVIEW,
sensor_data\sub_data\head_direction\T10\T10_0801.csv,pitch,float64,1.66,475,13.0,UNKNOWN / NEEDS REVIEW,
sensor_data\sub_data\head_direction\T10\T10_0801.csv,yaw,float64,1.66,484,165.0,UNKNOWN / NEEDS REVIEW,
sensor_data\sub_data\head_direction\T10\T10_0801.csv,accel_norm,float64,1.66,1459,9.914,UNKNOWN / NEEDS REVIEW,
sensor_data\sub_data\head_direction\T10\T10_0801.csv,relative_angle,float64,1.66,979,20.44,UNKNOWN / NEEDS REVIEW,
sensor_data\sub_data\head_direction\T10\T10_0802.csv,timestamp,float64,0.0,5000,1690952400.0,KEEP candidate,
sensor_data\sub_data\head_direction\T10\T10_0802.csv,roll,float64,1.46,218,-54.7,UNKNOWN / NEEDS REVIEW,
sensor_data\sub_data\head_direction\T10\T10_0802.csv,pitch,float64,1.46,364,27.2,UNKNOWN / NEEDS REVIEW,
sensor_data\sub_data\head_direction\T10\T10_0802.csv,yaw,float64,1.46,385,176.9,UNKNOWN / NEEDS REVIEW,
sensor_data\sub_data\head_direction\T10\T10_0802.csv,accel_norm,float64,1.46,635,9.952,UNKNOWN / NEEDS REVIEW,
sensor_data\sub_data\head_direction\T10\T10_0802.csv,relative_angle,float64,1.46,650,34.13,UNKNOWN / NEEDS REVIEW,
sensor_data\sub_data\head_direction\T10\T10_0803.csv,timestamp,float64,0.0,5000,1691038800.0,KEEP candidate,
sensor_data\sub_data\head_direction\T10\T10_0803.csv,roll,float64,3.06,318,11.4,UNKNOWN / NEEDS REVIEW,
sensor_data\sub_data\head_direction\T10\T10_0803.csv,pitch,float64,3.06,440,-32.6,UNKNOWN / NEEDS REVIEW,
sensor_data\sub_data\head_direction\T10\T10_0803.csv,yaw,float64,3.08,803,27.9,UNKNOWN / NEEDS REVIEW,
sensor_data\sub_data\head_direction\T10\T10_0803.csv,accel_norm,float64,3.06,1211,9.653,UNKNOWN / NEEDS REVIEW,
sensor_data\sub_data\head_direction\T10\T10_0803.csv,relative_angle,float64,3.08,889,9.73,UNKNOWN / NEEDS REVIEW,
sensor_data\sub_data\head_direction\T10\T10_0804.csv,timestamp,float64,0.0,5000,1691125200.0,KEEP candidate,
sensor_data\sub_data\head_direction\T10\T10_0804.csv,roll,float64,1.66,711,-35.6,UNKNOWN / NEEDS REVIEW,
sensor_data\sub_data\head_direction\T10\T10_0804.csv,pitch,float64,1.66,1002,-61.5,UNKNOWN / NEEDS REVIEW,
sensor_data\sub_data\head_direction\T10\T10_0804.csv,yaw,float64,1.66,1536,182.4,UNKNOWN / NEEDS REVIEW,
sensor_data\sub_data\head_direction\T10\T10_0804.csv,accel_norm,float64,1.66,2432,10.739,UNKNOWN / NEEDS REVIEW,
sensor_data\sub_data\head_direction\T10\T10_0804.csv,relative_angle,float64,1.66,3116,40.74,UNKNOWN / NEEDS REVIEW,
sensor_data\sub_data\head_direction\T13\T13_0721.csv,timestamp,float64,0.0,5000,1689985812.0,KEEP candidate,
sensor_data\sub_data\head_direction\T13\T13_0721.csv,roll,float64,1.46,36,-0.5,UNKNOWN / NEEDS REVIEW,
sensor_data\sub_data\head_direction\T13\T13_0721.csv,pitch,float64,1.46,45,-30.5,UNKNOWN / NEEDS REVIEW,
sensor_data\sub_data\head_direction\T13\T13_0721.csv,yaw,float64,1.46,226,-110.4,UNKNOWN / NEEDS REVIEW,
sensor_data\sub_data\head_direction\T13\T13_0721.csv,accel_norm,float64,1.46,439,9.69,UNKNOWN / NEEDS REVIEW,
sensor_data\sub_data\head_direction\T13\T13_0721.csv,relative_angle,float64,1.46,324,9.92,UNKNOWN / NEEDS REVIEW,
sensor_data\sub_data\head_direction\T13\T13_0722.csv,timestamp,float64,0.0,5000,1690002000.0,KEEP candidate,
sensor_data\sub_data\head_direction\T13\T13_0722.csv,roll,float64,1.66,33,0.7,UNKNOWN / NEEDS REVIEW,
sensor_data\sub_data\head_direction\T13\T13_0722.csv,pitch,float64,1.66,40,-30.3,UNKNOWN / NEEDS REVIEW,
sensor_data\sub_data\head_direction\T13\T13_0722.csv,yaw,float64,1.66,212,-114.5,UNKNOWN / NEEDS REVIEW,
sensor_data\sub_data\head_direction\T13\T13_0722.csv,accel_norm,float64,1.66,422,9.734,UNKNOWN / NEEDS REVIEW,
sensor_data\sub_data\head_direction\T13\T13_0722.csv,relative_angle,float64,1.66,300,9.1,UNKNOWN / NEEDS REVIEW,
sensor_data\sub_data\head_direction\T13\T13_0723.csv,timestamp,float64,0.0,5000,1690088400.0,KEEP candidate,
sensor_data\sub_data\head_direction\T13\T13_0723.csv,roll,float64,1.66,37,1.3,UNKNOWN / NEEDS REVIEW,
sensor_data\sub_data\head_direction\T13\T13_0723.csv,pitch,float64,1.66,47,-29.7,UNKNOWN / NEEDS REVIEW,
sensor_data\sub_data\head_direction\T13\T13_0723.csv,yaw,float64,1.66,227,-109.3,UNKNOWN / NEEDS REVIEW,
sensor_data\sub_data\head_direction\T13\T13_0723.csv,accel_norm,float64,1.66,456,9.659,UNKNOWN / NEEDS REVIEW,
sensor_data\sub_data\head_direction\T13\T13_0723.csv,relative_angle,float64,1.66,345,8.36,UNKNOWN / NEEDS REVIEW,
sensor_data\sub_data\head_direction\T13\T13_0724.csv,timestamp,float64,0.0,5000,1690174800.0,KEEP candidate,
sensor_data\sub_data\head_direction\T13\T13_0724.csv,roll,float64,1.66,81,-0.4,UNKNOWN / NEEDS REVIEW,
sensor_data\sub_data\head_direction\T13\T13_0724.csv,pitch,float64,1.66,99,-29.7,UNKNOWN / NEEDS REVIEW,
sensor_data\sub_data\head_direction\T13\T13_0724.csv,yaw,float64,1.66,364,-106.4,UNKNOWN / NEEDS REVIEW,
sensor_data\sub_data\head_direction\T13\T13_0724.csv,accel_norm,float64,1.66,729,9.982,UNKNOWN / NEEDS REVIEW,
sensor_data\sub_data\head_direction\T13\T13_0724.csv,relative_angle,float64,1.66,516,9.83,UNKNOWN / NEEDS REVIEW,
sensor_data\sub_data\head_direction\T13\T13_0725.csv,timestamp,float64,0.0,5000,1690261200.0,KEEP candidate,
sensor_data\sub_data\head_direction\T13\T13_0725.csv,roll,float64,1.46,39,-0.3,UNKNOWN / NEEDS REVIEW,
sensor_data\sub_data\head_direction\T13\T13_0725.csv,pitch,float64,1.46,57,-30.6,UNKNOWN / NEEDS REVIEW,
sensor_data\sub_data\head_direction\T13\T13_0725.csv,yaw,float64,1.46,213,-116.5,UNKNOWN / NEEDS REVIEW,
sensor_data\sub_data\head_direction\T13\T13_0725.csv,accel_norm,float64,1.46,394,9.935,UNKNOWN / NEEDS REVIEW,
sensor_data\sub_data\head_direction\T13\T13_0725.csv,relative_angle,float64,1.46,345,9.73,UNKNOWN / NEEDS REVIEW,
sensor_data\sub_data\head_direction\T13\T13_0726.csv,timestamp,float64,0.0,5000,1690347600.0,KEEP candidate,
sensor_data\sub_data\head_direction\T13\T13_0726.csv,roll,float64,2.64,77,0.0,UNKNOWN / NEEDS REVIEW,
sensor_data\sub_data\head_direction\T13\T13_0726.csv,pitch,float64,2.64,112,-30.7,UNKNOWN / NEEDS REVIEW,
sensor_data\sub_data\head_direction\T13\T13_0726.csv,yaw,float64,2.66,363,-116.0,UNKNOWN / NEEDS REVIEW,
sensor_data\sub_data\head_direction\T13\T13_0726.csv,accel_norm,float64,2.64,816,9.858,UNKNOWN / NEEDS REVIEW,
sensor_data\sub_data\head_direction\T13\T13_0726.csv,relative_angle,float64,2.66,620,9.08,UNKNOWN / NEEDS REVIEW,
sensor_data\sub_data\head_direction\T13\T13_0727.csv,timestamp,float64,0.0,5000,1690434000.0,KEEP candidate,
sensor_data\sub_data\head_direction\T13\T13_0727.csv,roll,float64,1.46,38,-0.4,UNKNOWN / NEEDS REVIEW,
sensor_data\sub_data\head_direction\T13\T13_0727.csv,pitch,float64,1.46,52,-29.7,UNKNOWN / NEEDS REVIEW,
sensor_data\sub_data\head_direction\T13\T13_0727.csv,yaw,float64,1.46,229,-110.7,UNKNOWN / NEEDS REVIEW,
sensor_data\sub_data\head_direction\T13\T13_0727.csv,accel_norm,float64,1.46,430,9.948,UNKNOWN / NEEDS REVIEW,
sensor_data\sub_data\head_direction\T13\T13_0727.csv,relative_angle,float64,1.46,374,8.9,UNKNOWN / NEEDS REVIEW,
sensor_data\sub_data\head_direction\T13\T13_0728.csv,timestamp,float64,0.0,5000,1690520400.0,KEEP candidate,
sensor_data\sub_data\head_direction\T13\T13_0728.csv,roll,float64,2.66,116,-0.8,UNKNOWN / NEEDS REVIEW,
sensor_data\sub_data\head_direction\T13\T13_0728.csv,pitch,float64,2.66,121,-28.7,UNKNOWN / NEEDS REVIEW,
sensor_data\sub_data\head_direction\T13\T13_0728.csv,yaw,float64,2.68,372,-100.1,UNKNOWN / NEEDS REVIEW,
sensor_data\sub_data\head_direction\T13\T13_0728.csv,accel_norm,float64,2.66,716,9.879,UNKNOWN / NEEDS REVIEW,
sensor_data\sub_data\head_direction\T13\T13_0728.csv,relative_angle,float64,2.68,574,8.33,UNKNOWN / NEEDS REVIEW,
sensor_data\sub_data\head_direction\T13\T13_0729.csv,timestamp,float64,0.0,5000,1690606800.0,KEEP candidate,
sensor_data\sub_data\head_direction\T13\T13_0729.csv,roll,float64,1.66,33,-0.9,UNKNOWN / NEEDS REVIEW,
sensor_data\sub_data\head_direction\T13\T13_0729.csv,pitch,float64,1.66,41,-30.5,UNKNOWN / NEEDS REVIEW,
sensor_data\sub_data\head_direction\T13\T13_0729.csv,yaw,float64,1.66,214,-102.5,UNKNOWN / NEEDS REVIEW,
sensor_data\sub_data\head_direction\T13\T13_0729.csv,accel_norm,float64,1.66,322,9.787,UNKNOWN / NEEDS REVIEW,
sensor_data\sub_data\head_direction\T13\T13_0729.csv,relative_angle,float64,1.66,309,9.41,UNKNOWN / NEEDS REVIEW,
sensor_data\sub_data\head_direction\T13\T13_0730.csv,timestamp,float64,0.0,5000,1690693200.0,KEEP candidate,
sensor_data\sub_data\head_direction\T13\T13_0730.csv,roll,float64,1.66,34,0.3,UNKNOWN / NEEDS REVIEW,
sensor_data\sub_data\head_direction\T13\T13_0730.csv,pitch,float64,1.66,39,-30.3,UNKNOWN / NEEDS REVIEW,
sensor_data\sub_data\head_direction\T13\T13_0730.csv,yaw,float64,1.66,197,-104.5,UNKNOWN / NEEDS REVIEW,
sensor_data\sub_data\head_direction\T13\T13_0730.csv,accel_norm,float64,1.66,336,9.833,UNKNOWN / NEEDS REVIEW,
sensor_data\sub_data\head_direction\T13\T13_0730.csv,relative_angle,float64,1.66,297,9.01,UNKNOWN / NEEDS REVIEW,
sensor_data\sub_data\head_direction\T13\T13_0731.csv,timestamp,float64,0.0,5000,1690779600.0,KEEP candidate,
sensor_data\sub_data\head_direction\T13\T13_0731.csv,roll,float64,1.46,56,-0.2,UNKNOWN / NEEDS REVIEW,
sensor_data\sub_data\head_direction\T13\T13_0731.csv,pitch,float64,1.46,70,-30.6,UNKNOWN / NEEDS REVIEW,
sensor_data\sub_data\head_direction\T13\T13_0731.csv,yaw,float64,1.46,295,-105.2,UNKNOWN / NEEDS REVIEW,
sensor_data\sub_data\head_direction\T13\T13_0731.csv,accel_norm,float64,1.46,643,9.906,UNKNOWN / NEEDS REVIEW,
sensor_data\sub_data\head_direction\T13\T13_0731.csv,relative_angle,float64,1.46,450,8.86,UNKNOWN / NEEDS REVIEW,
sensor_data\sub_data\head_direction\T13\T13_0801.csv,timestamp,float64,0.0,5000,1690866000.0,KEEP candidate,
sensor_data\sub_data\head_direction\T13\T13_0801.csv,roll,float64,1.46,77,-0.9,UNKNOWN / NEEDS REVIEW,
sensor_data\sub_data\head_direction\T13\T13_0801.csv,pitch,float64,1.46,95,-30.5,UNKNOWN / NEEDS REVIEW,
sensor_data\sub_data\head_direction\T13\T13_0801.csv,yaw,float64,1.46,395,-107.8,UNKNOWN / NEEDS REVIEW,
sensor_data\sub_data\head_direction\T13\T13_0801.csv,accel_norm,float64,1.46,790,10.051,UNKNOWN / NEEDS REVIEW,
sensor_data\sub_data\head_direction\T13\T13_0801.csv,relative_angle,float64,1.46,525,9.17,UNKNOWN / NEEDS REVIEW,
sensor_data\sub_data\head_direction\T13\T13_0802.csv,timestamp,float64,0.0,5000,1690952400.0,KEEP candidate,
sensor_data\sub_data\head_direction\T13\T13_0802.csv,roll,float64,3.64,55,-0.1,UNKNOWN / NEEDS REVIEW,
sensor_data\sub_data\head_direction\T13\T13_0802.csv,pitch,float64,3.64,77,-30.2,UNKNOWN / NEEDS REVIEW,
sensor_data\sub_data\head_direction\T13\T13_0802.csv,yaw,float64,3.66,243,-108.0,UNKNOWN / NEEDS REVIEW,
sensor_data\sub_data\head_direction\T13\T13_0802.csv,accel_norm,float64,3.64,455,9.953,UNKNOWN / NEEDS REVIEW,
sensor_data\sub_data\head_direction\T13\T13_0802.csv,relative_angle,float64,3.66,356,8.43,UNKNOWN / NEEDS REVIEW,
sensor_data\sub_data\head_direction\T13\T13_0803.csv,timestamp,float64,0.0,5000,1691038800.0,KEEP candidate,
sensor_data\sub_data\head_direction\T13\T13_0803.csv,roll,float64,1.46,50,-0.3,UNKNOWN / NEEDS REVIEW,
sensor_data\sub_data\head_direction\T13\T13_0803.csv,pitch,float64,1.46,67,-29.6,UNKNOWN / NEEDS REVIEW,
sensor_data\sub_data\head_direction\T13\T13_0803.csv,yaw,float64,1.46,238,-104.5,UNKNOWN / NEEDS REVIEW,
sensor_data\sub_data\head_direction\T13\T13_0803.csv,accel_norm,float64,1.46,472,9.943,UNKNOWN / NEEDS REVIEW,
sensor_data\sub_data\head_direction\T13\T13_0803.csv,relative_angle,float64,1.46,355,8.18,UNKNOWN / NEEDS REVIEW,
sensor_data\sub_data\head_direction\T13\T13_0804.csv,timestamp,float64,0.0,5000,1691125200.0,KEEP candidate,
sensor_data\sub_data\head_direction\T13\T13_0804.csv,roll,float64,2.66,81,1.0,UNKNOWN / NEEDS REVIEW,
sensor_data\sub_data\head_direction\T13\T13_0804.csv,pitch,float64,2.66,81,-29.4,UNKNOWN / NEEDS REVIEW,
sensor_data\sub_data\head_direction\T13\T13_0804.csv,yaw,float64,2.68,329,-115.0,UNKNOWN / NEEDS REVIEW,
sensor_data\sub_data\head_direction\T13\T13_0804.csv,accel_norm,float64,2.66,657,9.668,UNKNOWN / NEEDS REVIEW,
sensor_data\sub_data\head_direction\T13\T13_0804.csv,relative_angle,float64,2.68,502,5.79,UNKNOWN / NEEDS REVIEW,
sensor_data\sub_data\head_direction\T14\T14_0721.csv,timestamp,float64,0.0,5000,1689962401.0,KEEP candidate,
sensor_data\sub_data\head_direction\T14\T14_0721.csv,roll,float64,1.26,147,-0.8,UNKNOWN / NEEDS REVIEW,
sensor_data\sub_data\head_direction\T14\T14_0721.csv,pitch,float64,1.26,156,-30.4,UNKNOWN / NEEDS REVIEW,
sensor_data\sub_data\head_direction\T14\T14_0721.csv,yaw,float64,1.26,456,-47.9,UNKNOWN / NEEDS REVIEW,
sensor_data\sub_data\head_direction\T14\T14_0721.csv,accel_norm,float64,1.26,824,9.896,UNKNOWN / NEEDS REVIEW,
sensor_data\sub_data\head_direction\T14\T14_0721.csv,relative_angle,float64,1.26,582,9.43,UNKNOWN / NEEDS REVIEW,
sensor_data\sub_data\head_direction\T14\T14_0722.csv,timestamp,float64,0.0,5000,1690002000.0,KEEP candidate,
sensor_data\sub_data\head_direction\T14\T14_0722.csv,roll,float64,1.86,126,0.5,UNKNOWN / NEEDS REVIEW,
sensor_data\sub_data\head_direction\T14\T14_0722.csv,pitch,float64,1.86,139,-31.0,UNKNOWN / NEEDS REVIEW,
sensor_data\sub_data\head_direction\T14\T14_0722.csv,yaw,float64,1.86,404,-51.2,UNKNOWN / NEEDS REVIEW,
sensor_data\sub_data\head_direction\T14\T14_0722.csv,accel_norm,float64,1.86,761,9.888,UNKNOWN / NEEDS REVIEW,
sensor_data\sub_data\head_direction\T14\T14_0722.csv,relative_angle,float64,1.86,532,8.32,UNKNOWN / NEEDS REVIEW,
sensor_data\sub_data\head_direction\T14\T14_0723.csv,timestamp,float64,0.0,5000,1690088400.0,KEEP candidate,
sensor_data\sub_data\head_direction\T14\T14_0723.csv,roll,float64,1.86,41,0.2,UNKNOWN / NEEDS REVIEW,
sensor_data\sub_data\head_direction\T14\T14_0723.csv,pitch,float64,1.86,44,-29.9,UNKNOWN / NEEDS REVIEW,
sensor_data\sub_data\head_direction\T14\T14_0723.csv,yaw,float64,1.86,225,-43.3,UNKNOWN / NEEDS REVIEW,
sensor_data\sub_data\head_direction\T14\T14_0723.csv,accel_norm,float64,1.86,468,9.814,UNKNOWN / NEEDS REVIEW,
sensor_data\sub_data\head_direction\T14\T14_0723.csv,relative_angle,float64,1.86,290,8.87,UNKNOWN / NEEDS REVIEW,
sensor_data\sub_data\head_direction\T14\T14_0724.csv,timestamp,float64,0.0,5000,1690174800.0,KEEP candidate,
sensor_data\sub_data\head_direction\T14\T14_0724.csv,roll,float64,3.04,146,0.1,UNKNOWN / NEEDS REVIEW,
sensor_data\sub_data\head_direction\T14\T14_0724.csv,pitch,float64,3.04,118,-30.5,UNKNOWN / NEEDS REVIEW,
sensor_data\sub_data\head_direction\T14\T14_0724.csv,yaw,float64,3.06,373,-46.6,UNKNOWN / NEEDS REVIEW,
sensor_data\sub_data\head_direction\T14\T14_0724.csv,accel_norm,float64,3.04,676,9.948,UNKNOWN / NEEDS REVIEW,
sensor_data\sub_data\head_direction\T14\T14_0724.csv,relative_angle,float64,3.06,543,8.89,UNKNOWN / NEEDS REVIEW,
sensor_data\sub_data\head_direction\T14\T14_0725.csv,timestamp,float64,0.0,5000,1690261200.0,KEEP candidate,
sensor_data\sub_data\head_direction\T14\T14_0725.csv,roll,float64,1.66,106,-0.8,UNKNOWN / NEEDS REVIEW,
sensor_data\sub_data\head_direction\T14\T14_0725.csv,pitch,float64,1.66,126,-31.3,UNKNOWN / NEEDS REVIEW,
sensor_data\sub_data\head_direction\T14\T14_0725.csv,yaw,float64,1.66,386,-52.0,UNKNOWN / NEEDS REVIEW,
sensor_data\sub_data\head_direction\T14\T14_0725.csv,accel_norm,float64,1.66,686,10.12,UNKNOWN / NEEDS REVIEW,
sensor_data\sub_data\head_direction\T14\T14_0725.csv,relative_angle,float64,1.66,501,9.99,UNKNOWN / NEEDS REVIEW,
sensor_data\sub_data\head_direction\T14\T14_0726.csv,timestamp,float64,0.0,5000,1690347600.0,KEEP candidate,
sensor_data\sub_data\head_direction\T14\T14_0726.csv,roll,float64,1.66,45,-0.1,UNKNOWN / NEEDS REVIEW,
sensor_data\sub_data\head_direction\T14\T14_0726.csv,pitch,float64,1.66,45,-29.8,UNKNOWN / NEEDS REVIEW,
sensor_data\sub_data\head_direction\T14\T14_0726.csv,yaw,float64,1.66,201,-41.2,UNKNOWN / NEEDS REVIEW,
sensor_data\sub_data\head_direction\T14\T14_0726.csv,accel_norm,float64,1.66,400,10.221,UNKNOWN / NEEDS REVIEW,
sensor_data\sub_data\head_direction\T14\T14_0726.csv,relative_angle,float64,1.66,284,9.33,UNKNOWN / NEEDS REVIEW,
sensor_data\sub_data\head_direction\T14\T14_0727.csv,timestamp,float64,0.0,5000,1690434000.0,KEEP candidate,
sensor_data\sub_data\head_direction\T14\T14_0727.csv,roll,float64,2.66,58,0.5,UNKNOWN / NEEDS REVIEW,
sensor_data\sub_data\head_direction\T14\T14_0727.csv,pitch,float64,2.66,61,-31.3,UNKNOWN / NEEDS REVIEW,
sensor_data\sub_data\head_direction\T14\T14_0727.csv,yaw,float64,2.68,228,-48.9,UNKNOWN / NEEDS REVIEW,
sensor_data\sub_data\head_direction\T14\T14_0727.csv,accel_norm,float64,2.66,411,10.119,UNKNOWN / NEEDS REVIEW,
sensor_data\sub_data\head_direction\T14\T14_0727.csv,relative_angle,float64,2.68,318,8.13,UNKNOWN / NEEDS REVIEW,
sensor_data\sub_data\head_direction\T14\T14_0728.csv,timestamp,float64,0.0,5000,1690520400.0,KEEP candidate,
sensor_data\sub_data\head_direction\T14\T14_0728.csv,roll,float64,1.66,138,4.3,UNKNOWN / NEEDS REVIEW,
sensor_data\sub_data\head_direction\T14\T14_0728.csv,pitch,float64,1.66,157,-34.0,UNKNOWN / NEEDS REVIEW,
sensor_data\sub_data\head_direction\T14\T14_0728.csv,yaw,float64,1.66,452,-61.9,UNKNOWN / NEEDS REVIEW,
sensor_data\sub_data\head_direction\T14\T14_0728.csv,accel_norm,float64,1.66,782,9.346,UNKNOWN / NEEDS REVIEW,
sensor_data\sub_data\head_direction\T14\T14_0728.csv,relative_angle,float64,1.66,549,3.71,UNKNOWN / NEEDS REVIEW,
sensor_data\sub_data\head_direction\T14\T14_0729.csv,timestamp,float64,0.0,5000,1690606800.0,KEEP candidate,
sensor_data\sub_data\head_direction\T14\T14_0729.csv,roll,float64,2.86,55,-1.0,UNKNOWN / NEEDS REVIEW,
sensor_data\sub_data\head_direction\T14\T14_0729.csv,pitch,float64,2.86,56,-31.1,UNKNOWN / NEEDS REVIEW,
sensor_data\sub_data\head_direction\T14\T14_0729.csv,yaw,float64,2.88,208,-50.0,UNKNOWN / NEEDS REVIEW,
sensor_data\sub_data\head_direction\T14\T14_0729.csv,accel_norm,float64,2.86,402,10.037,UNKNOWN / NEEDS REVIEW,
sensor_data\sub_data\head_direction\T14\T14_0729.csv,relative_angle,float64,2.88,314,9.63,UNKNOWN / NEEDS REVIEW,
sensor_data\sub_data\head_direction\T14\T14_0730.csv,timestamp,float64,0.0,5000,1690693200.0,KEEP candidate,
sensor_data\sub_data\head_direction\T14\T14_0730.csv,roll,float64,1.66,108,0.1,UNKNOWN / NEEDS REVIEW,
sensor_data\sub_data\head_direction\T14\T14_0730.csv,pitch,float64,1.66,120,-31.6,UNKNOWN / NEEDS REVIEW,
sensor_data\sub_data\head_direction\T14\T14_0730.csv,yaw,float64,1.66,366,-52.3,UNKNOWN / NEEDS REVIEW,
sensor_data\sub_data\head_direction\T14\T14_0730.csv,accel_norm,float64,1.66,686,10.038,UNKNOWN / NEEDS REVIEW,
sensor_data\sub_data\head_direction\T14\T14_0730.csv,relative_angle,float64,1.66,450,8.36,UNKNOWN / NEEDS REVIEW,
sensor_data\sub_data\head_direction\T14\T14_0731.csv,timestamp,float64,0.0,5000,1690779600.0,KEEP candidate,
sensor_data\sub_data\head_direction\T14\T14_0731.csv,roll,float64,1.66,61,-0.1,UNKNOWN / NEEDS REVIEW,
sensor_data\sub_data\head_direction\T14\T14_0731.csv,pitch,float64,1.66,40,-31.5,UNKNOWN / NEEDS REVIEW,
sensor_data\sub_data\head_direction\T14\T14_0731.csv,yaw,float64,1.66,201,-49.0,UNKNOWN / NEEDS REVIEW,
sensor_data\sub_data\head_direction\T14\T14_0731.csv,accel_norm,float64,1.66,427,9.989,UNKNOWN / NEEDS REVIEW,
sensor_data\sub_data\head_direction\T14\T14_0731.csv,relative_angle,float64,1.66,331,9.03,UNKNOWN / NEEDS REVIEW,
sensor_data\sub_data\head_direction\T14\T14_0801.csv,timestamp,float64,0.0,5000,1690866000.0,KEEP candidate,
sensor_data\sub_data\head_direction\T14\T14_0801.csv,roll,float64,2.86,85,-0.4,UNKNOWN / NEEDS REVIEW,
sensor_data\sub_data\head_direction\T14\T14_0801.csv,pitch,float64,2.86,59,-31.0,UNKNOWN / NEEDS REVIEW,
sensor_data\sub_data\head_direction\T14\T14_0801.csv,yaw,float64,2.88,213,-49.7,UNKNOWN / NEEDS REVIEW,
sensor_data\sub_data\head_direction\T14\T14_0801.csv,accel_norm,float64,2.86,469,10.051,UNKNOWN / NEEDS REVIEW,
sensor_data\sub_data\head_direction\T14\T14_0801.csv,relative_angle,float64,2.88,417,9.07,UNKNOWN / NEEDS REVIEW,
sensor_data\sub_data\head_direction\T14\T14_0802.csv,timestamp,float64,0.0,5000,1690952400.0,KEEP candidate,
sensor_data\sub_data\head_direction\T14\T14_0802.csv,roll,float64,1.66,114,-0.8,UNKNOWN / NEEDS REVIEW,
sensor_data\sub_data\head_direction\T14\T14_0802.csv,pitch,float64,1.66,108,-31.3,UNKNOWN / NEEDS REVIEW,
sensor_data\sub_data\head_direction\T14\T14_0802.csv,yaw,float64,1.66,326,-52.4,UNKNOWN / NEEDS REVIEW,
sensor_data\sub_data\head_direction\T14\T14_0802.csv,accel_norm,float64,1.66,591,9.995,UNKNOWN / NEEDS REVIEW,
sensor_data\sub_data\head_direction\T14\T14_0802.csv,relative_angle,float64,1.66,481,9.25,UNKNOWN / NEEDS REVIEW,
sensor_data\sub_data\head_direction\T14\T14_0803.csv,timestamp,float64,0.0,5000,1691038800.0,KEEP candidate,
sensor_data\sub_data\head_direction\T14\T14_0803.csv,roll,float64,1.66,82,-0.8,UNKNOWN / NEEDS REVIEW,
sensor_data\sub_data\head_direction\T14\T14_0803.csv,pitch,float64,1.66,87,-32.2,UNKNOWN / NEEDS REVIEW,
sensor_data\sub_data\head_direction\T14\T14_0803.csv,yaw,float64,1.66,361,-55.7,UNKNOWN / NEEDS REVIEW,
sensor_data\sub_data\head_direction\T14\T14_0803.csv,accel_norm,float64,1.66,727,9.999,UNKNOWN / NEEDS REVIEW,
sensor_data\sub_data\head_direction\T14\T14_0803.csv,relative_angle,float64,1.66,447,9.19,UNKNOWN / NEEDS REVIEW,
sensor_data\sub_data\head_direction\T14\T14_0804.csv,timestamp,float64,0.0,5000,1691125200.0,KEEP candidate,
sensor_data\sub_data\head_direction\T14\T14_0804.csv,roll,float64,2.86,142,-5.7,UNKNOWN / NEEDS REVIEW,
sensor_data\sub_data\head_direction\T14\T14_0804.csv,pitch,float64,2.86,152,-31.6,UNKNOWN / NEEDS REVIEW,
sensor_data\sub_data\head_direction\T14\T14_0804.csv,yaw,float64,2.88,471,-58.9,UNKNOWN / NEEDS REVIEW,
sensor_data\sub_data\head_direction\T14\T14_0804.csv,accel_norm,float64,2.86,833,11.425,UNKNOWN / NEEDS REVIEW,
sensor_data\sub_data\head_direction\T14\T14_0804.csv,relative_angle,float64,2.88,587,14.24,UNKNOWN / NEEDS REVIEW,
sensor_data\sub_data\health_records\C01.csv,Date,str,0.0,144,2023-08-31 11 PM,KEEP candidate,
sensor_data\sub_data\health_records\C01.csv,Event,str,0.0,20,Sold Cull,UNKNOWN / NEEDS REVIEW,
sensor_data\sub_data\health_records\C01.csv,Specific event,str,0.0,31,Sold Cull,KEEP candidate,
sensor_data\sub_data\health_records\C01.csv,Description,str,3.63,142,"Sold - Not reported, Equity 6255",UNKNOWN / NEEDS REVIEW,
sensor_data\sub_data\health_records\C02.csv,Date,str,0.0,172,2024-05-23 12 AM,KEEP candidate,
sensor_data\sub_data\health_records\C02.csv,Event,str,0.0,18,VWP expiration,UNKNOWN / NEEDS REVIEW,
sensor_data\sub_data\health_records\C02.csv,Specific event,str,0.0,33,VWP expiration,KEEP candidate,
sensor_data\sub_data\health_records\C02.csv,Description,str,3.95,150,notes - FECAL,UNKNOWN / NEEDS REVIEW,
sensor_data\sub_data\health_records\C03.csv,Date,str,0.0,161,2024-03-22 12 AM,KEEP candidate,
sensor_data\sub_data\health_records\C03.csv,Event,str,0.0,23,VWP expiration,UNKNOWN / NEEDS REVIEW,
sensor_data\sub_data\health_records\C03.csv,Specific event,str,0.0,37,VWP expiration,KEEP candidate,
sensor_data\sub_data\health_records\C03.csv,Description,str,6.1,151,"Sold - Not reported, Ttj packing",UNKNOWN / NEEDS REVIEW,
sensor_data\sub_data\health_records\C04.csv,Date,str,0.0,192,2024-04-05 12 AM,KEEP candidate,
sensor_data\sub_data\health_records\C04.csv,Event,str,0.0,24,Move,UNKNOWN / NEEDS REVIEW,
sensor_data\sub_data\health_records\C04.csv,Specific event,str,0.0,39,Move,KEEP candidate,
sensor_data\sub_data\health_records\C04.csv,Description,str,5.51,150,Pen: 11,UNKNOWN / NEEDS REVIEW,
sensor_data\sub_data\health_records\C05.csv,Date,str,0.0,164,2024-05-09 12 AM,KEEP candidate,
sensor_data\sub_data\health_records\C05.csv,Event,str,0.0,21,VWP expiration,UNKNOWN / NEEDS REVIEW,
sensor_data\sub_data\health_records\C05.csv,Specific event,str,0.0,35,VWP expiration,KEEP candidate,
sensor_data\sub_data\health_records\C05.csv,Description,str,4.87,162,notes - FECAL,UNKNOWN / NEEDS REVIEW,
sensor_data\sub_data\health_records\C06.csv,Date,str,0.0,172,2024-04-08 12 AM,KEEP candidate,
sensor_data\sub_data\health_records\C06.csv,Event,str,0.0,20,Other,UNKNOWN / NEEDS REVIEW,
sensor_data\sub_data\health_records\C06.csv,Specific event,str,0.0,33,Notes,KEEP candidate,
sensor_data\sub_data\health_records\C06.csv,Description,str,3.9,157,notes - FECAL,UNKNOWN / NEEDS REVIEW,
sensor_data\sub_data\health_records\C07.csv,Date,str,0.0,140,2024-05-08 12 AM,KEEP candidate,
sensor_data\sub_data\health_records\C07.csv,Event,str,0.0,18,VWP expiration,UNKNOWN / NEEDS REVIEW,
sensor_data\sub_data\health_records\C07.csv,Specific event,str,0.0,26,VWP expiration,KEEP candidate,
sensor_data\sub_data\health_records\C07.csv,Description,str,5.0,126,Pen: 260,UNKNOWN / NEEDS REVIEW,
sensor_data\sub_data\health_records\C08.csv,Date,str,0.0,137,2023-10-16 11 PM,KEEP candidate,
sensor_data\sub_data\health_records\C08.csv,Event,str,0.0,21,Sold Cull,UNKNOWN / NEEDS REVIEW,
sensor_data\sub_data\health_records\C08.csv,Specific event,str,0.0,31,Sold Cull,KEEP candidate,
sensor_data\sub_data\health_records\C08.csv,Description,str,4.68,128,"Sold - Not reported, Equity/6532",UNKNOWN / NEEDS REVIEW,
sensor_data\sub_data\health_records\C09.csv,Date,str,0.0,133,2023-08-31 11 PM,KEEP candidate,
sensor_data\sub_data\health_records\C09.csv,Event,str,0.0,19,Sold Cull,UNKNOWN / NEEDS REVIEW,
sensor_data\sub_data\health_records\C09.csv,Specific event,str,0.0,29,Sold Cull,KEEP candidate,
sensor_data\sub_data\health_records\C09.csv,Description,str,5.49,117,"Sold - Not reported, Equity 6251",UNKNOWN / NEEDS REVIEW,
sensor_data\sub_data\health_records\C10.csv,Date,str,0.0,197,2024-03-28 12 AM,KEEP candidate,
sensor_data\sub_data\health_records\C10.csv,Event,str,0.0,22,Medical diagnosis,UNKNOWN / NEEDS REVIEW,
sensor_data\sub_data\health_records\C10.csv,Specific event,str,0.0,38,Ketosis,KEEP candidate,
sensor_data\sub_data\health_records\C10.csv,Description,str,4.89,155,Ketosis - 250ML/+2,UNKNOWN / NEEDS REVIEW,
sensor_data\sub_data\health_records\C11.csv,Date,str,0.0,171,2023-08-31 11 PM,KEEP candidate,
sensor_data\sub_data\health_records\C11.csv,Event,str,0.0,23,Sold Cull,UNKNOWN / NEEDS REVIEW,
sensor_data\sub_data\health_records\C11.csv,Specific event,str,0.0,40,Sold Cull,KEEP candidate,
sensor_data\sub_data\health_records\C11.csv,Description,str,5.22,141,"Sold - Not reported, Equity 6246",UNKNOWN / NEEDS REVIEW,
sensor_data\sub_data\health_records\C12.csv,Date,str,0.0,198,2024-04-09 12 AM,KEEP candidate,
sensor_data\sub_data\health_records\C12.csv,Event,str,0.0,20,VWP expiration,UNKNOWN / NEEDS REVIEW,
sensor_data\sub_data\health_records\C12.csv,Specific event,str,0.0,36,VWP expiration,KEEP candidate,
sensor_data\sub_data\health_records\C12.csv,Description,str,3.95,157,Pen: 29,UNKNOWN / NEEDS REVIEW,
sensor_data\sub_data\health_records\C13.csv,Date,str,0.0,174,2023-11-02 11 PM,KEEP candidate,
sensor_data\sub_data\health_records\C13.csv,Event,str,0.0,19,Sold Cull,UNKNOWN / NEEDS REVIEW,
sensor_data\sub_data\health_records\C13.csv,Specific event,str,0.0,32,Sold Cull,KEEP candidate,
sensor_data\sub_data\health_records\C13.csv,Description,str,4.29,146,"Sold - Not reported, Equity/6719",UNKNOWN / NEEDS REVIEW,
sensor_data\sub_data\health_records\C14.csv,Date,str,0.0,145,2024-03-25 12 AM,KEEP candidate,
sensor_data\sub_data\health_records\C14.csv,Event,str,0.0,22,Move,UNKNOWN / NEEDS REVIEW,
sensor_data\sub_data\health_records\C14.csv,Specific event,str,0.0,34,Move,KEEP candidate,
sensor_data\sub_data\health_records\C14.csv,Description,str,5.29,142,Pen: 18,UNKNOWN / NEEDS REVIEW,
sensor_data\sub_data\health_records\C15.csv,Date,str,0.0,173,2024-03-19 02 AM,KEEP candidate,
sensor_data\sub_data\health_records\C15.csv,Event,str,0.0,19,Move,UNKNOWN / NEEDS REVIEW,
sensor_data\sub_data\health_records\C15.csv,Specific event,str,0.0,31,Move,KEEP candidate,
sensor_data\sub_data\health_records\C15.csv,Description,str,3.24,148,Pen: 38,UNKNOWN / NEEDS REVIEW,
sensor_data\sub_data\health_records\C16.csv,Date,str,0.0,184,2024-04-02 11 PM,KEEP candidate,
sensor_data\sub_data\health_records\C16.csv,Event,str,0.0,27,Sold Cull,UNKNOWN / NEEDS REVIEW,
sensor_data\sub_data\health_records\C16.csv,Specific event,str,0.0,43,Sold Cull,KEEP candidate,
sensor_data\sub_data\health_records\C16.csv,Description,str,5.47,161,"Sold - Not reported, Equity/4876",UNKNOWN / NEEDS REVIEW,
sensor_data\sub_data\neck_dev_temp\T01.csv,timestamp,float64,0.0,5000,1689960611.0,KEEP candidate,
sensor_data\sub_data\neck_dev_temp\T01.csv,temperature_C,float64,0.0,980,27.23,KEEP candidate,
sensor_data\sub_data\neck_dev_temp\T02.csv,timestamp,float64,0.0,5000,1689960611.0,KEEP candidate,
sensor_data\sub_data\neck_dev_temp\T02.csv,temperature_C,float64,0.0,991,27.01,KEEP candidate,
sensor_data\sub_data\neck_dev_temp\T03.csv,timestamp,float64,0.0,5000,1689960611.0,KEEP candidate,
sensor_data\sub_data\neck_dev_temp\T03.csv,temperature_C,float64,0.0,1141,26.86,KEEP candidate,
sensor_data\sub_data\neck_dev_temp\T04.csv,timestamp,float64,0.0,5000,1689960611.0,KEEP candidate,
sensor_data\sub_data\neck_dev_temp\T04.csv,temperature_C,float64,0.0,945,27.1,KEEP candidate,
sensor_data\sub_data\neck_dev_temp\T05.csv,timestamp,float64,0.0,5000,1689960611.0,KEEP candidate,
sensor_data\sub_data\neck_dev_temp\T05.csv,temperature_C,float64,0.0,1068,26.68,KEEP candidate,
sensor_data\sub_data\neck_dev_temp\T06.csv,timestamp,float64,0.0,5000,1689960611.0,KEEP candidate,
sensor_data\sub_data\neck_dev_temp\T06.csv,temperature_C,float64,0.0,740,25.49,KEEP candidate,
sensor_data\sub_data\neck_dev_temp\T07.csv,timestamp,float64,0.0,5000,1689984011.0,KEEP candidate,
sensor_data\sub_data\neck_dev_temp\T07.csv,temperature_C,float64,0.0,852,28.77,KEEP candidate,
sensor_data\sub_data\neck_dev_temp\T08.csv,timestamp,float64,0.0,5000,1689960611.0,KEEP candidate,
sensor_data\sub_data\neck_dev_temp\T08.csv,temperature_C,float64,0.0,954,26.56,KEEP candidate,
sensor_data\sub_data\neck_dev_temp\T09.csv,timestamp,float64,0.0,5000,1689960611.0,KEEP candidate,
sensor_data\sub_data\neck_dev_temp\T09.csv,temperature_C,float64,0.0,1032,27.12,KEEP candidate,
sensor_data\sub_data\neck_dev_temp\T10.csv,timestamp,float64,0.0,5000,1689960611.0,KEEP candidate,
sensor_data\sub_data\neck_dev_temp\T10.csv,temperature_C,float64,0.0,849,25.73,KEEP candidate,
sensor_data\sub_data\neck_dev_temp\T13.csv,timestamp,float64,0.0,5000,1689985812.0,KEEP candidate,
sensor_data\sub_data\neck_dev_temp\T13.csv,temperature_C,float64,0.0,1043,26.09,KEEP candidate,
sensor_data\sub_data\neck_dev_temp\T14.csv,timestamp,float64,0.0,5000,1689962412.0,KEEP candidate,
sensor_data\sub_data\neck_dev_temp\T14.csv,temperature_C,float64,0.0,1419,39.25,KEEP candidate,
sensor_data\sub_data\uwb_distance\T01\T01_0721.csv,timestamp,float64,0.0,625,1689960611.0,KEEP candidate,
sensor_data\sub_data\uwb_distance\T01\T01_0721.csv,anchor_id,float64,0.0,9,1.0,IDENTIFIER,
sensor_data\sub_data\uwb_distance\T01\T01_0721.csv,distance_m,float64,0.0,1250,9.14,UNKNOWN / NEEDS REVIEW,
sensor_data\sub_data\uwb_distance\T01\T01_0721.csv,n_samples,float64,0.0,6,5.0,UNKNOWN / NEEDS REVIEW,
sensor_data\sub_data\uwb_distance\T01\T01_0721.csv,LOS_probability,float64,0.0,100,90.0,UNKNOWN / NEEDS REVIEW,
sensor_data\sub_data\uwb_distance\T01\T01_0721.csv,RSSI_dBm,float64,0.0,272,-96.9,UNKNOWN / NEEDS REVIEW,
sensor_data\sub_data\uwb_distance\T01\T01_0722.csv,timestamp,float64,0.0,625,1690002011.0,KEEP candidate,
sensor_data\sub_data\uwb_distance\T01\T01_0722.csv,anchor_id,float64,0.0,9,1.0,IDENTIFIER,
sensor_data\sub_data\uwb_distance\T01\T01_0722.csv,distance_m,float64,0.0,856,6.9,UNKNOWN / NEEDS REVIEW,
sensor_data\sub_data\uwb_distance\T01\T01_0722.csv,n_samples,float64,0.0,6,5.0,UNKNOWN / NEEDS REVIEW,
sensor_data\sub_data\uwb_distance\T01\T01_0722.csv,LOS_probability,float64,0.0,97,20.0,UNKNOWN / NEEDS REVIEW,
sensor_data\sub_data\uwb_distance\T01\T01_0722.csv,RSSI_dBm,float64,0.0,251,-92.5,UNKNOWN / NEEDS REVIEW,
sensor_data\sub_data\uwb_distance\T01\T01_0723.csv,timestamp,float64,0.0,625,1690088411.0,KEEP candidate,
sensor_data\sub_data\uwb_distance\T01\T01_0723.csv,anchor_id,float64,0.0,9,1.0,IDENTIFIER,
sensor_data\sub_data\uwb_distance\T01\T01_0723.csv,distance_m,float64,0.0,997,11.65,UNKNOWN / NEEDS REVIEW,
sensor_data\sub_data\uwb_distance\T01\T01_0723.csv,n_samples,float64,0.0,6,5.0,UNKNOWN / NEEDS REVIEW,
sensor_data\sub_data\uwb_distance\T01\T01_0723.csv,LOS_probability,float64,0.0,99,98.0,UNKNOWN / NEEDS REVIEW,
sensor_data\sub_data\uwb_distance\T01\T01_0723.csv,RSSI_dBm,float64,0.0,258,-98.5,UNKNOWN / NEEDS REVIEW,
sensor_data\sub_data\uwb_distance\T01\T01_0724.csv,timestamp,float64,0.0,625,1690174811.0,KEEP candidate,
sensor_data\sub_data\uwb_distance\T01\T01_0724.csv,anchor_id,float64,0.0,9,1.0,IDENTIFIER,
sensor_data\sub_data\uwb_distance\T01\T01_0724.csv,distance_m,float64,0.0,1086,12.66,UNKNOWN / NEEDS REVIEW,
sensor_data\sub_data\uwb_distance\T01\T01_0724.csv,n_samples,float64,0.0,6,5.0,UNKNOWN / NEEDS REVIEW,
sensor_data\sub_data\uwb_distance\T01\T01_0724.csv,LOS_probability,float64,0.0,100,0.0,UNKNOWN / NEEDS REVIEW,
sensor_data\sub_data\uwb_distance\T01\T01_0724.csv,RSSI_dBm,float64,0.0,270,-99.6,UNKNOWN / NEEDS REVIEW,
sensor_data\sub_data\uwb_distance\T01\T01_0725.csv,timestamp,float64,0.0,625,1690261211.0,KEEP candidate,
sensor_data\sub_data\uwb_distance\T01\T01_0725.csv,anchor_id,float64,0.0,9,1.0,IDENTIFIER,
sensor_data\sub_data\uwb_distance\T01\T01_0725.csv,distance_m,float64,0.0,466,6.47,UNKNOWN / NEEDS REVIEW,
sensor_data\sub_data\uwb_distance\T01\T01_0725.csv,n_samples,float64,0.0,6,5.0,UNKNOWN / NEEDS REVIEW,
sensor_data\sub_data\uwb_distance\T01\T01_0725.csv,LOS_probability,float64,0.0,95,91.0,UNKNOWN / NEEDS REVIEW,
sensor_data\sub_data\uwb_distance\T01\T01_0725.csv,RSSI_dBm,float64,0.0,245,-95.5,UNKNOWN / NEEDS REVIEW,
sensor_data\sub_data\uwb_distance\T01\T01_0726.csv,timestamp,float64,0.0,625,1690347611.0,KEEP candidate,
sensor_data\sub_data\uwb_distance\T01\T01_0726.csv,anchor_id,float64,0.0,9,1.0,IDENTIFIER,
sensor_data\sub_data\uwb_distance\T01\T01_0726.csv,distance_m,float64,0.0,444,8.79,UNKNOWN / NEEDS REVIEW,
sensor_data\sub_data\uwb_distance\T01\T01_0726.csv,n_samples,float64,0.0,6,5.0,UNKNOWN / NEEDS REVIEW,
sensor_data\sub_data\uwb_distance\T01\T01_0726.csv,LOS_probability,float64,0.0,101,95.0,UNKNOWN / NEEDS REVIEW,
sensor_data\sub_data\uwb_distance\T01\T01_0726.csv,RSSI_dBm,float64,0.0,263,-94.5,UNKNOWN / NEEDS REVIEW,
sensor_data\sub_data\uwb_distance\T01\T01_0727.csv,timestamp,float64,0.0,625,1690434011.0,KEEP candidate,
sensor_data\sub_data\uwb_distance\T01\T01_0727.csv,anchor_id,float64,0.0,9,1.0,IDENTIFIER,
sensor_data\sub_data\uwb_distance\T01\T01_0727.csv,distance_m,float64,0.0,453,12.99,UNKNOWN / NEEDS REVIEW,
sensor_data\sub_data\uwb_distance\T01\T01_0727.csv,n_samples,float64,0.0,6,5.0,UNKNOWN / NEEDS REVIEW,
sensor_data\sub_data\uwb_distance\T01\T01_0727.csv,LOS_probability,float64,0.0,95,95.0,UNKNOWN / NEEDS REVIEW,
sensor_data\sub_data\uwb_distance\T01\T01_0727.csv,RSSI_dBm,float64,0.0,221,-20.1,UNKNOWN / NEEDS REVIEW,
sensor_data\sub_data\uwb_distance\T01\T01_0728.csv,timestamp,float64,0.0,625,1690520411.0,KEEP candidate,
sensor_data\sub_data\uwb_distance\T01\T01_0728.csv,anchor_id,float64,0.0,9,1.0,IDENTIFIER,
sensor_data\sub_data\uwb_distance\T01\T01_0728.csv,distance_m,float64,0.0,804,15.95,UNKNOWN / NEEDS REVIEW,
sensor_data\sub_data\uwb_distance\T01\T01_0728.csv,n_samples,float64,0.0,6,5.0,UNKNOWN / NEEDS REVIEW,
sensor_data\sub_data\uwb_distance\T01\T01_0728.csv,LOS_probability,float64,0.0,91,20.0,UNKNOWN / NEEDS REVIEW,
sensor_data\sub_data\uwb_distance\T01\T01_0728.csv,RSSI_dBm,float64,0.0,252,0.0,UNKNOWN / NEEDS REVIEW,
sensor_data\sub_data\uwb_distance\T01\T01_0729.csv,timestamp,float64,0.0,625,1690606811.0,KEEP candidate,
sensor_data\sub_data\uwb_distance\T01\T01_0729.csv,anchor_id,float64,0.0,9,1.0,IDENTIFIER,
sensor_data\sub_data\uwb_distance\T01\T01_0729.csv,distance_m,float64,0.0,912,8.93,UNKNOWN / NEEDS REVIEW,
sensor_data\sub_data\uwb_distance\T01\T01_0729.csv,n_samples,float64,0.0,6,5.0,UNKNOWN / NEEDS REVIEW,
sensor_data\sub_data\uwb_distance\T01\T01_0729.csv,LOS_probability,float64,0.0,97,95.0,UNKNOWN / NEEDS REVIEW,
sensor_data\sub_data\uwb_distance\T01\T01_0729.csv,RSSI_dBm,float64,0.0,264,-94.8,UNKNOWN / NEEDS REVIEW,
sensor_data\sub_data\uwb_distance\T01\T01_0730.csv,timestamp,float64,0.0,625,1690693211.0,KEEP candidate,
sensor_data\sub_data\uwb_distance\T01\T01_0730.csv,anchor_id,float64,0.0,9,1.0,IDENTIFIER,
sensor_data\sub_data\uwb_distance\T01\T01_0730.csv,distance_m,float64,0.0,1016,13.04,UNKNOWN / NEEDS REVIEW,
sensor_data\sub_data\uwb_distance\T01\T01_0730.csv,n_samples,float64,0.0,6,5.0,UNKNOWN / NEEDS REVIEW,
sensor_data\sub_data\uwb_distance\T01\T01_0730.csv,LOS_probability,float64,0.0,99,94.0,UNKNOWN / NEEDS REVIEW,
sensor_data\sub_data\uwb_distance\T01\T01_0730.csv,RSSI_dBm,float64,0.0,260,-100.4,UNKNOWN / NEEDS REVIEW,
sensor_data\sub_data\uwb_distance\T01\T01_0731.csv,timestamp,float64,0.0,625,1690779611.0,KEEP candidate,
sensor_data\sub_data\uwb_distance\T01\T01_0731.csv,anchor_id,float64,0.0,9,1.0,IDENTIFIER,
sensor_data\sub_data\uwb_distance\T01\T01_0731.csv,distance_m,float64,0.0,1025,12.93,UNKNOWN / NEEDS REVIEW,
sensor_data\sub_data\uwb_distance\T01\T01_0731.csv,n_samples,float64,0.0,6,5.0,UNKNOWN / NEEDS REVIEW,
sensor_data\sub_data\uwb_distance\T01\T01_0731.csv,LOS_probability,float64,0.0,97,0.0,UNKNOWN / NEEDS REVIEW,
sensor_data\sub_data\uwb_distance\T01\T01_0731.csv,RSSI_dBm,float64,0.0,256,-97.7,UNKNOWN / NEEDS REVIEW,
sensor_data\sub_data\uwb_distance\T01\T01_0801.csv,timestamp,float64,0.0,625,1690866011.0,KEEP candidate,
sensor_data\sub_data\uwb_distance\T01\T01_0801.csv,anchor_id,float64,0.0,9,1.0,IDENTIFIER,
sensor_data\sub_data\uwb_distance\T01\T01_0801.csv,distance_m,float64,0.0,632,12.8,UNKNOWN / NEEDS REVIEW,
sensor_data\sub_data\uwb_distance\T01\T01_0801.csv,n_samples,float64,0.0,6,5.0,UNKNOWN / NEEDS REVIEW,
sensor_data\sub_data\uwb_distance\T01\T01_0801.csv,LOS_probability,float64,0.0,96,71.0,UNKNOWN / NEEDS REVIEW,
sensor_data\sub_data\uwb_distance\T01\T01_0801.csv,RSSI_dBm,float64,0.0,254,-95.9,UNKNOWN / NEEDS REVIEW,
sensor_data\sub_data\uwb_distance\T01\T01_0802.csv,timestamp,float64,0.0,625,1690952411.0,KEEP candidate,
sensor_data\sub_data\uwb_distance\T01\T01_0802.csv,anchor_id,float64,0.0,9,1.0,IDENTIFIER,
sensor_data\sub_data\uwb_distance\T01\T01_0802.csv,distance_m,float64,0.0,1159,12.02,UNKNOWN / NEEDS REVIEW,
sensor_data\sub_data\uwb_distance\T01\T01_0802.csv,n_samples,float64,0.0,6,5.0,UNKNOWN / NEEDS REVIEW,
sensor_data\sub_data\uwb_distance\T01\T01_0802.csv,LOS_probability,float64,0.0,98,95.0,UNKNOWN / NEEDS REVIEW,
sensor_data\sub_data\uwb_distance\T01\T01_0802.csv,RSSI_dBm,float64,0.0,265,-96.5,UNKNOWN / NEEDS REVIEW,
sensor_data\sub_data\uwb_distance\T01\T01_0803.csv,timestamp,float64,0.0,625,1691038811.0,KEEP candidate,
sensor_data\sub_data\uwb_distance\T01\T01_0803.csv,anchor_id,float64,0.0,9,1.0,IDENTIFIER,
sensor_data\sub_data\uwb_distance\T01\T01_0803.csv,distance_m,float64,0.0,512,8.73,UNKNOWN / NEEDS REVIEW,
sensor_data\sub_data\uwb_distance\T01\T01_0803.csv,n_samples,float64,0.0,6,5.0,UNKNOWN / NEEDS REVIEW,
sensor_data\sub_data\uwb_distance\T01\T01_0803.csv,LOS_probability,float64,0.0,102,97.0,UNKNOWN / NEEDS REVIEW,
sensor_data\sub_data\uwb_distance\T01\T01_0803.csv,RSSI_dBm,float64,0.0,272,-97.9,UNKNOWN / NEEDS REVIEW,
sensor_data\sub_data\uwb_distance\T01\T01_0804.csv,timestamp,float64,0.0,625,1691125211.0,KEEP candidate,
sensor_data\sub_data\uwb_distance\T01\T01_0804.csv,anchor_id,float64,0.0,9,1.0,IDENTIFIER,
sensor_data\sub_data\uwb_distance\T01\T01_0804.csv,distance_m,float64,0.0,966,8.45,UNKNOWN / NEEDS REVIEW,
sensor_data\sub_data\uwb_distance\T01\T01_0804.csv,n_samples,float64,0.0,6,5.0,UNKNOWN / NEEDS REVIEW,
sensor_data\sub_data\uwb_distance\T01\T01_0804.csv,LOS_probability,float64,0.0,96,95.0,UNKNOWN / NEEDS REVIEW,
sensor_data\sub_data\uwb_distance\T01\T01_0804.csv,RSSI_dBm,float64,0.0,278,-97.0,UNKNOWN / NEEDS REVIEW,
sensor_data\sub_data\uwb_distance\T02\T02_0721.csv,timestamp,float64,0.0,625,1689960611.0,KEEP candidate,
sensor_data\sub_data\uwb_distance\T02\T02_0721.csv,anchor_id,float64,0.0,9,1.0,IDENTIFIER,
sensor_data\sub_data\uwb_distance\T02\T02_0721.csv,distance_m,float64,0.0,1148,9.26,UNKNOWN / NEEDS REVIEW,
sensor_data\sub_data\uwb_distance\T02\T02_0721.csv,n_samples,float64,0.0,6,5.0,UNKNOWN / NEEDS REVIEW,
sensor_data\sub_data\uwb_distance\T02\T02_0721.csv,LOS_probability,float64,0.0,95,92.0,UNKNOWN / NEEDS REVIEW,
sensor_data\sub_data\uwb_distance\T02\T02_0721.csv,RSSI_dBm,float64,0.0,253,-95.8,UNKNOWN / NEEDS REVIEW,
sensor_data\sub_data\uwb_distance\T02\T02_0722.csv,timestamp,float64,0.0,625,1690002011.0,KEEP candidate,
sensor_data\sub_data\uwb_distance\T02\T02_0722.csv,anchor_id,float64,0.0,9,1.0,IDENTIFIER,
sensor_data\sub_data\uwb_distance\T02\T02_0722.csv,distance_m,float64,0.0,860,23.61,UNKNOWN / NEEDS REVIEW,
sensor_data\sub_data\uwb_distance\T02\T02_0722.csv,n_samples,float64,0.0,6,3.0,UNKNOWN / NEEDS REVIEW,
sensor_data\sub_data\uwb_distance\T02\T02_0722.csv,LOS_probability,float64,0.0,101,0.0,UNKNOWN / NEEDS REVIEW,
sensor_data\sub_data\uwb_distance\T02\T02_0722.csv,RSSI_dBm,float64,0.0,264,0.0,UNKNOWN / NEEDS REVIEW,
sensor_data\sub_data\uwb_distance\T02\T02_0723.csv,timestamp,float64,0.0,625,1690088411.0,KEEP candidate,
sensor_data\sub_data\uwb_distance\T02\T02_0723.csv,anchor_id,float64,0.0,9,1.0,IDENTIFIER,
sensor_data\sub_data\uwb_distance\T02\T02_0723.csv,distance_m,float64,0.0,517,8.52,UNKNOWN / NEEDS REVIEW,
sensor_data\sub_data\uwb_distance\T02\T02_0723.csv,n_samples,float64,0.0,6,5.0,UNKNOWN / NEEDS REVIEW,
sensor_data\sub_data\uwb_distance\T02\T02_0723.csv,LOS_probability,float64,0.0,104,0.0,UNKNOWN / NEEDS REVIEW,
sensor_data\sub_data\uwb_distance\T02\T02_0723.csv,RSSI_dBm,float64,0.0,245,-98.2,UNKNOWN / NEEDS REVIEW,
sensor_data\sub_data\uwb_distance\T02\T02_0724.csv,timestamp,float64,0.0,625,1690174811.0,KEEP candidate,
sensor_data\sub_data\uwb_distance\T02\T02_0724.csv,anchor_id,float64,0.0,9,1.0,IDENTIFIER,
sensor_data\sub_data\uwb_distance\T02\T02_0724.csv,distance_m,float64,0.0,955,10.58,UNKNOWN / NEEDS REVIEW,
sensor_data\sub_data\uwb_distance\T02\T02_0724.csv,n_samples,float64,0.0,6,5.0,UNKNOWN / NEEDS REVIEW,
sensor_data\sub_data\uwb_distance\T02\T02_0724.csv,LOS_probability,float64,0.0,100,98.0,UNKNOWN / NEEDS REVIEW,
sensor_data\sub_data\uwb_distance\T02\T02_0724.csv,RSSI_dBm,float64,0.0,256,-96.2,UNKNOWN / NEEDS REVIEW,
sensor_data\sub_data\uwb_distance\T02\T02_0725.csv,timestamp,float64,0.0,625,1690261211.0,KEEP candidate,
sensor_data\sub_data\uwb_distance\T02\T02_0725.csv,anchor_id,float64,0.0,9,1.0,IDENTIFIER,
sensor_data\sub_data\uwb_distance\T02\T02_0725.csv,distance_m,float64,0.0,1112,9.69,UNKNOWN / NEEDS REVIEW,
sensor_data\sub_data\uwb_distance\T02\T02_0725.csv,n_samples,float64,0.0,6,5.0,UNKNOWN / NEEDS REVIEW,
sensor_data\sub_data\uwb_distance\T02\T02_0725.csv,LOS_probability,float64,0.0,100,95.0,UNKNOWN / NEEDS REVIEW,
sensor_data\sub_data\uwb_distance\T02\T02_0725.csv,RSSI_dBm,float64,0.0,249,-91.9,UNKNOWN / NEEDS REVIEW,
sensor_data\sub_data\uwb_distance\T02\T02_0726.csv,timestamp,float64,0.0,625,1690347611.0,KEEP candidate,
sensor_data\sub_data\uwb_distance\T02\T02_0726.csv,anchor_id,float64,0.0,9,1.0,IDENTIFIER,
sensor_data\sub_data\uwb_distance\T02\T02_0726.csv,distance_m,float64,0.0,690,16.75,UNKNOWN / NEEDS REVIEW,
sensor_data\sub_data\uwb_distance\T02\T02_0726.csv,n_samples,float64,0.0,6,5.0,UNKNOWN / NEEDS REVIEW,
sensor_data\sub_data\uwb_distance\T02\T02_0726.csv,LOS_probability,float64,0.0,99,81.0,UNKNOWN / NEEDS REVIEW,
sensor_data\sub_data\uwb_distance\T02\T02_0726.csv,RSSI_dBm,float64,0.0,247,-94.2,UNKNOWN / NEEDS REVIEW,
sensor_data\sub_data\uwb_distance\T02\T02_0727.csv,timestamp,float64,0.0,625,1690434011.0,KEEP candidate,
sensor_data\sub_data\uwb_distance\T02\T02_0727.csv,anchor_id,float64,0.0,9,1.0,IDENTIFIER,
sensor_data\sub_data\uwb_distance\T02\T02_0727.csv,distance_m,float64,0.0,989,13.46,UNKNOWN / NEEDS REVIEW,
sensor_data\sub_data\uwb_distance\T02\T02_0727.csv,n_samples,float64,0.0,6,5.0,UNKNOWN / NEEDS REVIEW,
sensor_data\sub_data\uwb_distance\T02\T02_0727.csv,LOS_probability,float64,0.0,100,94.0,UNKNOWN / NEEDS REVIEW,
sensor_data\sub_data\uwb_distance\T02\T02_0727.csv,RSSI_dBm,float64,0.0,269,-20.3,UNKNOWN / NEEDS REVIEW,
sensor_data\sub_data\uwb_distance\T02\T02_0728.csv,timestamp,float64,0.0,625,1690520411.0,KEEP candidate,
sensor_data\sub_data\uwb_distance\T02\T02_0728.csv,anchor_id,float64,0.0,9,1.0,IDENTIFIER,
sensor_data\sub_data\uwb_distance\T02\T02_0728.csv,distance_m,float64,0.0,809,12.84,UNKNOWN / NEEDS REVIEW,
sensor_data\sub_data\uwb_distance\T02\T02_0728.csv,n_samples,float64,0.0,6,5.0,UNKNOWN / NEEDS REVIEW,
sensor_data\sub_data\uwb_distance\T02\T02_0728.csv,LOS_probability,float64,0.0,103,0.0,UNKNOWN / NEEDS REVIEW,
sensor_data\sub_data\uwb_distance\T02\T02_0728.csv,RSSI_dBm,float64,0.0,266,0.0,UNKNOWN / NEEDS REVIEW,
sensor_data\sub_data\uwb_distance\T02\T02_0729.csv,timestamp,float64,0.0,625,1690606811.0,KEEP candidate,
sensor_data\sub_data\uwb_distance\T02\T02_0729.csv,anchor_id,float64,0.0,9,1.0,IDENTIFIER,
sensor_data\sub_data\uwb_distance\T02\T02_0729.csv,distance_m,float64,0.0,717,20.82,UNKNOWN / NEEDS REVIEW,
sensor_data\sub_data\uwb_distance\T02\T02_0729.csv,n_samples,float64,0.0,6,5.0,UNKNOWN / NEEDS REVIEW,
sensor_data\sub_data\uwb_distance\T02\T02_0729.csv,LOS_probability,float64,0.0,102,0.0,UNKNOWN / NEEDS REVIEW,
sensor_data\sub_data\uwb_distance\T02\T02_0729.csv,RSSI_dBm,float64,0.0,242,-100.7,UNKNOWN / NEEDS REVIEW,
sensor_data\sub_data\uwb_distance\T02\T02_0730.csv,timestamp,float64,0.0,625,1690693211.0,KEEP candidate,
sensor_data\sub_data\uwb_distance\T02\T02_0730.csv,anchor_id,float64,0.0,9,1.0,IDENTIFIER,
sensor_data\sub_data\uwb_distance\T02\T02_0730.csv,distance_m,float64,0.0,1083,12.58,UNKNOWN / NEEDS REVIEW,
sensor_data\sub_data\uwb_distance\T02\T02_0730.csv,n_samples,float64,0.0,6,5.0,UNKNOWN / NEEDS REVIEW,
sensor_data\sub_data\uwb_distance\T02\T02_0730.csv,LOS_probability,float64,0.0,100,79.0,UNKNOWN / NEEDS REVIEW,
sensor_data\sub_data\uwb_distance\T02\T02_0730.csv,RSSI_dBm,float64,0.0,254,-96.6,UNKNOWN / NEEDS REVIEW,
sensor_data\sub_data\uwb_distance\T02\T02_0731.csv,timestamp,float64,0.0,625,1690779611.0,KEEP candidate,
sensor_data\sub_data\uwb_distance\T02\T02_0731.csv,anchor_id,float64,0.0,9,1.0,IDENTIFIER,
sensor_data\sub_data\uwb_distance\T02\T02_0731.csv,distance_m,float64,0.0,1082,12.76,UNKNOWN / NEEDS REVIEW,
sensor_data\sub_data\uwb_distance\T02\T02_0731.csv,n_samples,float64,0.0,6,5.0,UNKNOWN / NEEDS REVIEW,
sensor_data\sub_data\uwb_distance\T02\T02_0731.csv,LOS_probability,float64,0.0,98,94.0,UNKNOWN / NEEDS REVIEW,
sensor_data\sub_data\uwb_distance\T02\T02_0731.csv,RSSI_dBm,float64,0.0,265,-96.8,UNKNOWN / NEEDS REVIEW,
sensor_data\sub_data\uwb_distance\T02\T02_0801.csv,timestamp,float64,0.0,625,1690866011.0,KEEP candidate,
sensor_data\sub_data\uwb_distance\T02\T02_0801.csv,anchor_id,float64,0.0,9,1.0,IDENTIFIER,
sensor_data\sub_data\uwb_distance\T02\T02_0801.csv,distance_m,float64,0.0,901,9.45,UNKNOWN / NEEDS REVIEW,
sensor_data\sub_data\uwb_distance\T02\T02_0801.csv,n_samples,float64,0.0,6,5.0,UNKNOWN / NEEDS REVIEW,
sensor_data\sub_data\uwb_distance\T02\T02_0801.csv,LOS_probability,float64,0.0,98,95.0,UNKNOWN / NEEDS REVIEW,
sensor_data\sub_data\uwb_distance\T02\T02_0801.csv,RSSI_dBm,float64,0.0,245,-100.2,UNKNOWN / NEEDS REVIEW,
sensor_data\sub_data\uwb_distance\T02\T02_0802.csv,timestamp,float64,0.0,625,1690952411.0,KEEP candidate,
sensor_data\sub_data\uwb_distance\T02\T02_0802.csv,anchor_id,float64,0.0,9,1.0,IDENTIFIER,
sensor_data\sub_data\uwb_distance\T02\T02_0802.csv,distance_m,float64,0.0,1193,12.46,UNKNOWN / NEEDS REVIEW,
sensor_data\sub_data\uwb_distance\T02\T02_0802.csv,n_samples,float64,0.0,6,5.0,UNKNOWN / NEEDS REVIEW,
sensor_data\sub_data\uwb_distance\T02\T02_0802.csv,LOS_probability,float64,0.0,104,40.0,UNKNOWN / NEEDS REVIEW,
sensor_data\sub_data\uwb_distance\T02\T02_0802.csv,RSSI_dBm,float64,0.0,274,-100.8,UNKNOWN / NEEDS REVIEW,
sensor_data\sub_data\uwb_distance\T02\T02_0803.csv,timestamp,float64,0.0,625,1691038811.0,KEEP candidate,
sensor_data\sub_data\uwb_distance\T02\T02_0803.csv,anchor_id,float64,0.0,9,1.0,IDENTIFIER,
sensor_data\sub_data\uwb_distance\T02\T02_0803.csv,distance_m,float64,0.0,556,9.61,UNKNOWN / NEEDS REVIEW,
sensor_data\sub_data\uwb_distance\T02\T02_0803.csv,n_samples,float64,0.0,6,5.0,UNKNOWN / NEEDS REVIEW,
sensor_data\sub_data\uwb_distance\T02\T02_0803.csv,LOS_probability,float64,0.0,103,0.0,UNKNOWN / NEEDS REVIEW,
sensor_data\sub_data\uwb_distance\T02\T02_0803.csv,RSSI_dBm,float64,0.0,248,-99.9,UNKNOWN / NEEDS REVIEW,
sensor_data\sub_data\uwb_distance\T02\T02_0804.csv,timestamp,float64,0.0,625,1691125211.0,KEEP candidate,
sensor_data\sub_data\uwb_distance\T02\T02_0804.csv,anchor_id,float64,0.0,9,1.0,IDENTIFIER,
sensor_data\sub_data\uwb_distance\T02\T02_0804.csv,distance_m,float64,0.0,980,12.74,UNKNOWN / NEEDS REVIEW,
sensor_data\sub_data\uwb_distance\T02\T02_0804.csv,n_samples,float64,0.0,6,5.0,UNKNOWN / NEEDS REVIEW,
sensor_data\sub_data\uwb_distance\T02\T02_0804.csv,LOS_probability,float64,0.0,99,76.0,UNKNOWN / NEEDS REVIEW,
sensor_data\sub_data\uwb_distance\T02\T02_0804.csv,RSSI_dBm,float64,0.0,269,0.0,UNKNOWN / NEEDS REVIEW,
sensor_data\sub_data\uwb_distance\T03\T03_0721.csv,timestamp,float64,0.0,625,1689960611.0,KEEP candidate,
sensor_data\sub_data\uwb_distance\T03\T03_0721.csv,anchor_id,float64,0.0,9,1.0,IDENTIFIER,
sensor_data\sub_data\uwb_distance\T03\T03_0721.csv,distance_m,float64,0.0,1197,6.89,UNKNOWN / NEEDS REVIEW,
sensor_data\sub_data\uwb_distance\T03\T03_0721.csv,n_samples,float64,0.0,6,5.0,UNKNOWN / NEEDS REVIEW,
sensor_data\sub_data\uwb_distance\T03\T03_0721.csv,LOS_probability,float64,0.0,97,96.0,UNKNOWN / NEEDS REVIEW,
sensor_data\sub_data\uwb_distance\T03\T03_0721.csv,RSSI_dBm,float64,0.0,283,-82.9,UNKNOWN / NEEDS REVIEW,
sensor_data\sub_data\uwb_distance\T03\T03_0722.csv,timestamp,float64,0.0,625,1690002011.0,KEEP candidate,
sensor_data\sub_data\uwb_distance\T03\T03_0722.csv,anchor_id,float64,0.0,9,1.0,IDENTIFIER,
sensor_data\sub_data\uwb_distance\T03\T03_0722.csv,distance_m,float64,0.0,1100,8.11,UNKNOWN / NEEDS REVIEW,
sensor_data\sub_data\uwb_distance\T03\T03_0722.csv,n_samples,float64,0.0,6,1.0,UNKNOWN / NEEDS REVIEW,
sensor_data\sub_data\uwb_distance\T03\T03_0722.csv,LOS_probability,float64,0.0,99,94.0,UNKNOWN / NEEDS REVIEW,
sensor_data\sub_data\uwb_distance\T03\T03_0722.csv,RSSI_dBm,float64,0.0,304,-94.9,UNKNOWN / NEEDS REVIEW,
sensor_data\sub_data\uwb_distance\T03\T03_0723.csv,timestamp,float64,0.0,625,1690088411.0,KEEP candidate,
sensor_data\sub_data\uwb_distance\T03\T03_0723.csv,anchor_id,float64,0.0,9,-1.0,IDENTIFIER,
sensor_data\sub_data\uwb_distance\T03\T03_0723.csv,distance_m,float64,0.0,701,-1.0,UNKNOWN / NEEDS REVIEW,
sensor_data\sub_data\uwb_distance\T03\T03_0723.csv,n_samples,float64,0.0,6,-1.0,UNKNOWN / NEEDS REVIEW,
sensor_data\sub_data\uwb_distance\T03\T03_0723.csv,LOS_probability,float64,0.0,100,-1.0,UNKNOWN / NEEDS REVIEW,
sensor_data\sub_data\uwb_distance\T03\T03_0723.csv,RSSI_dBm,float64,0.0,252,-0.1,UNKNOWN / NEEDS REVIEW,
sensor_data\sub_data\uwb_distance\T03\T03_0724.csv,timestamp,float64,0.0,625,1690174811.0,KEEP candidate,
sensor_data\sub_data\uwb_distance\T03\T03_0724.csv,anchor_id,float64,0.0,9,1.0,IDENTIFIER,
sensor_data\sub_data\uwb_distance\T03\T03_0724.csv,distance_m,float64,0.0,972,6.38,UNKNOWN / NEEDS REVIEW,
sensor_data\sub_data\uwb_distance\T03\T03_0724.csv,n_samples,float64,0.0,6,5.0,UNKNOWN / NEEDS REVIEW,
sensor_data\sub_data\uwb_distance\T03\T03_0724.csv,LOS_probability,float64,0.0,101,100.0,UNKNOWN / NEEDS REVIEW,
sensor_data\sub_data\uwb_distance\T03\T03_0724.csv,RSSI_dBm,float64,0.0,247,-90.9,UNKNOWN / NEEDS REVIEW,
sensor_data\sub_data\uwb_distance\T03\T03_0725.csv,timestamp,float64,0.0,625,1690261211.0,KEEP candidate,
sensor_data\sub_data\uwb_distance\T03\T03_0725.csv,anchor_id,float64,0.0,9,1.0,IDENTIFIER,
sensor_data\sub_data\uwb_distance\T03\T03_0725.csv,distance_m,float64,0.0,1022,13.22,UNKNOWN / NEEDS REVIEW,
sensor_data\sub_data\uwb_distance\T03\T03_0725.csv,n_samples,float64,0.0,6,5.0,UNKNOWN / NEEDS REVIEW,
sensor_data\sub_data\uwb_distance\T03\T03_0725.csv,LOS_probability,float64,0.0,101,20.0,UNKNOWN / NEEDS REVIEW,
sensor_data\sub_data\uwb_distance\T03\T03_0725.csv,RSSI_dBm,float64,0.0,267,-40.6,UNKNOWN / NEEDS REVIEW,
sensor_data\sub_data\uwb_distance\T03\T03_0726.csv,timestamp,float64,0.0,625,1690347611.0,KEEP candidate,
sensor_data\sub_data\uwb_distance\T03\T03_0726.csv,anchor_id,float64,0.0,9,1.0,IDENTIFIER,
sensor_data\sub_data\uwb_distance\T03\T03_0726.csv,distance_m,float64,0.0,815,7.55,UNKNOWN / NEEDS REVIEW,
sensor_data\sub_data\uwb_distance\T03\T03_0726.csv,n_samples,float64,0.0,6,5.0,UNKNOWN / NEEDS REVIEW,
sensor_data\sub_data\uwb_distance\T03\T03_0726.csv,LOS_probability,float64,0.0,103,77.0,UNKNOWN / NEEDS REVIEW,
sensor_data\sub_data\uwb_distance\T03\T03_0726.csv,RSSI_dBm,float64,0.0,269,-89.2,UNKNOWN / NEEDS REVIEW,
sensor_data\sub_data\uwb_distance\T03\T03_0727.csv,timestamp,float64,0.0,625,1690434011.0,KEEP candidate,
sensor_data\sub_data\uwb_distance\T03\T03_0727.csv,anchor_id,float64,0.0,9,1.0,IDENTIFIER,
sensor_data\sub_data\uwb_distance\T03\T03_0727.csv,distance_m,float64,0.0,1019,12.19,UNKNOWN / NEEDS REVIEW,
sensor_data\sub_data\uwb_distance\T03\T03_0727.csv,n_samples,float64,0.0,6,5.0,UNKNOWN / NEEDS REVIEW,
sensor_data\sub_data\uwb_distance\T03\T03_0727.csv,LOS_probability,float64,0.0,105,15.0,UNKNOWN / NEEDS REVIEW,
sensor_data\sub_data\uwb_distance\T03\T03_0727.csv,RSSI_dBm,float64,0.0,320,-96.8,UNKNOWN / NEEDS REVIEW,
sensor_data\sub_data\uwb_distance\T03\T03_0728.csv,timestamp,float64,0.0,625,1690520411.0,KEEP candidate,
sensor_data\sub_data\uwb_distance\T03\T03_0728.csv,anchor_id,float64,0.0,9,1.0,IDENTIFIER,
sensor_data\sub_data\uwb_distance\T03\T03_0728.csv,distance_m,float64,0.0,988,7.08,UNKNOWN / NEEDS REVIEW,
sensor_data\sub_data\uwb_distance\T03\T03_0728.csv,n_samples,float64,0.0,6,5.0,UNKNOWN / NEEDS REVIEW,
sensor_data\sub_data\uwb_distance\T03\T03_0728.csv,LOS_probability,float64,0.0,101,98.0,UNKNOWN / NEEDS REVIEW,
sensor_data\sub_data\uwb_distance\T03\T03_0728.csv,RSSI_dBm,float64,0.0,279,-98.0,UNKNOWN / NEEDS REVIEW,
sensor_data\sub_data\uwb_distance\T03\T03_0729.csv,timestamp,float64,0.0,625,1690606811.0,KEEP candidate,
sensor_data\sub_data\uwb_distance\T03\T03_0729.csv,anchor_id,float64,0.0,9,1.0,IDENTIFIER,
sensor_data\sub_data\uwb_distance\T03\T03_0729.csv,distance_m,float64,0.0,973,12.68,UNKNOWN / NEEDS REVIEW,
sensor_data\sub_data\uwb_distance\T03\T03_0729.csv,n_samples,float64,0.0,6,5.0,UNKNOWN / NEEDS REVIEW,
sensor_data\sub_data\uwb_distance\T03\T03_0729.csv,LOS_probability,float64,0.0,104,0.0,UNKNOWN / NEEDS REVIEW,
sensor_data\sub_data\uwb_distance\T03\T03_0729.csv,RSSI_dBm,float64,0.0,270,-100.6,UNKNOWN / NEEDS REVIEW,
sensor_data\sub_data\uwb_distance\T03\T03_0730.csv,timestamp,float64,0.0,625,1690693211.0,KEEP candidate,
sensor_data\sub_data\uwb_distance\T03\T03_0730.csv,anchor_id,float64,0.0,9,1.0,IDENTIFIER,
sensor_data\sub_data\uwb_distance\T03\T03_0730.csv,distance_m,float64,0.0,1187,9.71,UNKNOWN / NEEDS REVIEW,
sensor_data\sub_data\uwb_distance\T03\T03_0730.csv,n_samples,float64,0.0,6,5.0,UNKNOWN / NEEDS REVIEW,
sensor_data\sub_data\uwb_distance\T03\T03_0730.csv,LOS_probability,float64,0.0,99,96.0,UNKNOWN / NEEDS REVIEW,
sensor_data\sub_data\uwb_distance\T03\T03_0730.csv,RSSI_dBm,float64,0.0,281,-97.8,UNKNOWN / NEEDS REVIEW,
sensor_data\sub_data\uwb_distance\T03\T03_0731.csv,timestamp,float64,0.0,625,1690779611.0,KEEP candidate,
sensor_data\sub_data\uwb_distance\T03\T03_0731.csv,anchor_id,float64,0.0,9,1.0,IDENTIFIER,
sensor_data\sub_data\uwb_distance\T03\T03_0731.csv,distance_m,float64,0.0,937,12.4,UNKNOWN / NEEDS REVIEW,
sensor_data\sub_data\uwb_distance\T03\T03_0731.csv,n_samples,float64,0.0,6,5.0,UNKNOWN / NEEDS REVIEW,
sensor_data\sub_data\uwb_distance\T03\T03_0731.csv,LOS_probability,float64,0.0,101,93.0,UNKNOWN / NEEDS REVIEW,
sensor_data\sub_data\uwb_distance\T03\T03_0731.csv,RSSI_dBm,float64,0.0,276,-100.0,UNKNOWN / NEEDS REVIEW,
sensor_data\sub_data\uwb_distance\T03\T03_0801.csv,timestamp,float64,0.0,625,1690866011.0,KEEP candidate,
sensor_data\sub_data\uwb_distance\T03\T03_0801.csv,anchor_id,float64,0.0,9,1.0,IDENTIFIER,
sensor_data\sub_data\uwb_distance\T03\T03_0801.csv,distance_m,float64,0.0,858,6.83,UNKNOWN / NEEDS REVIEW,
sensor_data\sub_data\uwb_distance\T03\T03_0801.csv,n_samples,float64,0.0,6,4.0,UNKNOWN / NEEDS REVIEW,
sensor_data\sub_data\uwb_distance\T03\T03_0801.csv,LOS_probability,float64,0.0,102,93.0,UNKNOWN / NEEDS REVIEW,
sensor_data\sub_data\uwb_distance\T03\T03_0801.csv,RSSI_dBm,float64,0.0,253,-85.0,UNKNOWN / NEEDS REVIEW,
sensor_data\sub_data\uwb_distance\T03\T03_0802.csv,timestamp,float64,0.0,625,1690952411.0,KEEP candidate,
sensor_data\sub_data\uwb_distance\T03\T03_0802.csv,anchor_id,float64,0.0,9,1.0,IDENTIFIER,
sensor_data\sub_data\uwb_distance\T03\T03_0802.csv,distance_m,float64,0.0,891,15.31,UNKNOWN / NEEDS REVIEW,
sensor_data\sub_data\uwb_distance\T03\T03_0802.csv,n_samples,float64,0.0,6,5.0,UNKNOWN / NEEDS REVIEW,
sensor_data\sub_data\uwb_distance\T03\T03_0802.csv,LOS_probability,float64,0.0,102,4.0,UNKNOWN / NEEDS REVIEW,
sensor_data\sub_data\uwb_distance\T03\T03_0802.csv,RSSI_dBm,float64,0.0,275,0.0,UNKNOWN / NEEDS REVIEW,
sensor_data\sub_data\uwb_distance\T03\T03_0803.csv,timestamp,float64,0.0,625,1691038811.0,KEEP candidate,
sensor_data\sub_data\uwb_distance\T03\T03_0803.csv,anchor_id,float64,0.0,9,1.0,IDENTIFIER,
sensor_data\sub_data\uwb_distance\T03\T03_0803.csv,distance_m,float64,0.0,527,6.6,UNKNOWN / NEEDS REVIEW,
sensor_data\sub_data\uwb_distance\T03\T03_0803.csv,n_samples,float64,0.0,6,5.0,UNKNOWN / NEEDS REVIEW,
sensor_data\sub_data\uwb_distance\T03\T03_0803.csv,LOS_probability,float64,0.0,93,87.0,UNKNOWN / NEEDS REVIEW,
sensor_data\sub_data\uwb_distance\T03\T03_0803.csv,RSSI_dBm,float64,0.0,256,-85.9,UNKNOWN / NEEDS REVIEW,
sensor_data\sub_data\uwb_distance\T03\T03_0804.csv,timestamp,float64,0.0,625,1691125211.0,KEEP candidate,
sensor_data\sub_data\uwb_distance\T03\T03_0804.csv,anchor_id,float64,0.0,9,1.0,IDENTIFIER,
sensor_data\sub_data\uwb_distance\T03\T03_0804.csv,distance_m,float64,0.0,878,14.65,UNKNOWN / NEEDS REVIEW,
sensor_data\sub_data\uwb_distance\T03\T03_0804.csv,n_samples,float64,0.0,6,4.0,UNKNOWN / NEEDS REVIEW,
sensor_data\sub_data\uwb_distance\T03\T03_0804.csv,LOS_probability,float64,0.0,104,25.0,UNKNOWN / NEEDS REVIEW,
sensor_data\sub_data\uwb_distance\T03\T03_0804.csv,RSSI_dBm,float64,0.0,275,0.0,UNKNOWN / NEEDS REVIEW,
sensor_data\sub_data\uwb_distance\T04\T04_0721.csv,timestamp,float64,0.0,625,1689960611.0,KEEP candidate,
sensor_data\sub_data\uwb_distance\T04\T04_0721.csv,anchor_id,float64,0.0,9,1.0,IDENTIFIER,
sensor_data\sub_data\uwb_distance\T04\T04_0721.csv,distance_m,float64,0.0,1163,10.68,UNKNOWN / NEEDS REVIEW,
sensor_data\sub_data\uwb_distance\T04\T04_0721.csv,n_samples,float64,0.0,6,5.0,UNKNOWN / NEEDS REVIEW,
sensor_data\sub_data\uwb_distance\T04\T04_0721.csv,LOS_probability,float64,0.0,94,0.0,UNKNOWN / NEEDS REVIEW,
sensor_data\sub_data\uwb_distance\T04\T04_0721.csv,RSSI_dBm,float64,0.0,267,-100.4,UNKNOWN / NEEDS REVIEW,
sensor_data\sub_data\uwb_distance\T04\T04_0722.csv,timestamp,float64,0.0,625,1690002011.0,KEEP candidate,
sensor_data\sub_data\uwb_distance\T04\T04_0722.csv,anchor_id,float64,0.0,9,1.0,IDENTIFIER,
sensor_data\sub_data\uwb_distance\T04\T04_0722.csv,distance_m,float64,0.0,550,8.34,UNKNOWN / NEEDS REVIEW,
sensor_data\sub_data\uwb_distance\T04\T04_0722.csv,n_samples,float64,0.0,6,5.0,UNKNOWN / NEEDS REVIEW,
sensor_data\sub_data\uwb_distance\T04\T04_0722.csv,LOS_probability,float64,0.0,101,96.0,UNKNOWN / NEEDS REVIEW,
sensor_data\sub_data\uwb_distance\T04\T04_0722.csv,RSSI_dBm,float64,0.0,235,-93.4,UNKNOWN / NEEDS REVIEW,
sensor_data\sub_data\uwb_distance\T04\T04_0723.csv,timestamp,float64,0.0,625,1690088411.0,KEEP candidate,
sensor_data\sub_data\uwb_distance\T04\T04_0723.csv,anchor_id,float64,0.0,9,1.0,IDENTIFIER,
sensor_data\sub_data\uwb_distance\T04\T04_0723.csv,distance_m,float64,0.0,794,10.07,UNKNOWN / NEEDS REVIEW,
sensor_data\sub_data\uwb_distance\T04\T04_0723.csv,n_samples,float64,0.0,6,5.0,UNKNOWN / NEEDS REVIEW,
sensor_data\sub_data\uwb_distance\T04\T04_0723.csv,LOS_probability,float64,0.0,99,98.0,UNKNOWN / NEEDS REVIEW,
sensor_data\sub_data\uwb_distance\T04\T04_0723.csv,RSSI_dBm,float64,0.0,234,-96.2,UNKNOWN / NEEDS REVIEW,
sensor_data\sub_data\uwb_distance\T04\T04_0724.csv,timestamp,float64,0.0,625,1690174811.0,KEEP candidate,
sensor_data\sub_data\uwb_distance\T04\T04_0724.csv,anchor_id,float64,0.0,9,1.0,IDENTIFIER,
sensor_data\sub_data\uwb_distance\T04\T04_0724.csv,distance_m,float64,0.0,595,10.14,UNKNOWN / NEEDS REVIEW,
sensor_data\sub_data\uwb_distance\T04\T04_0724.csv,n_samples,float64,0.0,6,5.0,UNKNOWN / NEEDS REVIEW,
sensor_data\sub_data\uwb_distance\T04\T04_0724.csv,LOS_probability,float64,0.0,95,96.0,UNKNOWN / NEEDS REVIEW,
sensor_data\sub_data\uwb_distance\T04\T04_0724.csv,RSSI_dBm,float64,0.0,238,-94.5,UNKNOWN / NEEDS REVIEW,
sensor_data\sub_data\uwb_distance\T04\T04_0725.csv,timestamp,float64,0.0,625,1690261211.0,KEEP candidate,
sensor_data\sub_data\uwb_distance\T04\T04_0725.csv,anchor_id,float64,0.0,9,1.0,IDENTIFIER,
sensor_data\sub_data\uwb_distance\T04\T04_0725.csv,distance_m,float64,0.0,520,12.83,UNKNOWN / NEEDS REVIEW,
sensor_data\sub_data\uwb_distance\T04\T04_0725.csv,n_samples,float64,0.0,6,5.0,UNKNOWN / NEEDS REVIEW,
sensor_data\sub_data\uwb_distance\T04\T04_0725.csv,LOS_probability,float64,0.0,102,0.0,UNKNOWN / NEEDS REVIEW,
sensor_data\sub_data\uwb_distance\T04\T04_0725.csv,RSSI_dBm,float64,0.0,233,-100.2,UNKNOWN / NEEDS REVIEW,
sensor_data\sub_data\uwb_distance\T04\T04_0726.csv,timestamp,float64,0.0,625,1690347611.0,KEEP candidate,
sensor_data\sub_data\uwb_distance\T04\T04_0726.csv,anchor_id,float64,0.0,9,1.0,IDENTIFIER,
sensor_data\sub_data\uwb_distance\T04\T04_0726.csv,distance_m,float64,0.0,594,10.21,UNKNOWN / NEEDS REVIEW,
sensor_data\sub_data\uwb_distance\T04\T04_0726.csv,n_samples,float64,0.0,6,1.0,UNKNOWN / NEEDS REVIEW,
sensor_data\sub_data\uwb_distance\T04\T04_0726.csv,LOS_probability,float64,0.0,101,100.0,UNKNOWN / NEEDS REVIEW,
sensor_data\sub_data\uwb_distance\T04\T04_0726.csv,RSSI_dBm,float64,0.0,252,-99.6,UNKNOWN / NEEDS REVIEW,
sensor_data\sub_data\uwb_distance\T04\T04_0727.csv,timestamp,float64,0.0,622,1690434011.0,KEEP candidate,
sensor_data\sub_data\uwb_distance\T04\T04_0727.csv,anchor_id,float64,0.0,9,1.0,IDENTIFIER,
sensor_data\sub_data\uwb_distance\T04\T04_0727.csv,distance_m,float64,0.0,524,8.64,UNKNOWN / NEEDS REVIEW,
sensor_data\sub_data\uwb_distance\T04\T04_0727.csv,n_samples,float64,0.0,6,5.0,UNKNOWN / NEEDS REVIEW,
sensor_data\sub_data\uwb_distance\T04\T04_0727.csv,LOS_probability,float64,0.0,105,97.0,UNKNOWN / NEEDS REVIEW,
sensor_data\sub_data\uwb_distance\T04\T04_0727.csv,RSSI_dBm,float64,0.0,253,-96.4,UNKNOWN / NEEDS REVIEW,
sensor_data\sub_data\uwb_distance\T04\T04_0728.csv,timestamp,float64,0.0,625,1690520411.0,KEEP candidate,
sensor_data\sub_data\uwb_distance\T04\T04_0728.csv,anchor_id,float64,0.0,9,1.0,IDENTIFIER,
sensor_data\sub_data\uwb_distance\T04\T04_0728.csv,distance_m,float64,0.0,761,16.44,UNKNOWN / NEEDS REVIEW,
sensor_data\sub_data\uwb_distance\T04\T04_0728.csv,n_samples,float64,0.0,6,5.0,UNKNOWN / NEEDS REVIEW,
sensor_data\sub_data\uwb_distance\T04\T04_0728.csv,LOS_probability,float64,0.0,102,94.0,UNKNOWN / NEEDS REVIEW,
sensor_data\sub_data\uwb_distance\T04\T04_0728.csv,RSSI_dBm,float64,0.0,266,-100.4,UNKNOWN / NEEDS REVIEW,
sensor_data\sub_data\uwb_distance\T04\T04_0729.csv,timestamp,float64,0.0,625,1690606811.0,KEEP candidate,
sensor_data\sub_data\uwb_distance\T04\T04_0729.csv,anchor_id,float64,0.0,9,1.0,IDENTIFIER,
sensor_data\sub_data\uwb_distance\T04\T04_0729.csv,distance_m,float64,0.0,968,8.77,UNKNOWN / NEEDS REVIEW,
sensor_data\sub_data\uwb_distance\T04\T04_0729.csv,n_samples,float64,0.0,6,5.0,UNKNOWN / NEEDS REVIEW,
sensor_data\sub_data\uwb_distance\T04\T04_0729.csv,LOS_probability,float64,0.0,102,0.0,UNKNOWN / NEEDS REVIEW,
sensor_data\sub_data\uwb_distance\T04\T04_0729.csv,RSSI_dBm,float64,0.0,255,-98.2,UNKNOWN / NEEDS REVIEW,
sensor_data\sub_data\uwb_distance\T04\T04_0730.csv,timestamp,float64,0.0,625,1690693211.0,KEEP candidate,
sensor_data\sub_data\uwb_distance\T04\T04_0730.csv,anchor_id,float64,0.0,9,1.0,IDENTIFIER,
sensor_data\sub_data\uwb_distance\T04\T04_0730.csv,distance_m,float64,0.0,493,11.13,UNKNOWN / NEEDS REVIEW,
sensor_data\sub_data\uwb_distance\T04\T04_0730.csv,n_samples,float64,0.0,6,5.0,UNKNOWN / NEEDS REVIEW,
sensor_data\sub_data\uwb_distance\T04\T04_0730.csv,LOS_probability,float64,0.0,103,0.0,UNKNOWN / NEEDS REVIEW,
sensor_data\sub_data\uwb_distance\T04\T04_0730.csv,RSSI_dBm,float64,0.0,247,-81.2,UNKNOWN / NEEDS REVIEW,
sensor_data\sub_data\uwb_distance\T04\T04_0731.csv,timestamp,float64,0.0,625,1690779611.0,KEEP candidate,
sensor_data\sub_data\uwb_distance\T04\T04_0731.csv,anchor_id,float64,0.0,9,1.0,IDENTIFIER,
sensor_data\sub_data\uwb_distance\T04\T04_0731.csv,distance_m,float64,0.0,953,8.54,UNKNOWN / NEEDS REVIEW,
sensor_data\sub_data\uwb_distance\T04\T04_0731.csv,n_samples,float64,0.0,6,5.0,UNKNOWN / NEEDS REVIEW,
sensor_data\sub_data\uwb_distance\T04\T04_0731.csv,LOS_probability,float64,0.0,95,99.0,UNKNOWN / NEEDS REVIEW,
sensor_data\sub_data\uwb_distance\T04\T04_0731.csv,RSSI_dBm,float64,0.0,240,-92.2,UNKNOWN / NEEDS REVIEW,
sensor_data\sub_data\uwb_distance\T04\T04_0801.csv,timestamp,float64,0.0,625,1690866026.0,KEEP candidate,
sensor_data\sub_data\uwb_distance\T04\T04_0801.csv,anchor_id,float64,0.0,9,1.0,IDENTIFIER,
sensor_data\sub_data\uwb_distance\T04\T04_0801.csv,distance_m,float64,0.0,1019,10.11,UNKNOWN / NEEDS REVIEW,
sensor_data\sub_data\uwb_distance\T04\T04_0801.csv,n_samples,float64,0.0,6,5.0,UNKNOWN / NEEDS REVIEW,
sensor_data\sub_data\uwb_distance\T04\T04_0801.csv,LOS_probability,float64,0.0,101,99.0,UNKNOWN / NEEDS REVIEW,
sensor_data\sub_data\uwb_distance\T04\T04_0801.csv,RSSI_dBm,float64,0.0,266,-94.2,UNKNOWN / NEEDS REVIEW,
sensor_data\sub_data\uwb_distance\T04\T04_0802.csv,timestamp,float64,0.0,625,1690952411.0,KEEP candidate,
sensor_data\sub_data\uwb_distance\T04\T04_0802.csv,anchor_id,float64,0.0,9,1.0,IDENTIFIER,
sensor_data\sub_data\uwb_distance\T04\T04_0802.csv,distance_m,float64,0.0,1051,10.08,UNKNOWN / NEEDS REVIEW,
sensor_data\sub_data\uwb_distance\T04\T04_0802.csv,n_samples,float64,0.0,6,1.0,UNKNOWN / NEEDS REVIEW,
sensor_data\sub_data\uwb_distance\T04\T04_0802.csv,LOS_probability,float64,0.0,98,77.0,UNKNOWN / NEEDS REVIEW,
sensor_data\sub_data\uwb_distance\T04\T04_0802.csv,RSSI_dBm,float64,0.0,293,-97.4,UNKNOWN / NEEDS REVIEW,
sensor_data\sub_data\uwb_distance\T04\T04_0803.csv,timestamp,float64,0.0,625,1691038811.0,KEEP candidate,
sensor_data\sub_data\uwb_distance\T04\T04_0803.csv,anchor_id,float64,0.0,9,1.0,IDENTIFIER,
sensor_data\sub_data\uwb_distance\T04\T04_0803.csv,distance_m,float64,0.0,909,7.35,UNKNOWN / NEEDS REVIEW,
sensor_data\sub_data\uwb_distance\T04\T04_0803.csv,n_samples,float64,0.0,6,5.0,UNKNOWN / NEEDS REVIEW,
sensor_data\sub_data\uwb_distance\T04\T04_0803.csv,LOS_probability,float64,0.0,97,95.0,UNKNOWN / NEEDS REVIEW,
sensor_data\sub_data\uwb_distance\T04\T04_0803.csv,RSSI_dBm,float64,0.0,243,-92.9,UNKNOWN / NEEDS REVIEW,
sensor_data\sub_data\uwb_distance\T04\T04_0804.csv,timestamp,float64,0.0,625,1691125211.0,KEEP candidate,
sensor_data\sub_data\uwb_distance\T04\T04_0804.csv,anchor_id,float64,0.0,9,1.0,IDENTIFIER,
sensor_data\sub_data\uwb_distance\T04\T04_0804.csv,distance_m,float64,0.0,515,7.19,UNKNOWN / NEEDS REVIEW,
sensor_data\sub_data\uwb_distance\T04\T04_0804.csv,n_samples,float64,0.0,6,5.0,UNKNOWN / NEEDS REVIEW,
sensor_data\sub_data\uwb_distance\T04\T04_0804.csv,LOS_probability,float64,0.0,96,0.0,UNKNOWN / NEEDS REVIEW,
sensor_data\sub_data\uwb_distance\T04\T04_0804.csv,RSSI_dBm,float64,0.0,217,-95.8,UNKNOWN / NEEDS REVIEW,
sensor_data\sub_data\uwb_distance\T05\T05_0721.csv,timestamp,float64,0.0,625,1689960611.0,KEEP candidate,
sensor_data\sub_data\uwb_distance\T05\T05_0721.csv,anchor_id,float64,0.0,9,1.0,IDENTIFIER,
sensor_data\sub_data\uwb_distance\T05\T05_0721.csv,distance_m,float64,0.0,1325,7.76,UNKNOWN / NEEDS REVIEW,
sensor_data\sub_data\uwb_distance\T05\T05_0721.csv,n_samples,float64,0.0,6,5.0,UNKNOWN / NEEDS REVIEW,
sensor_data\sub_data\uwb_distance\T05\T05_0721.csv,LOS_probability,float64,0.0,97,84.0,UNKNOWN / NEEDS REVIEW,
sensor_data\sub_data\uwb_distance\T05\T05_0721.csv,RSSI_dBm,float64,0.0,289,-89.1,UNKNOWN / NEEDS REVIEW,
sensor_data\sub_data\uwb_distance\T05\T05_0722.csv,timestamp,float64,0.0,625,1690002011.0,KEEP candidate,
sensor_data\sub_data\uwb_distance\T05\T05_0722.csv,anchor_id,float64,0.0,9,1.0,IDENTIFIER,
sensor_data\sub_data\uwb_distance\T05\T05_0722.csv,distance_m,float64,0.0,521,7.56,UNKNOWN / NEEDS REVIEW,
sensor_data\sub_data\uwb_distance\T05\T05_0722.csv,n_samples,float64,0.0,6,5.0,UNKNOWN / NEEDS REVIEW,
sensor_data\sub_data\uwb_distance\T05\T05_0722.csv,LOS_probability,float64,0.0,99,97.0,UNKNOWN / NEEDS REVIEW,
sensor_data\sub_data\uwb_distance\T05\T05_0722.csv,RSSI_dBm,float64,0.0,229,-94.0,UNKNOWN / NEEDS REVIEW,
sensor_data\sub_data\uwb_distance\T05\T05_0723.csv,timestamp,float64,0.0,625,1690088411.0,KEEP candidate,
sensor_data\sub_data\uwb_distance\T05\T05_0723.csv,anchor_id,float64,0.0,9,1.0,IDENTIFIER,
sensor_data\sub_data\uwb_distance\T05\T05_0723.csv,distance_m,float64,0.0,1060,16.24,UNKNOWN / NEEDS REVIEW,
sensor_data\sub_data\uwb_distance\T05\T05_0723.csv,n_samples,float64,0.0,6,5.0,UNKNOWN / NEEDS REVIEW,
sensor_data\sub_data\uwb_distance\T05\T05_0723.csv,LOS_probability,float64,0.0,94,90.0,UNKNOWN / NEEDS REVIEW,
sensor_data\sub_data\uwb_distance\T05\T05_0723.csv,RSSI_dBm,float64,0.0,265,-98.3,UNKNOWN / NEEDS REVIEW,
sensor_data\sub_data\uwb_distance\T05\T05_0724.csv,timestamp,float64,0.0,625,1690174811.0,KEEP candidate,
sensor_data\sub_data\uwb_distance\T05\T05_0724.csv,anchor_id,float64,0.0,9,1.0,IDENTIFIER,
sensor_data\sub_data\uwb_distance\T05\T05_0724.csv,distance_m,float64,0.0,1076,11.68,UNKNOWN / NEEDS REVIEW,
sensor_data\sub_data\uwb_distance\T05\T05_0724.csv,n_samples,float64,0.0,6,5.0,UNKNOWN / NEEDS REVIEW,
sensor_data\sub_data\uwb_distance\T05\T05_0724.csv,LOS_probability,float64,0.0,96,16.0,UNKNOWN / NEEDS REVIEW,
sensor_data\sub_data\uwb_distance\T05\T05_0724.csv,RSSI_dBm,float64,0.0,256,-100.0,UNKNOWN / NEEDS REVIEW,
sensor_data\sub_data\uwb_distance\T05\T05_0725.csv,timestamp,float64,0.0,625,1690261211.0,KEEP candidate,
sensor_data\sub_data\uwb_distance\T05\T05_0725.csv,anchor_id,float64,0.0,9,1.0,IDENTIFIER,
sensor_data\sub_data\uwb_distance\T05\T05_0725.csv,distance_m,float64,0.0,541,11.03,UNKNOWN / NEEDS REVIEW,
sensor_data\sub_data\uwb_distance\T05\T05_0725.csv,n_samples,float64,0.0,6,5.0,UNKNOWN / NEEDS REVIEW,
sensor_data\sub_data\uwb_distance\T05\T05_0725.csv,LOS_probability,float64,0.0,96,96.0,UNKNOWN / NEEDS REVIEW,
sensor_data\sub_data\uwb_distance\T05\T05_0725.csv,RSSI_dBm,float64,0.0,236,-94.0,UNKNOWN / NEEDS REVIEW,
sensor_data\sub_data\uwb_distance\T05\T05_0726.csv,timestamp,float64,0.0,625,1690347611.0,KEEP candidate,
sensor_data\sub_data\uwb_distance\T05\T05_0726.csv,anchor_id,float64,0.0,9,1.0,IDENTIFIER,
sensor_data\sub_data\uwb_distance\T05\T05_0726.csv,distance_m,float64,0.0,894,7.95,UNKNOWN / NEEDS REVIEW,
sensor_data\sub_data\uwb_distance\T05\T05_0726.csv,n_samples,float64,0.0,6,5.0,UNKNOWN / NEEDS REVIEW,
sensor_data\sub_data\uwb_distance\T05\T05_0726.csv,LOS_probability,float64,0.0,103,96.0,UNKNOWN / NEEDS REVIEW,
sensor_data\sub_data\uwb_distance\T05\T05_0726.csv,RSSI_dBm,float64,0.0,257,-100.1,UNKNOWN / NEEDS REVIEW,
sensor_data\sub_data\uwb_distance\T05\T05_0727.csv,timestamp,float64,0.0,625,1690434011.0,KEEP candidate,
sensor_data\sub_data\uwb_distance\T05\T05_0727.csv,anchor_id,float64,0.0,9,1.0,IDENTIFIER,
sensor_data\sub_data\uwb_distance\T05\T05_0727.csv,distance_m,float64,0.0,1099,10.29,UNKNOWN / NEEDS REVIEW,
sensor_data\sub_data\uwb_distance\T05\T05_0727.csv,n_samples,float64,0.0,6,5.0,UNKNOWN / NEEDS REVIEW,
sensor_data\sub_data\uwb_distance\T05\T05_0727.csv,LOS_probability,float64,0.0,102,39.0,UNKNOWN / NEEDS REVIEW,
sensor_data\sub_data\uwb_distance\T05\T05_0727.csv,RSSI_dBm,float64,0.0,271,-100.6,UNKNOWN / NEEDS REVIEW,
sensor_data\sub_data\uwb_distance\T05\T05_0728.csv,timestamp,float64,0.0,625,1690520411.0,KEEP candidate,
sensor_data\sub_data\uwb_distance\T05\T05_0728.csv,anchor_id,float64,0.0,9,1.0,IDENTIFIER,
sensor_data\sub_data\uwb_distance\T05\T05_0728.csv,distance_m,float64,0.0,1194,7.61,UNKNOWN / NEEDS REVIEW,
sensor_data\sub_data\uwb_distance\T05\T05_0728.csv,n_samples,float64,0.0,6,5.0,UNKNOWN / NEEDS REVIEW,
sensor_data\sub_data\uwb_distance\T05\T05_0728.csv,LOS_probability,float64,0.0,99,94.0,UNKNOWN / NEEDS REVIEW,
sensor_data\sub_data\uwb_distance\T05\T05_0728.csv,RSSI_dBm,float64,0.0,283,-89.9,UNKNOWN / NEEDS REVIEW,
sensor_data\sub_data\uwb_distance\T05\T05_0729.csv,timestamp,float64,0.0,625,1690606811.0,KEEP candidate,
sensor_data\sub_data\uwb_distance\T05\T05_0729.csv,anchor_id,float64,0.0,9,1.0,IDENTIFIER,
sensor_data\sub_data\uwb_distance\T05\T05_0729.csv,distance_m,float64,0.0,1116,7.63,UNKNOWN / NEEDS REVIEW,
sensor_data\sub_data\uwb_distance\T05\T05_0729.csv,n_samples,float64,0.0,6,5.0,UNKNOWN / NEEDS REVIEW,
sensor_data\sub_data\uwb_distance\T05\T05_0729.csv,LOS_probability,float64,0.0,98,97.0,UNKNOWN / NEEDS REVIEW,
sensor_data\sub_data\uwb_distance\T05\T05_0729.csv,RSSI_dBm,float64,0.0,265,-99.8,UNKNOWN / NEEDS REVIEW,
sensor_data\sub_data\uwb_distance\T05\T05_0730.csv,timestamp,float64,0.0,625,1690693211.0,KEEP candidate,
sensor_data\sub_data\uwb_distance\T05\T05_0730.csv,anchor_id,float64,0.0,9,1.0,IDENTIFIER,
sensor_data\sub_data\uwb_distance\T05\T05_0730.csv,distance_m,float64,0.0,654,7.55,UNKNOWN / NEEDS REVIEW,
sensor_data\sub_data\uwb_distance\T05\T05_0730.csv,n_samples,float64,0.0,6,5.0,UNKNOWN / NEEDS REVIEW,
sensor_data\sub_data\uwb_distance\T05\T05_0730.csv,LOS_probability,float64,0.0,102,0.0,UNKNOWN / NEEDS REVIEW,
sensor_data\sub_data\uwb_distance\T05\T05_0730.csv,RSSI_dBm,float64,0.0,247,-96.0,UNKNOWN / NEEDS REVIEW,
sensor_data\sub_data\uwb_distance\T05\T05_0731.csv,timestamp,float64,0.0,625,1690779611.0,KEEP candidate,
sensor_data\sub_data\uwb_distance\T05\T05_0731.csv,anchor_id,float64,0.0,9,1.0,IDENTIFIER,
sensor_data\sub_data\uwb_distance\T05\T05_0731.csv,distance_m,float64,0.0,900,7.31,UNKNOWN / NEEDS REVIEW,
sensor_data\sub_data\uwb_distance\T05\T05_0731.csv,n_samples,float64,0.0,6,5.0,UNKNOWN / NEEDS REVIEW,
sensor_data\sub_data\uwb_distance\T05\T05_0731.csv,LOS_probability,float64,0.0,93,85.0,UNKNOWN / NEEDS REVIEW,
sensor_data\sub_data\uwb_distance\T05\T05_0731.csv,RSSI_dBm,float64,0.0,245,-90.5,UNKNOWN / NEEDS REVIEW,
sensor_data\sub_data\uwb_distance\T05\T05_0801.csv,timestamp,float64,0.0,625,1690866011.0,KEEP candidate,
sensor_data\sub_data\uwb_distance\T05\T05_0801.csv,anchor_id,float64,0.0,9,1.0,IDENTIFIER,
sensor_data\sub_data\uwb_distance\T05\T05_0801.csv,distance_m,float64,0.0,1095,11.27,UNKNOWN / NEEDS REVIEW,
sensor_data\sub_data\uwb_distance\T05\T05_0801.csv,n_samples,float64,0.0,6,5.0,UNKNOWN / NEEDS REVIEW,
sensor_data\sub_data\uwb_distance\T05\T05_0801.csv,LOS_probability,float64,0.0,95,0.0,UNKNOWN / NEEDS REVIEW,
sensor_data\sub_data\uwb_distance\T05\T05_0801.csv,RSSI_dBm,float64,0.0,252,-95.8,UNKNOWN / NEEDS REVIEW,
sensor_data\sub_data\uwb_distance\T05\T05_0802.csv,timestamp,float64,0.0,625,1690952411.0,KEEP candidate,
sensor_data\sub_data\uwb_distance\T05\T05_0802.csv,anchor_id,float64,0.0,9,1.0,IDENTIFIER,
sensor_data\sub_data\uwb_distance\T05\T05_0802.csv,distance_m,float64,0.0,1307,7.64,UNKNOWN / NEEDS REVIEW,
sensor_data\sub_data\uwb_distance\T05\T05_0802.csv,n_samples,float64,0.0,6,1.0,UNKNOWN / NEEDS REVIEW,
sensor_data\sub_data\uwb_distance\T05\T05_0802.csv,LOS_probability,float64,0.0,101,100.0,UNKNOWN / NEEDS REVIEW,
sensor_data\sub_data\uwb_distance\T05\T05_0802.csv,RSSI_dBm,float64,0.0,294,-92.5,UNKNOWN / NEEDS REVIEW,
sensor_data\sub_data\uwb_distance\T05\T05_0803.csv,timestamp,float64,0.0,625,1691038811.0,KEEP candidate,
sensor_data\sub_data\uwb_distance\T05\T05_0803.csv,anchor_id,float64,0.0,9,1.0,IDENTIFIER,
sensor_data\sub_data\uwb_distance\T05\T05_0803.csv,distance_m,float64,0.0,608,6.22,UNKNOWN / NEEDS REVIEW,
sensor_data\sub_data\uwb_distance\T05\T05_0803.csv,n_samples,float64,0.0,6,5.0,UNKNOWN / NEEDS REVIEW,
sensor_data\sub_data\uwb_distance\T05\T05_0803.csv,LOS_probability,float64,0.0,101,95.0,UNKNOWN / NEEDS REVIEW,
sensor_data\sub_data\uwb_distance\T05\T05_0803.csv,RSSI_dBm,float64,0.0,231,-87.1,UNKNOWN / NEEDS REVIEW,
sensor_data\sub_data\uwb_distance\T05\T05_0804.csv,timestamp,float64,0.0,625,1691125211.0,KEEP candidate,
sensor_data\sub_data\uwb_distance\T05\T05_0804.csv,anchor_id,float64,0.0,9,1.0,IDENTIFIER,
sensor_data\sub_data\uwb_distance\T05\T05_0804.csv,distance_m,float64,0.0,702,5.94,UNKNOWN / NEEDS REVIEW,
sensor_data\sub_data\uwb_distance\T05\T05_0804.csv,n_samples,float64,0.0,6,1.0,UNKNOWN / NEEDS REVIEW,
sensor_data\sub_data\uwb_distance\T05\T05_0804.csv,LOS_probability,float64,0.0,98,100.0,UNKNOWN / NEEDS REVIEW,
sensor_data\sub_data\uwb_distance\T05\T05_0804.csv,RSSI_dBm,float64,0.0,245,-83.0,UNKNOWN / NEEDS REVIEW,
sensor_data\sub_data\uwb_distance\T06\T06_0721.csv,timestamp,float64,0.0,625,1689960611.0,KEEP candidate,
sensor_data\sub_data\uwb_distance\T06\T06_0721.csv,anchor_id,float64,0.0,9,1.0,IDENTIFIER,
sensor_data\sub_data\uwb_distance\T06\T06_0721.csv,distance_m,float64,0.0,1215,7.52,UNKNOWN / NEEDS REVIEW,
sensor_data\sub_data\uwb_distance\T06\T06_0721.csv,n_samples,float64,0.0,6,5.0,UNKNOWN / NEEDS REVIEW,
sensor_data\sub_data\uwb_distance\T06\T06_0721.csv,LOS_probability,float64,0.0,98,100.0,UNKNOWN / NEEDS REVIEW,
sensor_data\sub_data\uwb_distance\T06\T06_0721.csv,RSSI_dBm,float64,0.0,253,-95.0,UNKNOWN / NEEDS REVIEW,
sensor_data\sub_data\uwb_distance\T06\T06_0722.csv,timestamp,float64,0.0,625,1690002011.0,KEEP candidate,
sensor_data\sub_data\uwb_distance\T06\T06_0722.csv,anchor_id,float64,0.0,9,1.0,IDENTIFIER,
sensor_data\sub_data\uwb_distance\T06\T06_0722.csv,distance_m,float64,0.0,617,11.91,UNKNOWN / NEEDS REVIEW,
sensor_data\sub_data\uwb_distance\T06\T06_0722.csv,n_samples,float64,0.0,6,5.0,UNKNOWN / NEEDS REVIEW,
sensor_data\sub_data\uwb_distance\T06\T06_0722.csv,LOS_probability,float64,0.0,99,89.0,UNKNOWN / NEEDS REVIEW,
sensor_data\sub_data\uwb_distance\T06\T06_0722.csv,RSSI_dBm,float64,0.0,244,-100.0,UNKNOWN / NEEDS REVIEW,
sensor_data\sub_data\uwb_distance\T06\T06_0723.csv,timestamp,float64,0.0,625,1690088411.0,KEEP candidate,
sensor_data\sub_data\uwb_distance\T06\T06_0723.csv,anchor_id,float64,0.0,9,1.0,IDENTIFIER,
sensor_data\sub_data\uwb_distance\T06\T06_0723.csv,distance_m,float64,0.0,457,6.06,UNKNOWN / NEEDS REVIEW,
sensor_data\sub_data\uwb_distance\T06\T06_0723.csv,n_samples,float64,0.0,6,5.0,UNKNOWN / NEEDS REVIEW,
sensor_data\sub_data\uwb_distance\T06\T06_0723.csv,LOS_probability,float64,0.0,98,50.0,UNKNOWN / NEEDS REVIEW,
sensor_data\sub_data\uwb_distance\T06\T06_0723.csv,RSSI_dBm,float64,0.0,218,-92.9,UNKNOWN / NEEDS REVIEW,
sensor_data\sub_data\uwb_distance\T06\T06_0724.csv,timestamp,float64,0.0,625,1690174811.0,KEEP candidate,
sensor_data\sub_data\uwb_distance\T06\T06_0724.csv,anchor_id,float64,0.0,9,1.0,IDENTIFIER,
sensor_data\sub_data\uwb_distance\T06\T06_0724.csv,distance_m,float64,0.0,997,7.01,UNKNOWN / NEEDS REVIEW,
sensor_data\sub_data\uwb_distance\T06\T06_0724.csv,n_samples,float64,0.0,6,2.0,UNKNOWN / NEEDS REVIEW,
sensor_data\sub_data\uwb_distance\T06\T06_0724.csv,LOS_probability,float64,0.0,99,88.0,UNKNOWN / NEEDS REVIEW,
sensor_data\sub_data\uwb_distance\T06\T06_0724.csv,RSSI_dBm,float64,0.0,266,-93.5,UNKNOWN / NEEDS REVIEW,
sensor_data\sub_data\uwb_distance\T06\T06_0725.csv,timestamp,float64,0.0,625,1690261211.0,KEEP candidate,
sensor_data\sub_data\uwb_distance\T06\T06_0725.csv,anchor_id,float64,0.0,9,1.0,IDENTIFIER,
sensor_data\sub_data\uwb_distance\T06\T06_0725.csv,distance_m,float64,0.0,1104,6.17,UNKNOWN / NEEDS REVIEW,
sensor_data\sub_data\uwb_distance\T06\T06_0725.csv,n_samples,float64,0.0,6,5.0,UNKNOWN / NEEDS REVIEW,
sensor_data\sub_data\uwb_distance\T06\T06_0725.csv,LOS_probability,float64,0.0,98,89.0,UNKNOWN / NEEDS REVIEW,
sensor_data\sub_data\uwb_distance\T06\T06_0725.csv,RSSI_dBm,float64,0.0,259,-93.8,UNKNOWN / NEEDS REVIEW,
sensor_data\sub_data\uwb_distance\T06\T06_0726.csv,timestamp,float64,0.0,625,1690347611.0,KEEP candidate,
sensor_data\sub_data\uwb_distance\T06\T06_0726.csv,anchor_id,float64,0.0,9,1.0,IDENTIFIER,
sensor_data\sub_data\uwb_distance\T06\T06_0726.csv,distance_m,float64,0.0,918,11.87,UNKNOWN / NEEDS REVIEW,
sensor_data\sub_data\uwb_distance\T06\T06_0726.csv,n_samples,float64,0.0,6,5.0,UNKNOWN / NEEDS REVIEW,
sensor_data\sub_data\uwb_distance\T06\T06_0726.csv,LOS_probability,float64,0.0,100,95.0,UNKNOWN / NEEDS REVIEW,
sensor_data\sub_data\uwb_distance\T06\T06_0726.csv,RSSI_dBm,float64,0.0,246,-97.2,UNKNOWN / NEEDS REVIEW,
sensor_data\sub_data\uwb_distance\T06\T06_0727.csv,timestamp,float64,0.0,625,1690434011.0,KEEP candidate,
sensor_data\sub_data\uwb_distance\T06\T06_0727.csv,anchor_id,float64,0.0,9,1.0,IDENTIFIER,
sensor_data\sub_data\uwb_distance\T06\T06_0727.csv,distance_m,float64,0.0,784,6.37,UNKNOWN / NEEDS REVIEW,
sensor_data\sub_data\uwb_distance\T06\T06_0727.csv,n_samples,float64,0.0,6,5.0,UNKNOWN / NEEDS REVIEW,
sensor_data\sub_data\uwb_distance\T06\T06_0727.csv,LOS_probability,float64,0.0,99,83.0,UNKNOWN / NEEDS REVIEW,
sensor_data\sub_data\uwb_distance\T06\T06_0727.csv,RSSI_dBm,float64,0.0,247,-92.3,UNKNOWN / NEEDS REVIEW,
sensor_data\sub_data\uwb_distance\T06\T06_0728.csv,timestamp,float64,0.0,625,1690520411.0,KEEP candidate,
sensor_data\sub_data\uwb_distance\T06\T06_0728.csv,anchor_id,float64,0.0,9,1.0,IDENTIFIER,
sensor_data\sub_data\uwb_distance\T06\T06_0728.csv,distance_m,float64,0.0,801,6.17,UNKNOWN / NEEDS REVIEW,
sensor_data\sub_data\uwb_distance\T06\T06_0728.csv,n_samples,float64,0.0,6,5.0,UNKNOWN / NEEDS REVIEW,
sensor_data\sub_data\uwb_distance\T06\T06_0728.csv,LOS_probability,float64,0.0,96,98.0,UNKNOWN / NEEDS REVIEW,
sensor_data\sub_data\uwb_distance\T06\T06_0728.csv,RSSI_dBm,float64,0.0,249,-78.9,UNKNOWN / NEEDS REVIEW,
sensor_data\sub_data\uwb_distance\T06\T06_0729.csv,timestamp,float64,0.0,625,1690606811.0,KEEP candidate,
sensor_data\sub_data\uwb_distance\T06\T06_0729.csv,anchor_id,float64,0.0,9,1.0,IDENTIFIER,
sensor_data\sub_data\uwb_distance\T06\T06_0729.csv,distance_m,float64,0.0,851,6.08,UNKNOWN / NEEDS REVIEW,
sensor_data\sub_data\uwb_distance\T06\T06_0729.csv,n_samples,float64,0.0,6,5.0,UNKNOWN / NEEDS REVIEW,
sensor_data\sub_data\uwb_distance\T06\T06_0729.csv,LOS_probability,float64,0.0,99,96.0,UNKNOWN / NEEDS REVIEW,
sensor_data\sub_data\uwb_distance\T06\T06_0729.csv,RSSI_dBm,float64,0.0,244,-91.8,UNKNOWN / NEEDS REVIEW,
sensor_data\sub_data\uwb_distance\T06\T06_0730.csv,timestamp,float64,0.0,625,1690693211.0,KEEP candidate,
sensor_data\sub_data\uwb_distance\T06\T06_0730.csv,anchor_id,float64,0.0,9,1.0,IDENTIFIER,
sensor_data\sub_data\uwb_distance\T06\T06_0730.csv,distance_m,float64,0.0,574,12.82,UNKNOWN / NEEDS REVIEW,
sensor_data\sub_data\uwb_distance\T06\T06_0730.csv,n_samples,float64,0.0,6,5.0,UNKNOWN / NEEDS REVIEW,
sensor_data\sub_data\uwb_distance\T06\T06_0730.csv,LOS_probability,float64,0.0,91,0.0,UNKNOWN / NEEDS REVIEW,
sensor_data\sub_data\uwb_distance\T06\T06_0730.csv,RSSI_dBm,float64,0.0,233,-20.4,UNKNOWN / NEEDS REVIEW,
sensor_data\sub_data\uwb_distance\T06\T06_0731.csv,timestamp,float64,0.0,625,1690779611.0,KEEP candidate,
sensor_data\sub_data\uwb_distance\T06\T06_0731.csv,anchor_id,float64,0.0,9,1.0,IDENTIFIER,
sensor_data\sub_data\uwb_distance\T06\T06_0731.csv,distance_m,float64,0.0,737,12.77,UNKNOWN / NEEDS REVIEW,
sensor_data\sub_data\uwb_distance\T06\T06_0731.csv,n_samples,float64,0.0,6,5.0,UNKNOWN / NEEDS REVIEW,
sensor_data\sub_data\uwb_distance\T06\T06_0731.csv,LOS_probability,float64,0.0,99,97.0,UNKNOWN / NEEDS REVIEW,
sensor_data\sub_data\uwb_distance\T06\T06_0731.csv,RSSI_dBm,float64,0.0,246,-93.8,UNKNOWN / NEEDS REVIEW,
sensor_data\sub_data\uwb_distance\T06\T06_0801.csv,timestamp,float64,0.0,625,1690866011.0,KEEP candidate,
sensor_data\sub_data\uwb_distance\T06\T06_0801.csv,anchor_id,float64,0.0,9,1.0,IDENTIFIER,
sensor_data\sub_data\uwb_distance\T06\T06_0801.csv,distance_m,float64,0.0,896,6.04,UNKNOWN / NEEDS REVIEW,
sensor_data\sub_data\uwb_distance\T06\T06_0801.csv,n_samples,float64,0.0,6,5.0,UNKNOWN / NEEDS REVIEW,
sensor_data\sub_data\uwb_distance\T06\T06_0801.csv,LOS_probability,float64,0.0,98,95.0,UNKNOWN / NEEDS REVIEW,
sensor_data\sub_data\uwb_distance\T06\T06_0801.csv,RSSI_dBm,float64,0.0,255,-95.8,UNKNOWN / NEEDS REVIEW,
sensor_data\sub_data\uwb_distance\T06\T06_0802.csv,timestamp,float64,0.0,625,1690952411.0,KEEP candidate,
sensor_data\sub_data\uwb_distance\T06\T06_0802.csv,anchor_id,float64,0.0,9,1.0,IDENTIFIER,
sensor_data\sub_data\uwb_distance\T06\T06_0802.csv,distance_m,float64,0.0,672,10.6,UNKNOWN / NEEDS REVIEW,
sensor_data\sub_data\uwb_distance\T06\T06_0802.csv,n_samples,float64,0.0,6,5.0,UNKNOWN / NEEDS REVIEW,
sensor_data\sub_data\uwb_distance\T06\T06_0802.csv,LOS_probability,float64,0.0,97,80.0,UNKNOWN / NEEDS REVIEW,
sensor_data\sub_data\uwb_distance\T06\T06_0802.csv,RSSI_dBm,float64,0.0,245,-94.9,UNKNOWN / NEEDS REVIEW,
sensor_data\sub_data\uwb_distance\T06\T06_0803.csv,timestamp,float64,0.0,625,1691038811.0,KEEP candidate,
sensor_data\sub_data\uwb_distance\T06\T06_0803.csv,anchor_id,float64,0.0,9,1.0,IDENTIFIER,
sensor_data\sub_data\uwb_distance\T06\T06_0803.csv,distance_m,float64,0.0,1043,13.44,UNKNOWN / NEEDS REVIEW,
sensor_data\sub_data\uwb_distance\T06\T06_0803.csv,n_samples,float64,0.0,6,5.0,UNKNOWN / NEEDS REVIEW,
sensor_data\sub_data\uwb_distance\T06\T06_0803.csv,LOS_probability,float64,0.0,94,87.0,UNKNOWN / NEEDS REVIEW,
sensor_data\sub_data\uwb_distance\T06\T06_0803.csv,RSSI_dBm,float64,0.0,260,-93.2,UNKNOWN / NEEDS REVIEW,
sensor_data\sub_data\uwb_distance\T06\T06_0804.csv,timestamp,float64,0.0,625,1691125211.0,KEEP candidate,
sensor_data\sub_data\uwb_distance\T06\T06_0804.csv,anchor_id,float64,0.0,9,1.0,IDENTIFIER,
sensor_data\sub_data\uwb_distance\T06\T06_0804.csv,distance_m,float64,0.0,1080,8.95,UNKNOWN / NEEDS REVIEW,
sensor_data\sub_data\uwb_distance\T06\T06_0804.csv,n_samples,float64,0.0,6,5.0,UNKNOWN / NEEDS REVIEW,
sensor_data\sub_data\uwb_distance\T06\T06_0804.csv,LOS_probability,float64,0.0,98,0.0,UNKNOWN / NEEDS REVIEW,
sensor_data\sub_data\uwb_distance\T06\T06_0804.csv,RSSI_dBm,float64,0.0,255,-92.2,UNKNOWN / NEEDS REVIEW,
sensor_data\sub_data\uwb_distance\T07\T07_0721.csv,timestamp,float64,0.0,625,1689984011.0,KEEP candidate,
sensor_data\sub_data\uwb_distance\T07\T07_0721.csv,anchor_id,float64,0.0,9,-1.0,IDENTIFIER,
sensor_data\sub_data\uwb_distance\T07\T07_0721.csv,distance_m,float64,0.0,1115,-1.0,UNKNOWN / NEEDS REVIEW,
sensor_data\sub_data\uwb_distance\T07\T07_0721.csv,n_samples,float64,0.0,6,-1.0,UNKNOWN / NEEDS REVIEW,
sensor_data\sub_data\uwb_distance\T07\T07_0721.csv,LOS_probability,float64,0.0,103,-1.0,UNKNOWN / NEEDS REVIEW,
sensor_data\sub_data\uwb_distance\T07\T07_0721.csv,RSSI_dBm,float64,0.0,274,-0.1,UNKNOWN / NEEDS REVIEW,
sensor_data\sub_data\uwb_distance\T07\T07_0722.csv,timestamp,float64,0.0,625,1690002011.0,KEEP candidate,
sensor_data\sub_data\uwb_distance\T07\T07_0722.csv,anchor_id,float64,0.0,9,1.0,IDENTIFIER,
sensor_data\sub_data\uwb_distance\T07\T07_0722.csv,distance_m,float64,0.0,1003,15.29,UNKNOWN / NEEDS REVIEW,
sensor_data\sub_data\uwb_distance\T07\T07_0722.csv,n_samples,float64,0.0,6,4.0,UNKNOWN / NEEDS REVIEW,
sensor_data\sub_data\uwb_distance\T07\T07_0722.csv,LOS_probability,float64,0.0,101,75.0,UNKNOWN / NEEDS REVIEW,
sensor_data\sub_data\uwb_distance\T07\T07_0722.csv,RSSI_dBm,float64,0.0,270,-100.3,UNKNOWN / NEEDS REVIEW,
sensor_data\sub_data\uwb_distance\T07\T07_0723.csv,timestamp,float64,0.0,625,1690088411.0,KEEP candidate,
sensor_data\sub_data\uwb_distance\T07\T07_0723.csv,anchor_id,float64,0.0,9,1.0,IDENTIFIER,
sensor_data\sub_data\uwb_distance\T07\T07_0723.csv,distance_m,float64,0.0,635,11.93,UNKNOWN / NEEDS REVIEW,
sensor_data\sub_data\uwb_distance\T07\T07_0723.csv,n_samples,float64,0.0,6,5.0,UNKNOWN / NEEDS REVIEW,
sensor_data\sub_data\uwb_distance\T07\T07_0723.csv,LOS_probability,float64,0.0,105,0.0,UNKNOWN / NEEDS REVIEW,
sensor_data\sub_data\uwb_distance\T07\T07_0723.csv,RSSI_dBm,float64,0.0,228,-101.0,UNKNOWN / NEEDS REVIEW,
sensor_data\sub_data\uwb_distance\T07\T07_0724.csv,timestamp,float64,0.0,625,1690174811.0,KEEP candidate,
sensor_data\sub_data\uwb_distance\T07\T07_0724.csv,anchor_id,float64,0.0,9,1.0,IDENTIFIER,
sensor_data\sub_data\uwb_distance\T07\T07_0724.csv,distance_m,float64,0.0,508,6.68,UNKNOWN / NEEDS REVIEW,
sensor_data\sub_data\uwb_distance\T07\T07_0724.csv,n_samples,float64,0.0,6,5.0,UNKNOWN / NEEDS REVIEW,
sensor_data\sub_data\uwb_distance\T07\T07_0724.csv,LOS_probability,float64,0.0,101,96.0,UNKNOWN / NEEDS REVIEW,
sensor_data\sub_data\uwb_distance\T07\T07_0724.csv,RSSI_dBm,float64,0.0,226,-93.0,UNKNOWN / NEEDS REVIEW,
sensor_data\sub_data\uwb_distance\T07\T07_0725.csv,timestamp,float64,0.0,625,1690261211.0,KEEP candidate,
sensor_data\sub_data\uwb_distance\T07\T07_0725.csv,anchor_id,float64,0.0,9,1.0,IDENTIFIER,
sensor_data\sub_data\uwb_distance\T07\T07_0725.csv,distance_m,float64,0.0,948,12.93,UNKNOWN / NEEDS REVIEW,
sensor_data\sub_data\uwb_distance\T07\T07_0725.csv,n_samples,float64,0.0,6,5.0,UNKNOWN / NEEDS REVIEW,
sensor_data\sub_data\uwb_distance\T07\T07_0725.csv,LOS_probability,float64,0.0,101,20.0,UNKNOWN / NEEDS REVIEW,
sensor_data\sub_data\uwb_distance\T07\T07_0725.csv,RSSI_dBm,float64,0.0,245,-98.5,UNKNOWN / NEEDS REVIEW,
sensor_data\sub_data\uwb_distance\T07\T07_0726.csv,timestamp,float64,0.0,625,1690347611.0,KEEP candidate,
sensor_data\sub_data\uwb_distance\T07\T07_0726.csv,anchor_id,float64,0.0,9,1.0,IDENTIFIER,
sensor_data\sub_data\uwb_distance\T07\T07_0726.csv,distance_m,float64,0.0,614,10.38,UNKNOWN / NEEDS REVIEW,
sensor_data\sub_data\uwb_distance\T07\T07_0726.csv,n_samples,float64,0.0,6,5.0,UNKNOWN / NEEDS REVIEW,
sensor_data\sub_data\uwb_distance\T07\T07_0726.csv,LOS_probability,float64,0.0,104,62.0,UNKNOWN / NEEDS REVIEW,
sensor_data\sub_data\uwb_distance\T07\T07_0726.csv,RSSI_dBm,float64,0.0,234,-100.0,UNKNOWN / NEEDS REVIEW,
sensor_data\sub_data\uwb_distance\T07\T07_0727.csv,timestamp,float64,0.0,625,1690434011.0,KEEP candidate,
sensor_data\sub_data\uwb_distance\T07\T07_0727.csv,anchor_id,float64,0.0,9,-1.0,IDENTIFIER,
sensor_data\sub_data\uwb_distance\T07\T07_0727.csv,distance_m,float64,0.0,594,-1.0,UNKNOWN / NEEDS REVIEW,
sensor_data\sub_data\uwb_distance\T07\T07_0727.csv,n_samples,float64,0.0,6,-1.0,UNKNOWN / NEEDS REVIEW,
sensor_data\sub_data\uwb_distance\T07\T07_0727.csv,LOS_probability,float64,0.0,98,-1.0,UNKNOWN / NEEDS REVIEW,
sensor_data\sub_data\uwb_distance\T07\T07_0727.csv,RSSI_dBm,float64,0.0,231,-0.1,UNKNOWN / NEEDS REVIEW,
sensor_data\sub_data\uwb_distance\T07\T07_0728.csv,timestamp,float64,0.0,625,1690520411.0,KEEP candidate,
sensor_data\sub_data\uwb_distance\T07\T07_0728.csv,anchor_id,float64,0.0,9,1.0,IDENTIFIER,
sensor_data\sub_data\uwb_distance\T07\T07_0728.csv,distance_m,float64,0.0,645,14.3,UNKNOWN / NEEDS REVIEW,
sensor_data\sub_data\uwb_distance\T07\T07_0728.csv,n_samples,float64,0.0,6,5.0,UNKNOWN / NEEDS REVIEW,
sensor_data\sub_data\uwb_distance\T07\T07_0728.csv,LOS_probability,float64,0.0,100,0.0,UNKNOWN / NEEDS REVIEW,
sensor_data\sub_data\uwb_distance\T07\T07_0728.csv,RSSI_dBm,float64,0.0,254,0.0,UNKNOWN / NEEDS REVIEW,
sensor_data\sub_data\uwb_distance\T07\T07_0729.csv,timestamp,float64,0.0,625,1690606811.0,KEEP candidate,
sensor_data\sub_data\uwb_distance\T07\T07_0729.csv,anchor_id,float64,0.0,9,1.0,IDENTIFIER,
sensor_data\sub_data\uwb_distance\T07\T07_0729.csv,distance_m,float64,0.0,540,8.02,UNKNOWN / NEEDS REVIEW,
sensor_data\sub_data\uwb_distance\T07\T07_0729.csv,n_samples,float64,0.0,6,5.0,UNKNOWN / NEEDS REVIEW,
sensor_data\sub_data\uwb_distance\T07\T07_0729.csv,LOS_probability,float64,0.0,99,92.0,UNKNOWN / NEEDS REVIEW,
sensor_data\sub_data\uwb_distance\T07\T07_0729.csv,RSSI_dBm,float64,0.0,224,-94.1,UNKNOWN / NEEDS REVIEW,
sensor_data\sub_data\uwb_distance\T07\T07_0730.csv,timestamp,float64,0.0,625,1690693226.0,KEEP candidate,
sensor_data\sub_data\uwb_distance\T07\T07_0730.csv,anchor_id,float64,0.0,9,1.0,IDENTIFIER,
sensor_data\sub_data\uwb_distance\T07\T07_0730.csv,distance_m,float64,0.0,812,6.6,UNKNOWN / NEEDS REVIEW,
sensor_data\sub_data\uwb_distance\T07\T07_0730.csv,n_samples,float64,0.0,6,4.0,UNKNOWN / NEEDS REVIEW,
sensor_data\sub_data\uwb_distance\T07\T07_0730.csv,LOS_probability,float64,0.0,98,88.0,UNKNOWN / NEEDS REVIEW,
sensor_data\sub_data\uwb_distance\T07\T07_0730.csv,RSSI_dBm,float64,0.0,245,-87.0,UNKNOWN / NEEDS REVIEW,
sensor_data\sub_data\uwb_distance\T07\T07_0731.csv,timestamp,float64,0.0,625,1690779611.0,KEEP candidate,
sensor_data\sub_data\uwb_distance\T07\T07_0731.csv,anchor_id,float64,0.0,9,1.0,IDENTIFIER,
sensor_data\sub_data\uwb_distance\T07\T07_0731.csv,distance_m,float64,0.0,1026,8.14,UNKNOWN / NEEDS REVIEW,
sensor_data\sub_data\uwb_distance\T07\T07_0731.csv,n_samples,float64,0.0,6,5.0,UNKNOWN / NEEDS REVIEW,
sensor_data\sub_data\uwb_distance\T07\T07_0731.csv,LOS_probability,float64,0.0,101,0.0,UNKNOWN / NEEDS REVIEW,
sensor_data\sub_data\uwb_distance\T07\T07_0731.csv,RSSI_dBm,float64,0.0,259,-98.2,UNKNOWN / NEEDS REVIEW,
sensor_data\sub_data\uwb_distance\T07\T07_0801.csv,timestamp,float64,0.0,625,1690866011.0,KEEP candidate,
sensor_data\sub_data\uwb_distance\T07\T07_0801.csv,anchor_id,float64,0.0,9,1.0,IDENTIFIER,
sensor_data\sub_data\uwb_distance\T07\T07_0801.csv,distance_m,float64,0.0,886,12.1,UNKNOWN / NEEDS REVIEW,
sensor_data\sub_data\uwb_distance\T07\T07_0801.csv,n_samples,float64,0.0,6,5.0,UNKNOWN / NEEDS REVIEW,
sensor_data\sub_data\uwb_distance\T07\T07_0801.csv,LOS_probability,float64,0.0,103,99.0,UNKNOWN / NEEDS REVIEW,
sensor_data\sub_data\uwb_distance\T07\T07_0801.csv,RSSI_dBm,float64,0.0,260,-97.8,UNKNOWN / NEEDS REVIEW,
sensor_data\sub_data\uwb_distance\T07\T07_0802.csv,timestamp,float64,0.0,625,1690952411.0,KEEP candidate,
sensor_data\sub_data\uwb_distance\T07\T07_0802.csv,anchor_id,float64,0.0,9,1.0,IDENTIFIER,
sensor_data\sub_data\uwb_distance\T07\T07_0802.csv,distance_m,float64,0.0,703,10.58,UNKNOWN / NEEDS REVIEW,
sensor_data\sub_data\uwb_distance\T07\T07_0802.csv,n_samples,float64,0.0,6,5.0,UNKNOWN / NEEDS REVIEW,
sensor_data\sub_data\uwb_distance\T07\T07_0802.csv,LOS_probability,float64,0.0,100,0.0,UNKNOWN / NEEDS REVIEW,
sensor_data\sub_data\uwb_distance\T07\T07_0802.csv,RSSI_dBm,float64,0.0,247,-100.4,UNKNOWN / NEEDS REVIEW,
sensor_data\sub_data\uwb_distance\T07\T07_0803.csv,timestamp,float64,0.0,625,1691038811.0,KEEP candidate,
sensor_data\sub_data\uwb_distance\T07\T07_0803.csv,anchor_id,float64,0.0,9,1.0,IDENTIFIER,
sensor_data\sub_data\uwb_distance\T07\T07_0803.csv,distance_m,float64,0.0,923,7.44,UNKNOWN / NEEDS REVIEW,
sensor_data\sub_data\uwb_distance\T07\T07_0803.csv,n_samples,float64,0.0,6,5.0,UNKNOWN / NEEDS REVIEW,
sensor_data\sub_data\uwb_distance\T07\T07_0803.csv,LOS_probability,float64,0.0,102,100.0,UNKNOWN / NEEDS REVIEW,
sensor_data\sub_data\uwb_distance\T07\T07_0803.csv,RSSI_dBm,float64,0.0,269,-94.0,UNKNOWN / NEEDS REVIEW,
sensor_data\sub_data\uwb_distance\T07\T07_0804.csv,timestamp,float64,0.0,625,1691125211.0,KEEP candidate,
sensor_data\sub_data\uwb_distance\T07\T07_0804.csv,anchor_id,float64,0.0,9,1.0,IDENTIFIER,
sensor_data\sub_data\uwb_distance\T07\T07_0804.csv,distance_m,float64,0.0,609,11.82,UNKNOWN / NEEDS REVIEW,
sensor_data\sub_data\uwb_distance\T07\T07_0804.csv,n_samples,float64,0.0,6,5.0,UNKNOWN / NEEDS REVIEW,
sensor_data\sub_data\uwb_distance\T07\T07_0804.csv,LOS_probability,float64,0.0,103,95.0,UNKNOWN / NEEDS REVIEW,
sensor_data\sub_data\uwb_distance\T07\T07_0804.csv,RSSI_dBm,float64,0.0,241,-94.4,UNKNOWN / NEEDS REVIEW,
sensor_data\sub_data\uwb_distance\T08\T08_0721.csv,timestamp,float64,0.0,625,1689960611.0,KEEP candidate,
sensor_data\sub_data\uwb_distance\T08\T08_0721.csv,anchor_id,float64,0.0,9,1.0,IDENTIFIER,
sensor_data\sub_data\uwb_distance\T08\T08_0721.csv,distance_m,float64,0.0,1170,6.36,UNKNOWN / NEEDS REVIEW,
sensor_data\sub_data\uwb_distance\T08\T08_0721.csv,n_samples,float64,0.0,6,5.0,UNKNOWN / NEEDS REVIEW,
sensor_data\sub_data\uwb_distance\T08\T08_0721.csv,LOS_probability,float64,0.0,100,0.0,UNKNOWN / NEEDS REVIEW,
sensor_data\sub_data\uwb_distance\T08\T08_0721.csv,RSSI_dBm,float64,0.0,281,-82.9,UNKNOWN / NEEDS REVIEW,
sensor_data\sub_data\uwb_distance\T08\T08_0722.csv,timestamp,float64,0.0,625,1690002011.0,KEEP candidate,
sensor_data\sub_data\uwb_distance\T08\T08_0722.csv,anchor_id,float64,0.0,9,1.0,IDENTIFIER,
sensor_data\sub_data\uwb_distance\T08\T08_0722.csv,distance_m,float64,0.0,727,17.38,UNKNOWN / NEEDS REVIEW,
sensor_data\sub_data\uwb_distance\T08\T08_0722.csv,n_samples,float64,0.0,6,5.0,UNKNOWN / NEEDS REVIEW,
sensor_data\sub_data\uwb_distance\T08\T08_0722.csv,LOS_probability,float64,0.0,98,90.0,UNKNOWN / NEEDS REVIEW,
sensor_data\sub_data\uwb_distance\T08\T08_0722.csv,RSSI_dBm,float64,0.0,230,0.0,UNKNOWN / NEEDS REVIEW,
sensor_data\sub_data\uwb_distance\T08\T08_0723.csv,timestamp,float64,0.0,625,1690088411.0,KEEP candidate,
sensor_data\sub_data\uwb_distance\T08\T08_0723.csv,anchor_id,float64,0.0,9,1.0,IDENTIFIER,
sensor_data\sub_data\uwb_distance\T08\T08_0723.csv,distance_m,float64,0.0,966,8.77,UNKNOWN / NEEDS REVIEW,
sensor_data\sub_data\uwb_distance\T08\T08_0723.csv,n_samples,float64,0.0,6,5.0,UNKNOWN / NEEDS REVIEW,
sensor_data\sub_data\uwb_distance\T08\T08_0723.csv,LOS_probability,float64,0.0,101,98.0,UNKNOWN / NEEDS REVIEW,
sensor_data\sub_data\uwb_distance\T08\T08_0723.csv,RSSI_dBm,float64,0.0,260,-93.4,UNKNOWN / NEEDS REVIEW,
sensor_data\sub_data\uwb_distance\T08\T08_0724.csv,timestamp,float64,0.0,625,1690174811.0,KEEP candidate,
sensor_data\sub_data\uwb_distance\T08\T08_0724.csv,anchor_id,float64,0.0,9,1.0,IDENTIFIER,
sensor_data\sub_data\uwb_distance\T08\T08_0724.csv,distance_m,float64,0.0,940,7.11,UNKNOWN / NEEDS REVIEW,
sensor_data\sub_data\uwb_distance\T08\T08_0724.csv,n_samples,float64,0.0,6,5.0,UNKNOWN / NEEDS REVIEW,
sensor_data\sub_data\uwb_distance\T08\T08_0724.csv,LOS_probability,float64,0.0,98,98.0,UNKNOWN / NEEDS REVIEW,
sensor_data\sub_data\uwb_distance\T08\T08_0724.csv,RSSI_dBm,float64,0.0,244,-82.7,UNKNOWN / NEEDS REVIEW,
sensor_data\sub_data\uwb_distance\T08\T08_0725.csv,timestamp,float64,0.0,625,1690261211.0,KEEP candidate,
sensor_data\sub_data\uwb_distance\T08\T08_0725.csv,anchor_id,float64,0.0,9,1.0,IDENTIFIER,
sensor_data\sub_data\uwb_distance\T08\T08_0725.csv,distance_m,float64,0.0,877,8.89,UNKNOWN / NEEDS REVIEW,
sensor_data\sub_data\uwb_distance\T08\T08_0725.csv,n_samples,float64,0.0,6,5.0,UNKNOWN / NEEDS REVIEW,
sensor_data\sub_data\uwb_distance\T08\T08_0725.csv,LOS_probability,float64,0.0,101,0.0,UNKNOWN / NEEDS REVIEW,
sensor_data\sub_data\uwb_distance\T08\T08_0725.csv,RSSI_dBm,float64,0.0,246,-97.2,UNKNOWN / NEEDS REVIEW,
sensor_data\sub_data\uwb_distance\T08\T08_0726.csv,timestamp,float64,0.0,625,1690347611.0,KEEP candidate,
sensor_data\sub_data\uwb_distance\T08\T08_0726.csv,anchor_id,float64,0.0,9,1.0,IDENTIFIER,
sensor_data\sub_data\uwb_distance\T08\T08_0726.csv,distance_m,float64,0.0,633,7.96,UNKNOWN / NEEDS REVIEW,
sensor_data\sub_data\uwb_distance\T08\T08_0726.csv,n_samples,float64,0.0,6,3.0,UNKNOWN / NEEDS REVIEW,
sensor_data\sub_data\uwb_distance\T08\T08_0726.csv,LOS_probability,float64,0.0,98,98.0,UNKNOWN / NEEDS REVIEW,
sensor_data\sub_data\uwb_distance\T08\T08_0726.csv,RSSI_dBm,float64,0.0,226,-94.0,UNKNOWN / NEEDS REVIEW,
sensor_data\sub_data\uwb_distance\T08\T08_0727.csv,timestamp,float64,0.0,625,1690434011.0,KEEP candidate,
sensor_data\sub_data\uwb_distance\T08\T08_0727.csv,anchor_id,float64,0.0,9,1.0,IDENTIFIER,
sensor_data\sub_data\uwb_distance\T08\T08_0727.csv,distance_m,float64,0.0,624,6.89,UNKNOWN / NEEDS REVIEW,
sensor_data\sub_data\uwb_distance\T08\T08_0727.csv,n_samples,float64,0.0,6,5.0,UNKNOWN / NEEDS REVIEW,
sensor_data\sub_data\uwb_distance\T08\T08_0727.csv,LOS_probability,float64,0.0,100,83.0,UNKNOWN / NEEDS REVIEW,
sensor_data\sub_data\uwb_distance\T08\T08_0727.csv,RSSI_dBm,float64,0.0,231,-91.9,UNKNOWN / NEEDS REVIEW,
sensor_data\sub_data\uwb_distance\T08\T08_0728.csv,timestamp,float64,0.0,625,1690520411.0,KEEP candidate,
sensor_data\sub_data\uwb_distance\T08\T08_0728.csv,anchor_id,float64,0.0,9,1.0,IDENTIFIER,
sensor_data\sub_data\uwb_distance\T08\T08_0728.csv,distance_m,float64,0.0,979,9.94,UNKNOWN / NEEDS REVIEW,
sensor_data\sub_data\uwb_distance\T08\T08_0728.csv,n_samples,float64,0.0,6,5.0,UNKNOWN / NEEDS REVIEW,
sensor_data\sub_data\uwb_distance\T08\T08_0728.csv,LOS_probability,float64,0.0,103,0.0,UNKNOWN / NEEDS REVIEW,
sensor_data\sub_data\uwb_distance\T08\T08_0728.csv,RSSI_dBm,float64,0.0,242,-99.4,UNKNOWN / NEEDS REVIEW,
sensor_data\sub_data\uwb_distance\T08\T08_0729.csv,timestamp,float64,0.0,625,1690606811.0,KEEP candidate,
sensor_data\sub_data\uwb_distance\T08\T08_0729.csv,anchor_id,float64,0.0,9,1.0,IDENTIFIER,
sensor_data\sub_data\uwb_distance\T08\T08_0729.csv,distance_m,float64,0.0,891,9.67,UNKNOWN / NEEDS REVIEW,
sensor_data\sub_data\uwb_distance\T08\T08_0729.csv,n_samples,float64,0.0,6,5.0,UNKNOWN / NEEDS REVIEW,
sensor_data\sub_data\uwb_distance\T08\T08_0729.csv,LOS_probability,float64,0.0,97,2.0,UNKNOWN / NEEDS REVIEW,
sensor_data\sub_data\uwb_distance\T08\T08_0729.csv,RSSI_dBm,float64,0.0,244,-80.6,UNKNOWN / NEEDS REVIEW,
sensor_data\sub_data\uwb_distance\T08\T08_0730.csv,timestamp,float64,0.0,625,1690693211.0,KEEP candidate,
sensor_data\sub_data\uwb_distance\T08\T08_0730.csv,anchor_id,float64,0.0,9,1.0,IDENTIFIER,
sensor_data\sub_data\uwb_distance\T08\T08_0730.csv,distance_m,float64,0.0,960,7.42,UNKNOWN / NEEDS REVIEW,
sensor_data\sub_data\uwb_distance\T08\T08_0730.csv,n_samples,float64,0.0,6,5.0,UNKNOWN / NEEDS REVIEW,
sensor_data\sub_data\uwb_distance\T08\T08_0730.csv,LOS_probability,float64,0.0,101,93.0,UNKNOWN / NEEDS REVIEW,
sensor_data\sub_data\uwb_distance\T08\T08_0730.csv,RSSI_dBm,float64,0.0,251,-91.4,UNKNOWN / NEEDS REVIEW,
sensor_data\sub_data\uwb_distance\T08\T08_0731.csv,timestamp,float64,0.0,625,1690779611.0,KEEP candidate,
sensor_data\sub_data\uwb_distance\T08\T08_0731.csv,anchor_id,float64,0.0,9,1.0,IDENTIFIER,
sensor_data\sub_data\uwb_distance\T08\T08_0731.csv,distance_m,float64,0.0,1032,10.61,UNKNOWN / NEEDS REVIEW,
sensor_data\sub_data\uwb_distance\T08\T08_0731.csv,n_samples,float64,0.0,6,5.0,UNKNOWN / NEEDS REVIEW,
sensor_data\sub_data\uwb_distance\T08\T08_0731.csv,LOS_probability,float64,0.0,95,75.0,UNKNOWN / NEEDS REVIEW,
sensor_data\sub_data\uwb_distance\T08\T08_0731.csv,RSSI_dBm,float64,0.0,275,-97.0,UNKNOWN / NEEDS REVIEW,
sensor_data\sub_data\uwb_distance\T08\T08_0801.csv,timestamp,float64,0.0,625,1690866011.0,KEEP candidate,
sensor_data\sub_data\uwb_distance\T08\T08_0801.csv,anchor_id,float64,0.0,9,1.0,IDENTIFIER,
sensor_data\sub_data\uwb_distance\T08\T08_0801.csv,distance_m,float64,0.0,923,12.09,UNKNOWN / NEEDS REVIEW,
sensor_data\sub_data\uwb_distance\T08\T08_0801.csv,n_samples,float64,0.0,6,5.0,UNKNOWN / NEEDS REVIEW,
sensor_data\sub_data\uwb_distance\T08\T08_0801.csv,LOS_probability,float64,0.0,101,0.0,UNKNOWN / NEEDS REVIEW,
sensor_data\sub_data\uwb_distance\T08\T08_0801.csv,RSSI_dBm,float64,0.0,272,-95.0,UNKNOWN / NEEDS REVIEW,
sensor_data\sub_data\uwb_distance\T08\T08_0802.csv,timestamp,float64,0.0,625,1690952411.0,KEEP candidate,
sensor_data\sub_data\uwb_distance\T08\T08_0802.csv,anchor_id,float64,0.0,9,1.0,IDENTIFIER,
sensor_data\sub_data\uwb_distance\T08\T08_0802.csv,distance_m,float64,0.0,929,12.64,UNKNOWN / NEEDS REVIEW,
sensor_data\sub_data\uwb_distance\T08\T08_0802.csv,n_samples,float64,0.0,6,1.0,UNKNOWN / NEEDS REVIEW,
sensor_data\sub_data\uwb_distance\T08\T08_0802.csv,LOS_probability,float64,0.0,102,85.0,UNKNOWN / NEEDS REVIEW,
sensor_data\sub_data\uwb_distance\T08\T08_0802.csv,RSSI_dBm,float64,0.0,246,-95.3,UNKNOWN / NEEDS REVIEW,
sensor_data\sub_data\uwb_distance\T08\T08_0803.csv,timestamp,float64,0.0,625,1691038811.0,KEEP candidate,
sensor_data\sub_data\uwb_distance\T08\T08_0803.csv,anchor_id,float64,0.0,9,1.0,IDENTIFIER,
sensor_data\sub_data\uwb_distance\T08\T08_0803.csv,distance_m,float64,0.0,1210,14.69,UNKNOWN / NEEDS REVIEW,
sensor_data\sub_data\uwb_distance\T08\T08_0803.csv,n_samples,float64,0.0,6,2.0,UNKNOWN / NEEDS REVIEW,
sensor_data\sub_data\uwb_distance\T08\T08_0803.csv,LOS_probability,float64,0.0,100,95.0,UNKNOWN / NEEDS REVIEW,
sensor_data\sub_data\uwb_distance\T08\T08_0803.csv,RSSI_dBm,float64,0.0,274,-94.2,UNKNOWN / NEEDS REVIEW,
sensor_data\sub_data\uwb_distance\T08\T08_0804.csv,timestamp,float64,0.0,625,1691125211.0,KEEP candidate,
sensor_data\sub_data\uwb_distance\T08\T08_0804.csv,anchor_id,float64,0.0,9,1.0,IDENTIFIER,
sensor_data\sub_data\uwb_distance\T08\T08_0804.csv,distance_m,float64,0.0,890,7.15,UNKNOWN / NEEDS REVIEW,
sensor_data\sub_data\uwb_distance\T08\T08_0804.csv,n_samples,float64,0.0,6,5.0,UNKNOWN / NEEDS REVIEW,
sensor_data\sub_data\uwb_distance\T08\T08_0804.csv,LOS_probability,float64,0.0,98,92.0,UNKNOWN / NEEDS REVIEW,
sensor_data\sub_data\uwb_distance\T08\T08_0804.csv,RSSI_dBm,float64,0.0,249,-93.1,UNKNOWN / NEEDS REVIEW,
sensor_data\sub_data\uwb_distance\T09\T09_0721.csv,timestamp,float64,0.0,625,1689960611.0,KEEP candidate,
sensor_data\sub_data\uwb_distance\T09\T09_0721.csv,anchor_id,float64,0.0,9,1.0,IDENTIFIER,
sensor_data\sub_data\uwb_distance\T09\T09_0721.csv,distance_m,float64,0.0,1140,6.81,UNKNOWN / NEEDS REVIEW,
sensor_data\sub_data\uwb_distance\T09\T09_0721.csv,n_samples,float64,0.0,6,5.0,UNKNOWN / NEEDS REVIEW,
sensor_data\sub_data\uwb_distance\T09\T09_0721.csv,LOS_probability,float64,0.0,99,0.0,UNKNOWN / NEEDS REVIEW,
sensor_data\sub_data\uwb_distance\T09\T09_0721.csv,RSSI_dBm,float64,0.0,274,-99.7,UNKNOWN / NEEDS REVIEW,
sensor_data\sub_data\uwb_distance\T09\T09_0722.csv,timestamp,float64,0.0,625,1690002011.0,KEEP candidate,
sensor_data\sub_data\uwb_distance\T09\T09_0722.csv,anchor_id,float64,0.0,9,1.0,IDENTIFIER,
sensor_data\sub_data\uwb_distance\T09\T09_0722.csv,distance_m,float64,0.0,551,9.91,UNKNOWN / NEEDS REVIEW,
sensor_data\sub_data\uwb_distance\T09\T09_0722.csv,n_samples,float64,0.0,6,5.0,UNKNOWN / NEEDS REVIEW,
sensor_data\sub_data\uwb_distance\T09\T09_0722.csv,LOS_probability,float64,0.0,95,95.0,UNKNOWN / NEEDS REVIEW,
sensor_data\sub_data\uwb_distance\T09\T09_0722.csv,RSSI_dBm,float64,0.0,269,-94.8,UNKNOWN / NEEDS REVIEW,
sensor_data\sub_data\uwb_distance\T09\T09_0723.csv,timestamp,float64,0.0,625,1690088411.0,KEEP candidate,
sensor_data\sub_data\uwb_distance\T09\T09_0723.csv,anchor_id,float64,0.0,9,1.0,IDENTIFIER,
sensor_data\sub_data\uwb_distance\T09\T09_0723.csv,distance_m,float64,0.0,1219,8.0,UNKNOWN / NEEDS REVIEW,
sensor_data\sub_data\uwb_distance\T09\T09_0723.csv,n_samples,float64,0.0,6,5.0,UNKNOWN / NEEDS REVIEW,
sensor_data\sub_data\uwb_distance\T09\T09_0723.csv,LOS_probability,float64,0.0,100,94.0,UNKNOWN / NEEDS REVIEW,
sensor_data\sub_data\uwb_distance\T09\T09_0723.csv,RSSI_dBm,float64,0.0,287,-94.5,UNKNOWN / NEEDS REVIEW,
sensor_data\sub_data\uwb_distance\T09\T09_0724.csv,timestamp,float64,0.0,625,1690174811.0,KEEP candidate,
sensor_data\sub_data\uwb_distance\T09\T09_0724.csv,anchor_id,float64,0.0,9,1.0,IDENTIFIER,
sensor_data\sub_data\uwb_distance\T09\T09_0724.csv,distance_m,float64,0.0,926,7.95,UNKNOWN / NEEDS REVIEW,
sensor_data\sub_data\uwb_distance\T09\T09_0724.csv,n_samples,float64,0.0,6,1.0,UNKNOWN / NEEDS REVIEW,
sensor_data\sub_data\uwb_distance\T09\T09_0724.csv,LOS_probability,float64,0.0,95,100.0,UNKNOWN / NEEDS REVIEW,
sensor_data\sub_data\uwb_distance\T09\T09_0724.csv,RSSI_dBm,float64,0.0,242,-93.9,UNKNOWN / NEEDS REVIEW,
sensor_data\sub_data\uwb_distance\T09\T09_0725.csv,timestamp,float64,0.0,625,1690261211.0,KEEP candidate,
sensor_data\sub_data\uwb_distance\T09\T09_0725.csv,anchor_id,float64,0.0,9,1.0,IDENTIFIER,
sensor_data\sub_data\uwb_distance\T09\T09_0725.csv,distance_m,float64,0.0,913,19.24,UNKNOWN / NEEDS REVIEW,
sensor_data\sub_data\uwb_distance\T09\T09_0725.csv,n_samples,float64,0.0,6,5.0,UNKNOWN / NEEDS REVIEW,
sensor_data\sub_data\uwb_distance\T09\T09_0725.csv,LOS_probability,float64,0.0,100,0.0,UNKNOWN / NEEDS REVIEW,
sensor_data\sub_data\uwb_distance\T09\T09_0725.csv,RSSI_dBm,float64,0.0,270,-100.8,UNKNOWN / NEEDS REVIEW,
sensor_data\sub_data\uwb_distance\T09\T09_0726.csv,timestamp,float64,0.0,625,1690347611.0,KEEP candidate,
sensor_data\sub_data\uwb_distance\T09\T09_0726.csv,anchor_id,float64,0.0,9,1.0,IDENTIFIER,
sensor_data\sub_data\uwb_distance\T09\T09_0726.csv,distance_m,float64,0.0,573,6.72,UNKNOWN / NEEDS REVIEW,
sensor_data\sub_data\uwb_distance\T09\T09_0726.csv,n_samples,float64,0.0,6,5.0,UNKNOWN / NEEDS REVIEW,
sensor_data\sub_data\uwb_distance\T09\T09_0726.csv,LOS_probability,float64,0.0,101,91.0,UNKNOWN / NEEDS REVIEW,
sensor_data\sub_data\uwb_distance\T09\T09_0726.csv,RSSI_dBm,float64,0.0,240,-82.3,UNKNOWN / NEEDS REVIEW,
sensor_data\sub_data\uwb_distance\T09\T09_0727.csv,timestamp,float64,0.0,625,1690434011.0,KEEP candidate,
sensor_data\sub_data\uwb_distance\T09\T09_0727.csv,anchor_id,float64,0.0,9,1.0,IDENTIFIER,
sensor_data\sub_data\uwb_distance\T09\T09_0727.csv,distance_m,float64,0.0,1256,9.02,UNKNOWN / NEEDS REVIEW,
sensor_data\sub_data\uwb_distance\T09\T09_0727.csv,n_samples,float64,0.0,6,5.0,UNKNOWN / NEEDS REVIEW,
sensor_data\sub_data\uwb_distance\T09\T09_0727.csv,LOS_probability,float64,0.0,99,9.0,UNKNOWN / NEEDS REVIEW,
sensor_data\sub_data\uwb_distance\T09\T09_0727.csv,RSSI_dBm,float64,0.0,275,-99.8,UNKNOWN / NEEDS REVIEW,
sensor_data\sub_data\uwb_distance\T09\T09_0728.csv,timestamp,float64,0.0,625,1690520411.0,KEEP candidate,
sensor_data\sub_data\uwb_distance\T09\T09_0728.csv,anchor_id,float64,0.0,9,1.0,IDENTIFIER,
sensor_data\sub_data\uwb_distance\T09\T09_0728.csv,distance_m,float64,0.0,1172,8.71,UNKNOWN / NEEDS REVIEW,
sensor_data\sub_data\uwb_distance\T09\T09_0728.csv,n_samples,float64,0.0,6,5.0,UNKNOWN / NEEDS REVIEW,
sensor_data\sub_data\uwb_distance\T09\T09_0728.csv,LOS_probability,float64,0.0,103,98.0,UNKNOWN / NEEDS REVIEW,
sensor_data\sub_data\uwb_distance\T09\T09_0728.csv,RSSI_dBm,float64,0.0,267,-96.1,UNKNOWN / NEEDS REVIEW,
sensor_data\sub_data\uwb_distance\T09\T09_0729.csv,timestamp,float64,0.0,625,1690606811.0,KEEP candidate,
sensor_data\sub_data\uwb_distance\T09\T09_0729.csv,anchor_id,float64,0.0,9,1.0,IDENTIFIER,
sensor_data\sub_data\uwb_distance\T09\T09_0729.csv,distance_m,float64,0.0,1270,7.86,UNKNOWN / NEEDS REVIEW,
sensor_data\sub_data\uwb_distance\T09\T09_0729.csv,n_samples,float64,0.0,6,5.0,UNKNOWN / NEEDS REVIEW,
sensor_data\sub_data\uwb_distance\T09\T09_0729.csv,LOS_probability,float64,0.0,94,75.0,UNKNOWN / NEEDS REVIEW,
sensor_data\sub_data\uwb_distance\T09\T09_0729.csv,RSSI_dBm,float64,0.0,266,-95.0,UNKNOWN / NEEDS REVIEW,
sensor_data\sub_data\uwb_distance\T09\T09_0730.csv,timestamp,float64,0.0,625,1690693211.0,KEEP candidate,
sensor_data\sub_data\uwb_distance\T09\T09_0730.csv,anchor_id,float64,0.0,9,1.0,IDENTIFIER,
sensor_data\sub_data\uwb_distance\T09\T09_0730.csv,distance_m,float64,0.0,1221,8.05,UNKNOWN / NEEDS REVIEW,
sensor_data\sub_data\uwb_distance\T09\T09_0730.csv,n_samples,float64,0.0,6,5.0,UNKNOWN / NEEDS REVIEW,
sensor_data\sub_data\uwb_distance\T09\T09_0730.csv,LOS_probability,float64,0.0,97,91.0,UNKNOWN / NEEDS REVIEW,
sensor_data\sub_data\uwb_distance\T09\T09_0730.csv,RSSI_dBm,float64,0.0,271,-92.5,UNKNOWN / NEEDS REVIEW,
sensor_data\sub_data\uwb_distance\T09\T09_0731.csv,timestamp,float64,0.0,625,1690779611.0,KEEP candidate,
sensor_data\sub_data\uwb_distance\T09\T09_0731.csv,anchor_id,float64,0.0,9,1.0,IDENTIFIER,
sensor_data\sub_data\uwb_distance\T09\T09_0731.csv,distance_m,float64,0.0,1241,6.57,UNKNOWN / NEEDS REVIEW,
sensor_data\sub_data\uwb_distance\T09\T09_0731.csv,n_samples,float64,0.0,6,5.0,UNKNOWN / NEEDS REVIEW,
sensor_data\sub_data\uwb_distance\T09\T09_0731.csv,LOS_probability,float64,0.0,100,61.0,UNKNOWN / NEEDS REVIEW,
sensor_data\sub_data\uwb_distance\T09\T09_0731.csv,RSSI_dBm,float64,0.0,248,-83.6,UNKNOWN / NEEDS REVIEW,
sensor_data\sub_data\uwb_distance\T09\T09_0801.csv,timestamp,float64,0.0,625,1690866011.0,KEEP candidate,
sensor_data\sub_data\uwb_distance\T09\T09_0801.csv,anchor_id,float64,0.0,9,1.0,IDENTIFIER,
sensor_data\sub_data\uwb_distance\T09\T09_0801.csv,distance_m,float64,0.0,1347,8.35,UNKNOWN / NEEDS REVIEW,
sensor_data\sub_data\uwb_distance\T09\T09_0801.csv,n_samples,float64,0.0,6,5.0,UNKNOWN / NEEDS REVIEW,
sensor_data\sub_data\uwb_distance\T09\T09_0801.csv,LOS_probability,float64,0.0,100,0.0,UNKNOWN / NEEDS REVIEW,
sensor_data\sub_data\uwb_distance\T09\T09_0801.csv,RSSI_dBm,float64,0.0,253,-100.2,UNKNOWN / NEEDS REVIEW,
sensor_data\sub_data\uwb_distance\T09\T09_0802.csv,timestamp,float64,0.0,625,1690952411.0,KEEP candidate,
sensor_data\sub_data\uwb_distance\T09\T09_0802.csv,anchor_id,float64,0.0,9,1.0,IDENTIFIER,
sensor_data\sub_data\uwb_distance\T09\T09_0802.csv,distance_m,float64,0.0,581,6.69,UNKNOWN / NEEDS REVIEW,
sensor_data\sub_data\uwb_distance\T09\T09_0802.csv,n_samples,float64,0.0,6,5.0,UNKNOWN / NEEDS REVIEW,
sensor_data\sub_data\uwb_distance\T09\T09_0802.csv,LOS_probability,float64,0.0,98,97.0,UNKNOWN / NEEDS REVIEW,
sensor_data\sub_data\uwb_distance\T09\T09_0802.csv,RSSI_dBm,float64,0.0,248,-93.1,UNKNOWN / NEEDS REVIEW,
sensor_data\sub_data\uwb_distance\T09\T09_0803.csv,timestamp,float64,0.0,625,1691038811.0,KEEP candidate,
sensor_data\sub_data\uwb_distance\T09\T09_0803.csv,anchor_id,float64,0.0,9,1.0,IDENTIFIER,
sensor_data\sub_data\uwb_distance\T09\T09_0803.csv,distance_m,float64,0.0,1340,20.53,UNKNOWN / NEEDS REVIEW,
sensor_data\sub_data\uwb_distance\T09\T09_0803.csv,n_samples,float64,0.0,6,5.0,UNKNOWN / NEEDS REVIEW,
sensor_data\sub_data\uwb_distance\T09\T09_0803.csv,LOS_probability,float64,0.0,98,0.0,UNKNOWN / NEEDS REVIEW,
sensor_data\sub_data\uwb_distance\T09\T09_0803.csv,RSSI_dBm,float64,0.0,286,0.0,UNKNOWN / NEEDS REVIEW,
sensor_data\sub_data\uwb_distance\T09\T09_0804.csv,timestamp,float64,0.0,625,1691125211.0,KEEP candidate,
sensor_data\sub_data\uwb_distance\T09\T09_0804.csv,anchor_id,float64,0.0,9,-1.0,IDENTIFIER,
sensor_data\sub_data\uwb_distance\T09\T09_0804.csv,distance_m,float64,0.0,1020,-1.0,UNKNOWN / NEEDS REVIEW,
sensor_data\sub_data\uwb_distance\T09\T09_0804.csv,n_samples,float64,0.0,6,-1.0,UNKNOWN / NEEDS REVIEW,
sensor_data\sub_data\uwb_distance\T09\T09_0804.csv,LOS_probability,float64,0.0,98,-1.0,UNKNOWN / NEEDS REVIEW,
sensor_data\sub_data\uwb_distance\T09\T09_0804.csv,RSSI_dBm,float64,0.0,256,-0.1,UNKNOWN / NEEDS REVIEW,
sensor_data\sub_data\uwb_distance\T10\T10_0721.csv,timestamp,float64,0.0,625,1689960611.0,KEEP candidate,
sensor_data\sub_data\uwb_distance\T10\T10_0721.csv,anchor_id,float64,0.0,9,1.0,IDENTIFIER,
sensor_data\sub_data\uwb_distance\T10\T10_0721.csv,distance_m,float64,0.0,1073,5.67,UNKNOWN / NEEDS REVIEW,
sensor_data\sub_data\uwb_distance\T10\T10_0721.csv,n_samples,float64,0.0,6,5.0,UNKNOWN / NEEDS REVIEW,
sensor_data\sub_data\uwb_distance\T10\T10_0721.csv,LOS_probability,float64,0.0,104,96.0,UNKNOWN / NEEDS REVIEW,
sensor_data\sub_data\uwb_distance\T10\T10_0721.csv,RSSI_dBm,float64,0.0,261,-95.6,UNKNOWN / NEEDS REVIEW,
sensor_data\sub_data\uwb_distance\T10\T10_0722.csv,timestamp,float64,0.0,625,1690002011.0,KEEP candidate,
sensor_data\sub_data\uwb_distance\T10\T10_0722.csv,anchor_id,float64,0.0,9,1.0,IDENTIFIER,
sensor_data\sub_data\uwb_distance\T10\T10_0722.csv,distance_m,float64,0.0,998,6.2,UNKNOWN / NEEDS REVIEW,
sensor_data\sub_data\uwb_distance\T10\T10_0722.csv,n_samples,float64,0.0,6,5.0,UNKNOWN / NEEDS REVIEW,
sensor_data\sub_data\uwb_distance\T10\T10_0722.csv,LOS_probability,float64,0.0,101,0.0,UNKNOWN / NEEDS REVIEW,
sensor_data\sub_data\uwb_distance\T10\T10_0722.csv,RSSI_dBm,float64,0.0,248,-91.7,UNKNOWN / NEEDS REVIEW,
sensor_data\sub_data\uwb_distance\T10\T10_0723.csv,timestamp,float64,0.0,625,1690088411.0,KEEP candidate,
sensor_data\sub_data\uwb_distance\T10\T10_0723.csv,anchor_id,float64,0.0,9,1.0,IDENTIFIER,
sensor_data\sub_data\uwb_distance\T10\T10_0723.csv,distance_m,float64,0.0,532,6.81,UNKNOWN / NEEDS REVIEW,
sensor_data\sub_data\uwb_distance\T10\T10_0723.csv,n_samples,float64,0.0,6,5.0,UNKNOWN / NEEDS REVIEW,
sensor_data\sub_data\uwb_distance\T10\T10_0723.csv,LOS_probability,float64,0.0,95,0.0,UNKNOWN / NEEDS REVIEW,
sensor_data\sub_data\uwb_distance\T10\T10_0723.csv,RSSI_dBm,float64,0.0,236,-99.7,UNKNOWN / NEEDS REVIEW,
sensor_data\sub_data\uwb_distance\T10\T10_0724.csv,timestamp,float64,0.0,625,1690174811.0,KEEP candidate,
sensor_data\sub_data\uwb_distance\T10\T10_0724.csv,anchor_id,float64,0.0,9,-1.0,IDENTIFIER,
sensor_data\sub_data\uwb_distance\T10\T10_0724.csv,distance_m,float64,0.0,785,-1.0,UNKNOWN / NEEDS REVIEW,
sensor_data\sub_data\uwb_distance\T10\T10_0724.csv,n_samples,float64,0.0,6,-1.0,UNKNOWN / NEEDS REVIEW,
sensor_data\sub_data\uwb_distance\T10\T10_0724.csv,LOS_probability,float64,0.0,96,-1.0,UNKNOWN / NEEDS REVIEW,
sensor_data\sub_data\uwb_distance\T10\T10_0724.csv,RSSI_dBm,float64,0.0,252,-0.1,UNKNOWN / NEEDS REVIEW,
sensor_data\sub_data\uwb_distance\T10\T10_0725.csv,timestamp,float64,0.0,625,1690261211.0,KEEP candidate,
sensor_data\sub_data\uwb_distance\T10\T10_0725.csv,anchor_id,float64,0.0,9,1.0,IDENTIFIER,
sensor_data\sub_data\uwb_distance\T10\T10_0725.csv,distance_m,float64,0.0,568,12.21,UNKNOWN / NEEDS REVIEW,
sensor_data\sub_data\uwb_distance\T10\T10_0725.csv,n_samples,float64,0.0,6,5.0,UNKNOWN / NEEDS REVIEW,
sensor_data\sub_data\uwb_distance\T10\T10_0725.csv,LOS_probability,float64,0.0,97,95.0,UNKNOWN / NEEDS REVIEW,
sensor_data\sub_data\uwb_distance\T10\T10_0725.csv,RSSI_dBm,float64,0.0,249,-100.7,UNKNOWN / NEEDS REVIEW,
sensor_data\sub_data\uwb_distance\T10\T10_0726.csv,timestamp,float64,0.0,625,1690347611.0,KEEP candidate,
sensor_data\sub_data\uwb_distance\T10\T10_0726.csv,anchor_id,float64,0.0,9,1.0,IDENTIFIER,
sensor_data\sub_data\uwb_distance\T10\T10_0726.csv,distance_m,float64,0.0,1147,6.28,UNKNOWN / NEEDS REVIEW,
sensor_data\sub_data\uwb_distance\T10\T10_0726.csv,n_samples,float64,0.0,6,5.0,UNKNOWN / NEEDS REVIEW,
sensor_data\sub_data\uwb_distance\T10\T10_0726.csv,LOS_probability,float64,0.0,99,84.0,UNKNOWN / NEEDS REVIEW,
sensor_data\sub_data\uwb_distance\T10\T10_0726.csv,RSSI_dBm,float64,0.0,268,-94.2,UNKNOWN / NEEDS REVIEW,
sensor_data\sub_data\uwb_distance\T10\T10_0727.csv,timestamp,float64,0.0,625,1690434011.0,KEEP candidate,
sensor_data\sub_data\uwb_distance\T10\T10_0727.csv,anchor_id,float64,0.0,9,1.0,IDENTIFIER,
sensor_data\sub_data\uwb_distance\T10\T10_0727.csv,distance_m,float64,0.0,731,7.0,UNKNOWN / NEEDS REVIEW,
sensor_data\sub_data\uwb_distance\T10\T10_0727.csv,n_samples,float64,0.0,6,5.0,UNKNOWN / NEEDS REVIEW,
sensor_data\sub_data\uwb_distance\T10\T10_0727.csv,LOS_probability,float64,0.0,104,92.0,UNKNOWN / NEEDS REVIEW,
sensor_data\sub_data\uwb_distance\T10\T10_0727.csv,RSSI_dBm,float64,0.0,241,-91.8,UNKNOWN / NEEDS REVIEW,
sensor_data\sub_data\uwb_distance\T10\T10_0728.csv,timestamp,float64,0.0,625,1690520411.0,KEEP candidate,
sensor_data\sub_data\uwb_distance\T10\T10_0728.csv,anchor_id,float64,0.0,9,1.0,IDENTIFIER,
sensor_data\sub_data\uwb_distance\T10\T10_0728.csv,distance_m,float64,0.0,1005,16.74,UNKNOWN / NEEDS REVIEW,
sensor_data\sub_data\uwb_distance\T10\T10_0728.csv,n_samples,float64,0.0,6,5.0,UNKNOWN / NEEDS REVIEW,
sensor_data\sub_data\uwb_distance\T10\T10_0728.csv,LOS_probability,float64,0.0,96,76.0,UNKNOWN / NEEDS REVIEW,
sensor_data\sub_data\uwb_distance\T10\T10_0728.csv,RSSI_dBm,float64,0.0,261,-97.9,UNKNOWN / NEEDS REVIEW,
sensor_data\sub_data\uwb_distance\T10\T10_0729.csv,timestamp,float64,0.0,625,1690606811.0,KEEP candidate,
sensor_data\sub_data\uwb_distance\T10\T10_0729.csv,anchor_id,float64,0.0,9,1.0,IDENTIFIER,
sensor_data\sub_data\uwb_distance\T10\T10_0729.csv,distance_m,float64,0.0,1012,11.43,UNKNOWN / NEEDS REVIEW,
sensor_data\sub_data\uwb_distance\T10\T10_0729.csv,n_samples,float64,0.0,6,5.0,UNKNOWN / NEEDS REVIEW,
sensor_data\sub_data\uwb_distance\T10\T10_0729.csv,LOS_probability,float64,0.0,102,93.0,UNKNOWN / NEEDS REVIEW,
sensor_data\sub_data\uwb_distance\T10\T10_0729.csv,RSSI_dBm,float64,0.0,272,-97.0,UNKNOWN / NEEDS REVIEW,
sensor_data\sub_data\uwb_distance\T10\T10_0730.csv,timestamp,float64,0.0,625,1690693211.0,KEEP candidate,
sensor_data\sub_data\uwb_distance\T10\T10_0730.csv,anchor_id,float64,0.0,9,1.0,IDENTIFIER,
sensor_data\sub_data\uwb_distance\T10\T10_0730.csv,distance_m,float64,0.0,598,12.07,UNKNOWN / NEEDS REVIEW,
sensor_data\sub_data\uwb_distance\T10\T10_0730.csv,n_samples,float64,0.0,6,5.0,UNKNOWN / NEEDS REVIEW,
sensor_data\sub_data\uwb_distance\T10\T10_0730.csv,LOS_probability,float64,0.0,100,90.0,UNKNOWN / NEEDS REVIEW,
sensor_data\sub_data\uwb_distance\T10\T10_0730.csv,RSSI_dBm,float64,0.0,243,-97.4,UNKNOWN / NEEDS REVIEW,
sensor_data\sub_data\uwb_distance\T10\T10_0731.csv,timestamp,float64,0.0,625,1690779611.0,KEEP candidate,
sensor_data\sub_data\uwb_distance\T10\T10_0731.csv,anchor_id,float64,0.0,9,1.0,IDENTIFIER,
sensor_data\sub_data\uwb_distance\T10\T10_0731.csv,distance_m,float64,0.0,868,7.87,UNKNOWN / NEEDS REVIEW,
sensor_data\sub_data\uwb_distance\T10\T10_0731.csv,n_samples,float64,0.0,6,5.0,UNKNOWN / NEEDS REVIEW,
sensor_data\sub_data\uwb_distance\T10\T10_0731.csv,LOS_probability,float64,0.0,98,80.0,UNKNOWN / NEEDS REVIEW,
sensor_data\sub_data\uwb_distance\T10\T10_0731.csv,RSSI_dBm,float64,0.0,251,-93.4,UNKNOWN / NEEDS REVIEW,
sensor_data\sub_data\uwb_distance\T10\T10_0801.csv,timestamp,float64,0.0,625,1690866011.0,KEEP candidate,
sensor_data\sub_data\uwb_distance\T10\T10_0801.csv,anchor_id,float64,0.0,9,1.0,IDENTIFIER,
sensor_data\sub_data\uwb_distance\T10\T10_0801.csv,distance_m,float64,0.0,1025,11.6,UNKNOWN / NEEDS REVIEW,
sensor_data\sub_data\uwb_distance\T10\T10_0801.csv,n_samples,float64,0.0,6,5.0,UNKNOWN / NEEDS REVIEW,
sensor_data\sub_data\uwb_distance\T10\T10_0801.csv,LOS_probability,float64,0.0,102,59.0,UNKNOWN / NEEDS REVIEW,
sensor_data\sub_data\uwb_distance\T10\T10_0801.csv,RSSI_dBm,float64,0.0,277,-96.0,UNKNOWN / NEEDS REVIEW,
sensor_data\sub_data\uwb_distance\T10\T10_0802.csv,timestamp,float64,0.0,625,1690952411.0,KEEP candidate,
sensor_data\sub_data\uwb_distance\T10\T10_0802.csv,anchor_id,float64,0.0,9,1.0,IDENTIFIER,
sensor_data\sub_data\uwb_distance\T10\T10_0802.csv,distance_m,float64,0.0,1107,8.54,UNKNOWN / NEEDS REVIEW,
sensor_data\sub_data\uwb_distance\T10\T10_0802.csv,n_samples,float64,0.0,6,5.0,UNKNOWN / NEEDS REVIEW,
sensor_data\sub_data\uwb_distance\T10\T10_0802.csv,LOS_probability,float64,0.0,101,97.0,UNKNOWN / NEEDS REVIEW,
sensor_data\sub_data\uwb_distance\T10\T10_0802.csv,RSSI_dBm,float64,0.0,293,-94.9,UNKNOWN / NEEDS REVIEW,
sensor_data\sub_data\uwb_distance\T10\T10_0803.csv,timestamp,float64,0.0,625,1691038811.0,KEEP candidate,
sensor_data\sub_data\uwb_distance\T10\T10_0803.csv,anchor_id,float64,0.0,9,1.0,IDENTIFIER,
sensor_data\sub_data\uwb_distance\T10\T10_0803.csv,distance_m,float64,0.0,1084,8.43,UNKNOWN / NEEDS REVIEW,
sensor_data\sub_data\uwb_distance\T10\T10_0803.csv,n_samples,float64,0.0,6,5.0,UNKNOWN / NEEDS REVIEW,
sensor_data\sub_data\uwb_distance\T10\T10_0803.csv,LOS_probability,float64,0.0,97,0.0,UNKNOWN / NEEDS REVIEW,
sensor_data\sub_data\uwb_distance\T10\T10_0803.csv,RSSI_dBm,float64,0.0,261,-96.2,UNKNOWN / NEEDS REVIEW,
sensor_data\sub_data\uwb_distance\T10\T10_0804.csv,timestamp,float64,0.0,625,1691125211.0,KEEP candidate,
sensor_data\sub_data\uwb_distance\T10\T10_0804.csv,anchor_id,float64,0.0,9,1.0,IDENTIFIER,
sensor_data\sub_data\uwb_distance\T10\T10_0804.csv,distance_m,float64,0.0,834,15.95,UNKNOWN / NEEDS REVIEW,
sensor_data\sub_data\uwb_distance\T10\T10_0804.csv,n_samples,float64,0.0,6,5.0,UNKNOWN / NEEDS REVIEW,
sensor_data\sub_data\uwb_distance\T10\T10_0804.csv,LOS_probability,float64,0.0,101,0.0,UNKNOWN / NEEDS REVIEW,
sensor_data\sub_data\uwb_distance\T10\T10_0804.csv,RSSI_dBm,float64,0.0,264,0.0,UNKNOWN / NEEDS REVIEW,
sensor_data\sub_data\uwb_distance\T13\T13_0721.csv,timestamp,float64,0.0,625,1689985812.0,KEEP candidate,
sensor_data\sub_data\uwb_distance\T13\T13_0721.csv,anchor_id,float64,0.0,9,1.0,IDENTIFIER,
sensor_data\sub_data\uwb_distance\T13\T13_0721.csv,distance_m,float64,0.0,137,7.54,UNKNOWN / NEEDS REVIEW,
sensor_data\sub_data\uwb_distance\T13\T13_0721.csv,n_samples,float64,0.0,6,5.0,UNKNOWN / NEEDS REVIEW,
sensor_data\sub_data\uwb_distance\T13\T13_0721.csv,LOS_probability,float64,0.0,78,0.0,UNKNOWN / NEEDS REVIEW,
sensor_data\sub_data\uwb_distance\T13\T13_0721.csv,RSSI_dBm,float64,0.0,135,-97.9,UNKNOWN / NEEDS REVIEW,
sensor_data\sub_data\uwb_distance\T13\T13_0722.csv,timestamp,float64,0.0,625,1690002012.0,KEEP candidate,
sensor_data\sub_data\uwb_distance\T13\T13_0722.csv,anchor_id,float64,0.0,9,1.0,IDENTIFIER,
sensor_data\sub_data\uwb_distance\T13\T13_0722.csv,distance_m,float64,0.0,118,7.53,UNKNOWN / NEEDS REVIEW,
sensor_data\sub_data\uwb_distance\T13\T13_0722.csv,n_samples,float64,0.0,6,5.0,UNKNOWN / NEEDS REVIEW,
sensor_data\sub_data\uwb_distance\T13\T13_0722.csv,LOS_probability,float64,0.0,78,0.0,UNKNOWN / NEEDS REVIEW,
sensor_data\sub_data\uwb_distance\T13\T13_0722.csv,RSSI_dBm,float64,0.0,124,-99.7,UNKNOWN / NEEDS REVIEW,
sensor_data\sub_data\uwb_distance\T13\T13_0723.csv,timestamp,float64,0.0,625,1690088412.0,KEEP candidate,
sensor_data\sub_data\uwb_distance\T13\T13_0723.csv,anchor_id,float64,0.0,9,1.0,IDENTIFIER,
sensor_data\sub_data\uwb_distance\T13\T13_0723.csv,distance_m,float64,0.0,138,7.65,UNKNOWN / NEEDS REVIEW,
sensor_data\sub_data\uwb_distance\T13\T13_0723.csv,n_samples,float64,0.0,6,5.0,UNKNOWN / NEEDS REVIEW,
sensor_data\sub_data\uwb_distance\T13\T13_0723.csv,LOS_probability,float64,0.0,64,0.0,UNKNOWN / NEEDS REVIEW,
sensor_data\sub_data\uwb_distance\T13\T13_0723.csv,RSSI_dBm,float64,0.0,114,-99.2,UNKNOWN / NEEDS REVIEW,
sensor_data\sub_data\uwb_distance\T13\T13_0724.csv,timestamp,float64,0.0,625,1690174812.0,KEEP candidate,
sensor_data\sub_data\uwb_distance\T13\T13_0724.csv,anchor_id,float64,0.0,9,1.0,IDENTIFIER,
sensor_data\sub_data\uwb_distance\T13\T13_0724.csv,distance_m,float64,0.0,120,7.57,UNKNOWN / NEEDS REVIEW,
sensor_data\sub_data\uwb_distance\T13\T13_0724.csv,n_samples,float64,0.0,6,5.0,UNKNOWN / NEEDS REVIEW,
sensor_data\sub_data\uwb_distance\T13\T13_0724.csv,LOS_probability,float64,0.0,86,0.0,UNKNOWN / NEEDS REVIEW,
sensor_data\sub_data\uwb_distance\T13\T13_0724.csv,RSSI_dBm,float64,0.0,122,-97.5,UNKNOWN / NEEDS REVIEW,
sensor_data\sub_data\uwb_distance\T13\T13_0725.csv,timestamp,float64,0.0,625,1690261212.0,KEEP candidate,
sensor_data\sub_data\uwb_distance\T13\T13_0725.csv,anchor_id,float64,0.0,9,1.0,IDENTIFIER,
sensor_data\sub_data\uwb_distance\T13\T13_0725.csv,distance_m,float64,0.0,132,7.43,UNKNOWN / NEEDS REVIEW,
sensor_data\sub_data\uwb_distance\T13\T13_0725.csv,n_samples,float64,0.0,6,5.0,UNKNOWN / NEEDS REVIEW,
sensor_data\sub_data\uwb_distance\T13\T13_0725.csv,LOS_probability,float64,0.0,79,0.0,UNKNOWN / NEEDS REVIEW,
sensor_data\sub_data\uwb_distance\T13\T13_0725.csv,RSSI_dBm,float64,0.0,127,-99.3,UNKNOWN / NEEDS REVIEW,
sensor_data\sub_data\uwb_distance\T13\T13_0726.csv,timestamp,float64,0.0,625,1690347612.0,KEEP candidate,
sensor_data\sub_data\uwb_distance\T13\T13_0726.csv,anchor_id,float64,0.0,9,1.0,IDENTIFIER,
sensor_data\sub_data\uwb_distance\T13\T13_0726.csv,distance_m,float64,0.0,135,7.44,UNKNOWN / NEEDS REVIEW,
sensor_data\sub_data\uwb_distance\T13\T13_0726.csv,n_samples,float64,0.0,6,5.0,UNKNOWN / NEEDS REVIEW,
sensor_data\sub_data\uwb_distance\T13\T13_0726.csv,LOS_probability,float64,0.0,77,0.0,UNKNOWN / NEEDS REVIEW,
sensor_data\sub_data\uwb_distance\T13\T13_0726.csv,RSSI_dBm,float64,0.0,124,-99.3,UNKNOWN / NEEDS REVIEW,
sensor_data\sub_data\uwb_distance\T13\T13_0727.csv,timestamp,float64,0.0,625,1690434012.0,KEEP candidate,
sensor_data\sub_data\uwb_distance\T13\T13_0727.csv,anchor_id,float64,0.0,9,1.0,IDENTIFIER,
sensor_data\sub_data\uwb_distance\T13\T13_0727.csv,distance_m,float64,0.0,139,7.47,UNKNOWN / NEEDS REVIEW,
sensor_data\sub_data\uwb_distance\T13\T13_0727.csv,n_samples,float64,0.0,6,5.0,UNKNOWN / NEEDS REVIEW,
sensor_data\sub_data\uwb_distance\T13\T13_0727.csv,LOS_probability,float64,0.0,88,0.0,UNKNOWN / NEEDS REVIEW,
sensor_data\sub_data\uwb_distance\T13\T13_0727.csv,RSSI_dBm,float64,0.0,133,-80.3,UNKNOWN / NEEDS REVIEW,
sensor_data\sub_data\uwb_distance\T13\T13_0728.csv,timestamp,float64,0.0,625,1690520412.0,KEEP candidate,
sensor_data\sub_data\uwb_distance\T13\T13_0728.csv,anchor_id,float64,0.0,9,1.0,IDENTIFIER,
sensor_data\sub_data\uwb_distance\T13\T13_0728.csv,distance_m,float64,0.0,134,7.37,UNKNOWN / NEEDS REVIEW,
sensor_data\sub_data\uwb_distance\T13\T13_0728.csv,n_samples,float64,0.0,6,5.0,UNKNOWN / NEEDS REVIEW,
sensor_data\sub_data\uwb_distance\T13\T13_0728.csv,LOS_probability,float64,0.0,97,0.0,UNKNOWN / NEEDS REVIEW,
sensor_data\sub_data\uwb_distance\T13\T13_0728.csv,RSSI_dBm,float64,0.0,121,-99.8,UNKNOWN / NEEDS REVIEW,
sensor_data\sub_data\uwb_distance\T13\T13_0729.csv,timestamp,float64,0.0,625,1690606812.0,KEEP candidate,
sensor_data\sub_data\uwb_distance\T13\T13_0729.csv,anchor_id,float64,0.0,9,1.0,IDENTIFIER,
sensor_data\sub_data\uwb_distance\T13\T13_0729.csv,distance_m,float64,0.0,122,7.11,UNKNOWN / NEEDS REVIEW,
sensor_data\sub_data\uwb_distance\T13\T13_0729.csv,n_samples,float64,0.0,6,5.0,UNKNOWN / NEEDS REVIEW,
sensor_data\sub_data\uwb_distance\T13\T13_0729.csv,LOS_probability,float64,0.0,77,64.0,UNKNOWN / NEEDS REVIEW,
sensor_data\sub_data\uwb_distance\T13\T13_0729.csv,RSSI_dBm,float64,0.0,128,-97.7,UNKNOWN / NEEDS REVIEW,
sensor_data\sub_data\uwb_distance\T13\T13_0730.csv,timestamp,float64,0.0,625,1690693212.0,KEEP candidate,
sensor_data\sub_data\uwb_distance\T13\T13_0730.csv,anchor_id,float64,0.0,9,1.0,IDENTIFIER,
sensor_data\sub_data\uwb_distance\T13\T13_0730.csv,distance_m,float64,0.0,127,7.22,UNKNOWN / NEEDS REVIEW,
sensor_data\sub_data\uwb_distance\T13\T13_0730.csv,n_samples,float64,0.0,6,5.0,UNKNOWN / NEEDS REVIEW,
sensor_data\sub_data\uwb_distance\T13\T13_0730.csv,LOS_probability,float64,0.0,87,0.0,UNKNOWN / NEEDS REVIEW,
sensor_data\sub_data\uwb_distance\T13\T13_0730.csv,RSSI_dBm,float64,0.0,144,-100.1,UNKNOWN / NEEDS REVIEW,
sensor_data\sub_data\uwb_distance\T13\T13_0731.csv,timestamp,float64,0.0,625,1690779612.0,KEEP candidate,
sensor_data\sub_data\uwb_distance\T13\T13_0731.csv,anchor_id,float64,0.0,9,1.0,IDENTIFIER,
sensor_data\sub_data\uwb_distance\T13\T13_0731.csv,distance_m,float64,0.0,95,7.21,UNKNOWN / NEEDS REVIEW,
sensor_data\sub_data\uwb_distance\T13\T13_0731.csv,n_samples,float64,0.0,6,5.0,UNKNOWN / NEEDS REVIEW,
sensor_data\sub_data\uwb_distance\T13\T13_0731.csv,LOS_probability,float64,0.0,88,0.0,UNKNOWN / NEEDS REVIEW,
sensor_data\sub_data\uwb_distance\T13\T13_0731.csv,RSSI_dBm,float64,0.0,151,-99.3,UNKNOWN / NEEDS REVIEW,
sensor_data\sub_data\uwb_distance\T13\T13_0801.csv,timestamp,float64,0.0,625,1690866012.0,KEEP candidate,
sensor_data\sub_data\uwb_distance\T13\T13_0801.csv,anchor_id,float64,0.0,9,1.0,IDENTIFIER,
sensor_data\sub_data\uwb_distance\T13\T13_0801.csv,distance_m,float64,0.0,166,7.31,UNKNOWN / NEEDS REVIEW,
sensor_data\sub_data\uwb_distance\T13\T13_0801.csv,n_samples,float64,0.0,6,5.0,UNKNOWN / NEEDS REVIEW,
sensor_data\sub_data\uwb_distance\T13\T13_0801.csv,LOS_probability,float64,0.0,80,0.0,UNKNOWN / NEEDS REVIEW,
sensor_data\sub_data\uwb_distance\T13\T13_0801.csv,RSSI_dBm,float64,0.0,169,-99.6,UNKNOWN / NEEDS REVIEW,
sensor_data\sub_data\uwb_distance\T13\T13_0802.csv,timestamp,float64,0.0,625,1690952412.0,KEEP candidate,
sensor_data\sub_data\uwb_distance\T13\T13_0802.csv,anchor_id,float64,0.0,9,1.0,IDENTIFIER,
sensor_data\sub_data\uwb_distance\T13\T13_0802.csv,distance_m,float64,0.0,155,7.33,UNKNOWN / NEEDS REVIEW,
sensor_data\sub_data\uwb_distance\T13\T13_0802.csv,n_samples,float64,0.0,6,5.0,UNKNOWN / NEEDS REVIEW,
sensor_data\sub_data\uwb_distance\T13\T13_0802.csv,LOS_probability,float64,0.0,89,0.0,UNKNOWN / NEEDS REVIEW,
sensor_data\sub_data\uwb_distance\T13\T13_0802.csv,RSSI_dBm,float64,0.0,157,-100.0,UNKNOWN / NEEDS REVIEW,
sensor_data\sub_data\uwb_distance\T13\T13_0803.csv,timestamp,float64,0.0,625,1691038812.0,KEEP candidate,
sensor_data\sub_data\uwb_distance\T13\T13_0803.csv,anchor_id,float64,0.0,9,1.0,IDENTIFIER,
sensor_data\sub_data\uwb_distance\T13\T13_0803.csv,distance_m,float64,0.0,165,7.37,UNKNOWN / NEEDS REVIEW,
sensor_data\sub_data\uwb_distance\T13\T13_0803.csv,n_samples,float64,0.0,6,5.0,UNKNOWN / NEEDS REVIEW,
sensor_data\sub_data\uwb_distance\T13\T13_0803.csv,LOS_probability,float64,0.0,91,0.0,UNKNOWN / NEEDS REVIEW,
sensor_data\sub_data\uwb_distance\T13\T13_0803.csv,RSSI_dBm,float64,0.0,146,-99.5,UNKNOWN / NEEDS REVIEW,
sensor_data\sub_data\uwb_distance\T13\T13_0804.csv,timestamp,float64,0.0,625,1691125212.0,KEEP candidate,
sensor_data\sub_data\uwb_distance\T13\T13_0804.csv,anchor_id,float64,0.0,9,1.0,IDENTIFIER,
sensor_data\sub_data\uwb_distance\T13\T13_0804.csv,distance_m,float64,0.0,100,7.36,UNKNOWN / NEEDS REVIEW,
sensor_data\sub_data\uwb_distance\T13\T13_0804.csv,n_samples,float64,0.0,6,5.0,UNKNOWN / NEEDS REVIEW,
sensor_data\sub_data\uwb_distance\T13\T13_0804.csv,LOS_probability,float64,0.0,72,0.0,UNKNOWN / NEEDS REVIEW,
sensor_data\sub_data\uwb_distance\T13\T13_0804.csv,RSSI_dBm,float64,0.0,123,-99.4,UNKNOWN / NEEDS REVIEW,
sensor_data\sub_data\uwb_distance\T14\T14_0721.csv,timestamp,float64,0.0,625,1689962412.0,KEEP candidate,
sensor_data\sub_data\uwb_distance\T14\T14_0721.csv,anchor_id,float64,0.0,8,1.0,IDENTIFIER,
sensor_data\sub_data\uwb_distance\T14\T14_0721.csv,distance_m,float64,0.0,96,14.82,UNKNOWN / NEEDS REVIEW,
sensor_data\sub_data\uwb_distance\T14\T14_0721.csv,n_samples,float64,0.0,5,5.0,UNKNOWN / NEEDS REVIEW,
sensor_data\sub_data\uwb_distance\T14\T14_0721.csv,LOS_probability,float64,0.0,48,0.0,UNKNOWN / NEEDS REVIEW,
sensor_data\sub_data\uwb_distance\T14\T14_0721.csv,RSSI_dBm,float64,0.0,178,-96.8,UNKNOWN / NEEDS REVIEW,
sensor_data\sub_data\uwb_distance\T14\T14_0722.csv,timestamp,float64,0.0,625,1690002012.0,KEEP candidate,
sensor_data\sub_data\uwb_distance\T14\T14_0722.csv,anchor_id,float64,0.0,9,1.0,IDENTIFIER,
sensor_data\sub_data\uwb_distance\T14\T14_0722.csv,distance_m,float64,0.0,65,14.78,UNKNOWN / NEEDS REVIEW,
sensor_data\sub_data\uwb_distance\T14\T14_0722.csv,n_samples,float64,0.0,6,5.0,UNKNOWN / NEEDS REVIEW,
sensor_data\sub_data\uwb_distance\T14\T14_0722.csv,LOS_probability,float64,0.0,42,0.0,UNKNOWN / NEEDS REVIEW,
sensor_data\sub_data\uwb_distance\T14\T14_0722.csv,RSSI_dBm,float64,0.0,137,-96.5,UNKNOWN / NEEDS REVIEW,
sensor_data\sub_data\uwb_distance\T14\T14_0723.csv,timestamp,float64,0.0,625,1690088412.0,KEEP candidate,
sensor_data\sub_data\uwb_distance\T14\T14_0723.csv,anchor_id,float64,0.0,9,1.0,IDENTIFIER,
sensor_data\sub_data\uwb_distance\T14\T14_0723.csv,distance_m,float64,0.0,195,14.77,UNKNOWN / NEEDS REVIEW,
sensor_data\sub_data\uwb_distance\T14\T14_0723.csv,n_samples,float64,0.0,6,5.0,UNKNOWN / NEEDS REVIEW,
sensor_data\sub_data\uwb_distance\T14\T14_0723.csv,LOS_probability,float64,0.0,66,0.0,UNKNOWN / NEEDS REVIEW,
sensor_data\sub_data\uwb_distance\T14\T14_0723.csv,RSSI_dBm,float64,0.0,180,-96.2,UNKNOWN / NEEDS REVIEW,
sensor_data\sub_data\uwb_distance\T14\T14_0724.csv,timestamp,float64,0.0,625,1690174812.0,KEEP candidate,
sensor_data\sub_data\uwb_distance\T14\T14_0724.csv,anchor_id,float64,0.0,9,1.0,IDENTIFIER,
sensor_data\sub_data\uwb_distance\T14\T14_0724.csv,distance_m,float64,0.0,94,14.77,UNKNOWN / NEEDS REVIEW,
sensor_data\sub_data\uwb_distance\T14\T14_0724.csv,n_samples,float64,0.0,6,5.0,UNKNOWN / NEEDS REVIEW,
sensor_data\sub_data\uwb_distance\T14\T14_0724.csv,LOS_probability,float64,0.0,43,0.0,UNKNOWN / NEEDS REVIEW,
sensor_data\sub_data\uwb_distance\T14\T14_0724.csv,RSSI_dBm,float64,0.0,148,-96.4,UNKNOWN / NEEDS REVIEW,
sensor_data\sub_data\uwb_distance\T14\T14_0725.csv,timestamp,float64,0.0,625,1690261212.0,KEEP candidate,
sensor_data\sub_data\uwb_distance\T14\T14_0725.csv,anchor_id,float64,0.0,9,1.0,IDENTIFIER,
sensor_data\sub_data\uwb_distance\T14\T14_0725.csv,distance_m,float64,0.0,188,14.76,UNKNOWN / NEEDS REVIEW,
sensor_data\sub_data\uwb_distance\T14\T14_0725.csv,n_samples,float64,0.0,6,5.0,UNKNOWN / NEEDS REVIEW,
sensor_data\sub_data\uwb_distance\T14\T14_0725.csv,LOS_probability,float64,0.0,72,0.0,UNKNOWN / NEEDS REVIEW,
sensor_data\sub_data\uwb_distance\T14\T14_0725.csv,RSSI_dBm,float64,0.0,180,-95.8,UNKNOWN / NEEDS REVIEW,
sensor_data\sub_data\uwb_distance\T14\T14_0726.csv,timestamp,float64,0.0,625,1690347612.0,KEEP candidate,
sensor_data\sub_data\uwb_distance\T14\T14_0726.csv,anchor_id,float64,0.0,9,1.0,IDENTIFIER,
sensor_data\sub_data\uwb_distance\T14\T14_0726.csv,distance_m,float64,0.0,171,14.76,UNKNOWN / NEEDS REVIEW,
sensor_data\sub_data\uwb_distance\T14\T14_0726.csv,n_samples,float64,0.0,6,5.0,UNKNOWN / NEEDS REVIEW,
sensor_data\sub_data\uwb_distance\T14\T14_0726.csv,LOS_probability,float64,0.0,67,0.0,UNKNOWN / NEEDS REVIEW,
sensor_data\sub_data\uwb_distance\T14\T14_0726.csv,RSSI_dBm,float64,0.0,168,-96.1,UNKNOWN / NEEDS REVIEW,
sensor_data\sub_data\uwb_distance\T14\T14_0727.csv,timestamp,float64,0.0,625,1690434012.0,KEEP candidate,
sensor_data\sub_data\uwb_distance\T14\T14_0727.csv,anchor_id,float64,0.0,9,1.0,IDENTIFIER,
sensor_data\sub_data\uwb_distance\T14\T14_0727.csv,distance_m,float64,0.0,64,14.78,UNKNOWN / NEEDS REVIEW,
sensor_data\sub_data\uwb_distance\T14\T14_0727.csv,n_samples,float64,0.0,6,5.0,UNKNOWN / NEEDS REVIEW,
sensor_data\sub_data\uwb_distance\T14\T14_0727.csv,LOS_probability,float64,0.0,43,0.0,UNKNOWN / NEEDS REVIEW,
sensor_data\sub_data\uwb_distance\T14\T14_0727.csv,RSSI_dBm,float64,0.0,138,-96.6,UNKNOWN / NEEDS REVIEW,
sensor_data\sub_data\uwb_distance\T14\T14_0728.csv,timestamp,float64,0.0,625,1690520412.0,KEEP candidate,
sensor_data\sub_data\uwb_distance\T14\T14_0728.csv,anchor_id,float64,0.0,9,1.0,IDENTIFIER,
sensor_data\sub_data\uwb_distance\T14\T14_0728.csv,distance_m,float64,0.0,90,14.76,UNKNOWN / NEEDS REVIEW,
sensor_data\sub_data\uwb_distance\T14\T14_0728.csv,n_samples,float64,0.0,6,5.0,UNKNOWN / NEEDS REVIEW,
sensor_data\sub_data\uwb_distance\T14\T14_0728.csv,LOS_probability,float64,0.0,48,0.0,UNKNOWN / NEEDS REVIEW,
sensor_data\sub_data\uwb_distance\T14\T14_0728.csv,RSSI_dBm,float64,0.0,143,-96.6,UNKNOWN / NEEDS REVIEW,
sensor_data\sub_data\uwb_distance\T14\T14_0729.csv,timestamp,float64,0.0,625,1690606812.0,KEEP candidate,
sensor_data\sub_data\uwb_distance\T14\T14_0729.csv,anchor_id,float64,0.0,9,1.0,IDENTIFIER,
sensor_data\sub_data\uwb_distance\T14\T14_0729.csv,distance_m,float64,0.0,68,14.74,UNKNOWN / NEEDS REVIEW,
sensor_data\sub_data\uwb_distance\T14\T14_0729.csv,n_samples,float64,0.0,6,3.0,UNKNOWN / NEEDS REVIEW,
sensor_data\sub_data\uwb_distance\T14\T14_0729.csv,LOS_probability,float64,0.0,43,0.0,UNKNOWN / NEEDS REVIEW,
sensor_data\sub_data\uwb_distance\T14\T14_0729.csv,RSSI_dBm,float64,0.0,133,-95.9,UNKNOWN / NEEDS REVIEW,
sensor_data\sub_data\uwb_distance\T14\T14_0730.csv,timestamp,float64,0.0,625,1690693212.0,KEEP candidate,
sensor_data\sub_data\uwb_distance\T14\T14_0730.csv,anchor_id,float64,0.0,9,1.0,IDENTIFIER,
sensor_data\sub_data\uwb_distance\T14\T14_0730.csv,distance_m,float64,0.0,68,14.76,UNKNOWN / NEEDS REVIEW,
sensor_data\sub_data\uwb_distance\T14\T14_0730.csv,n_samples,float64,0.0,6,5.0,UNKNOWN / NEEDS REVIEW,
sensor_data\sub_data\uwb_distance\T14\T14_0730.csv,LOS_probability,float64,0.0,42,0.0,UNKNOWN / NEEDS REVIEW,
sensor_data\sub_data\uwb_distance\T14\T14_0730.csv,RSSI_dBm,float64,0.0,137,-95.7,UNKNOWN / NEEDS REVIEW,
sensor_data\sub_data\uwb_distance\T14\T14_0731.csv,timestamp,float64,0.0,625,1690779612.0,KEEP candidate,
sensor_data\sub_data\uwb_distance\T14\T14_0731.csv,anchor_id,float64,0.0,9,1.0,IDENTIFIER,
sensor_data\sub_data\uwb_distance\T14\T14_0731.csv,distance_m,float64,0.0,84,14.76,UNKNOWN / NEEDS REVIEW,
sensor_data\sub_data\uwb_distance\T14\T14_0731.csv,n_samples,float64,0.0,6,5.0,UNKNOWN / NEEDS REVIEW,
sensor_data\sub_data\uwb_distance\T14\T14_0731.csv,LOS_probability,float64,0.0,49,0.0,UNKNOWN / NEEDS REVIEW,
sensor_data\sub_data\uwb_distance\T14\T14_0731.csv,RSSI_dBm,float64,0.0,151,-95.9,UNKNOWN / NEEDS REVIEW,
sensor_data\sub_data\uwb_distance\T14\T14_0801.csv,timestamp,float64,0.0,625,1690866012.0,KEEP candidate,
sensor_data\sub_data\uwb_distance\T14\T14_0801.csv,anchor_id,float64,0.0,9,1.0,IDENTIFIER,
sensor_data\sub_data\uwb_distance\T14\T14_0801.csv,distance_m,float64,0.0,141,14.76,UNKNOWN / NEEDS REVIEW,
sensor_data\sub_data\uwb_distance\T14\T14_0801.csv,n_samples,float64,0.0,6,5.0,UNKNOWN / NEEDS REVIEW,
sensor_data\sub_data\uwb_distance\T14\T14_0801.csv,LOS_probability,float64,0.0,64,0.0,UNKNOWN / NEEDS REVIEW,
sensor_data\sub_data\uwb_distance\T14\T14_0801.csv,RSSI_dBm,float64,0.0,176,-95.9,UNKNOWN / NEEDS REVIEW,
sensor_data\sub_data\uwb_distance\T14\T14_0802.csv,timestamp,float64,0.0,625,1690952412.0,KEEP candidate,
sensor_data\sub_data\uwb_distance\T14\T14_0802.csv,anchor_id,float64,0.0,9,1.0,IDENTIFIER,
sensor_data\sub_data\uwb_distance\T14\T14_0802.csv,distance_m,float64,0.0,201,14.75,UNKNOWN / NEEDS REVIEW,
sensor_data\sub_data\uwb_distance\T14\T14_0802.csv,n_samples,float64,0.0,6,5.0,UNKNOWN / NEEDS REVIEW,
sensor_data\sub_data\uwb_distance\T14\T14_0802.csv,LOS_probability,float64,0.0,77,0.0,UNKNOWN / NEEDS REVIEW,
sensor_data\sub_data\uwb_distance\T14\T14_0802.csv,RSSI_dBm,float64,0.0,172,-96.6,UNKNOWN / NEEDS REVIEW,
sensor_data\sub_data\uwb_distance\T14\T14_0803.csv,timestamp,float64,0.0,625,1691038812.0,KEEP candidate,
sensor_data\sub_data\uwb_distance\T14\T14_0803.csv,anchor_id,float64,0.0,9,1.0,IDENTIFIER,
sensor_data\sub_data\uwb_distance\T14\T14_0803.csv,distance_m,float64,0.0,74,14.75,UNKNOWN / NEEDS REVIEW,
sensor_data\sub_data\uwb_distance\T14\T14_0803.csv,n_samples,float64,0.0,6,5.0,UNKNOWN / NEEDS REVIEW,
sensor_data\sub_data\uwb_distance\T14\T14_0803.csv,LOS_probability,float64,0.0,44,0.0,UNKNOWN / NEEDS REVIEW,
sensor_data\sub_data\uwb_distance\T14\T14_0803.csv,RSSI_dBm,float64,0.0,147,-96.2,UNKNOWN / NEEDS REVIEW,
sensor_data\sub_data\uwb_distance\T14\T14_0804.csv,timestamp,float64,0.0,625,1691125212.0,KEEP candidate,
sensor_data\sub_data\uwb_distance\T14\T14_0804.csv,anchor_id,float64,0.0,9,1.0,IDENTIFIER,
sensor_data\sub_data\uwb_distance\T14\T14_0804.csv,distance_m,float64,0.0,77,14.77,UNKNOWN / NEEDS REVIEW,
sensor_data\sub_data\uwb_distance\T14\T14_0804.csv,n_samples,float64,0.0,6,5.0,UNKNOWN / NEEDS REVIEW,
sensor_data\sub_data\uwb_distance\T14\T14_0804.csv,LOS_probability,float64,0.0,47,0.0,UNKNOWN / NEEDS REVIEW,
sensor_data\sub_data\uwb_distance\T14\T14_0804.csv,RSSI_dBm,float64,0.0,154,-96.6,UNKNOWN / NEEDS REVIEW,
sensor_data\sub_data\visual_location\C01\C01_0725.csv,timestamp,float64,0.0,5000,1690271846.0,KEEP candidate,
sensor_data\sub_data\visual_location\C01\C01_0725.csv,loc_x_cm,float64,6.48,920,-797.0,UNKNOWN / NEEDS REVIEW,
sensor_data\sub_data\visual_location\C01\C01_0725.csv,loc_y_cm,float64,6.48,535,-571.0,UNKNOWN / NEEDS REVIEW,
sensor_data\sub_data\visual_location\C01\C01_0725.csv,loc_z_cm,float64,6.48,94,87.0,UNKNOWN / NEEDS REVIEW,
sensor_data\sub_data\visual_location\C02\C02_0725.csv,timestamp,float64,0.0,5000,1690271846.0,KEEP candidate,
sensor_data\sub_data\visual_location\C02\C02_0725.csv,loc_x_cm,float64,6.6,1082,-114.0,UNKNOWN / NEEDS REVIEW,
sensor_data\sub_data\visual_location\C02\C02_0725.csv,loc_y_cm,float64,6.6,552,-96.0,UNKNOWN / NEEDS REVIEW,
sensor_data\sub_data\visual_location\C02\C02_0725.csv,loc_z_cm,float64,6.6,114,46.0,UNKNOWN / NEEDS REVIEW,
sensor_data\sub_data\visual_location\C03\C03_0725.csv,timestamp,float64,0.0,5000,1690271846.0,KEEP candidate,
sensor_data\sub_data\visual_location\C03\C03_0725.csv,loc_x_cm,float64,6.44,1047,179.0,UNKNOWN / NEEDS REVIEW,
sensor_data\sub_data\visual_location\C03\C03_0725.csv,loc_y_cm,float64,6.44,625,-121.0,UNKNOWN / NEEDS REVIEW,
sensor_data\sub_data\visual_location\C03\C03_0725.csv,loc_z_cm,float64,6.44,115,55.0,UNKNOWN / NEEDS REVIEW,
sensor_data\sub_data\visual_location\C04\C04_0725.csv,timestamp,float64,0.0,5000,1690271846.0,KEEP candidate,
sensor_data\sub_data\visual_location\C04\C04_0725.csv,loc_x_cm,float64,6.16,926,513.0,UNKNOWN / NEEDS REVIEW,
sensor_data\sub_data\visual_location\C04\C04_0725.csv,loc_y_cm,float64,6.16,495,-117.0,UNKNOWN / NEEDS REVIEW,
sensor_data\sub_data\visual_location\C04\C04_0725.csv,loc_z_cm,float64,6.16,119,53.0,UNKNOWN / NEEDS REVIEW,
sensor_data\sub_data\visual_location\C05\C05_0725.csv,timestamp,float64,0.0,5000,1690271846.0,KEEP candidate,
sensor_data\sub_data\visual_location\C05\C05_0725.csv,loc_x_cm,float64,7.26,1052,-389.0,UNKNOWN / NEEDS REVIEW,
sensor_data\sub_data\visual_location\C05\C05_0725.csv,loc_y_cm,float64,7.26,713,-598.0,UNKNOWN / NEEDS REVIEW,
sensor_data\sub_data\visual_location\C05\C05_0725.csv,loc_z_cm,float64,7.26,105,95.0,UNKNOWN / NEEDS REVIEW,
sensor_data\sub_data\visual_location\C06\C06_0725.csv,timestamp,float64,0.0,5000,1690271846.0,KEEP candidate,
sensor_data\sub_data\visual_location\C06\C06_0725.csv,loc_x_cm,float64,6.16,1008,421.0,UNKNOWN / NEEDS REVIEW,
sensor_data\sub_data\visual_location\C06\C06_0725.csv,loc_y_cm,float64,6.16,742,143.0,UNKNOWN / NEEDS REVIEW,
sensor_data\sub_data\visual_location\C06\C06_0725.csv,loc_z_cm,float64,6.16,120,59.0,UNKNOWN / NEEDS REVIEW,
sensor_data\sub_data\visual_location\C07\C07_0725.csv,timestamp,float64,0.0,5000,1690271846.0,KEEP candidate,
sensor_data\sub_data\visual_location\C07\C07_0725.csv,loc_x_cm,float64,11.82,947,50.0,UNKNOWN / NEEDS REVIEW,
sensor_data\sub_data\visual_location\C07\C07_0725.csv,loc_y_cm,float64,11.82,503,-118.0,UNKNOWN / NEEDS REVIEW,
sensor_data\sub_data\visual_location\C07\C07_0725.csv,loc_z_cm,float64,11.82,101,52.0,UNKNOWN / NEEDS REVIEW,
sensor_data\sub_data\visual_location\C08\C08_0725.csv,timestamp,float64,0.0,5000,1690271846.0,KEEP candidate,
sensor_data\sub_data\visual_location\C08\C08_0725.csv,loc_x_cm,float64,7.22,1059,287.0,UNKNOWN / NEEDS REVIEW,
sensor_data\sub_data\visual_location\C08\C08_0725.csv,loc_y_cm,float64,7.22,511,128.0,UNKNOWN / NEEDS REVIEW,
sensor_data\sub_data\visual_location\C08\C08_0725.csv,loc_z_cm,float64,7.22,102,55.0,UNKNOWN / NEEDS REVIEW,
sensor_data\sub_data\visual_location\C09\C09_0725.csv,timestamp,float64,0.0,5000,1690271846.0,KEEP candidate,
sensor_data\sub_data\visual_location\C09\C09_0725.csv,loc_x_cm,float64,6.78,1047,-302.0,UNKNOWN / NEEDS REVIEW,
sensor_data\sub_data\visual_location\C09\C09_0725.csv,loc_y_cm,float64,6.78,678,125.0,UNKNOWN / NEEDS REVIEW,
sensor_data\sub_data\visual_location\C09\C09_0725.csv,loc_z_cm,float64,6.78,109,95.0,UNKNOWN / NEEDS REVIEW,
sensor_data\sub_data\visual_location\C10\C10_0725.csv,timestamp,float64,0.0,5000,1690271846.0,KEEP candidate,
sensor_data\sub_data\visual_location\C10\C10_0725.csv,loc_x_cm,float64,7.26,908,382.0,UNKNOWN / NEEDS REVIEW,
sensor_data\sub_data\visual_location\C10\C10_0725.csv,loc_y_cm,float64,7.26,605,-88.0,UNKNOWN / NEEDS REVIEW,
sensor_data\sub_data\visual_location\C10\C10_0725.csv,loc_z_cm,float64,7.26,108,48.0,UNKNOWN / NEEDS REVIEW,
sensor_data\sub_data\visual_location\C11\C11_0725.csv,timestamp,float64,0.0,5000,1690271846.0,KEEP candidate,
sensor_data\sub_data\visual_location\C11\C11_0725.csv,loc_x_cm,float64,8.2,850,-194.0,UNKNOWN / NEEDS REVIEW,
sensor_data\sub_data\visual_location\C11\C11_0725.csv,loc_y_cm,float64,8.2,520,148.0,UNKNOWN / NEEDS REVIEW,
sensor_data\sub_data\visual_location\C11\C11_0725.csv,loc_z_cm,float64,8.2,92,36.0,UNKNOWN / NEEDS REVIEW,
sensor_data\sub_data\visual_location\C12\C12_0725.csv,timestamp,float64,0.0,5000,1690271846.0,KEEP candidate,
sensor_data\sub_data\visual_location\C12\C12_0725.csv,loc_x_cm,float64,5.86,1034,-94.0,UNKNOWN / NEEDS REVIEW,
sensor_data\sub_data\visual_location\C12\C12_0725.csv,loc_y_cm,float64,5.86,549,230.0,UNKNOWN / NEEDS REVIEW,
sensor_data\sub_data\visual_location\C12\C12_0725.csv,loc_z_cm,float64,5.86,87,79.0,UNKNOWN / NEEDS REVIEW,
sensor_data\sub_data\visual_location\C13\C13_0725.csv,timestamp,float64,0.0,5000,1690271846.0,KEEP candidate,
sensor_data\sub_data\visual_location\C13\C13_0725.csv,loc_x_cm,float64,6.32,952,55.0,UNKNOWN / NEEDS REVIEW,
sensor_data\sub_data\visual_location\C13\C13_0725.csv,loc_y_cm,float64,6.32,509,134.0,UNKNOWN / NEEDS REVIEW,
sensor_data\sub_data\visual_location\C13\C13_0725.csv,loc_z_cm,float64,6.32,99,53.0,UNKNOWN / NEEDS REVIEW,
sensor_data\sub_data\visual_location\C14\C14_0725.csv,timestamp,float64,0.0,5000,1690271846.0,KEEP candidate,
sensor_data\sub_data\visual_location\C14\C14_0725.csv,loc_x_cm,float64,11.86,798,173.0,UNKNOWN / NEEDS REVIEW,
sensor_data\sub_data\visual_location\C14\C14_0725.csv,loc_y_cm,float64,11.86,530,133.0,UNKNOWN / NEEDS REVIEW,
sensor_data\sub_data\visual_location\C14\C14_0725.csv,loc_z_cm,float64,11.86,105,55.0,UNKNOWN / NEEDS REVIEW,
sensor_data\sub_data\visual_location\C15\C15_0725.csv,timestamp,float64,0.0,5000,1690271846.0,KEEP candidate,
sensor_data\sub_data\visual_location\C15\C15_0725.csv,loc_x_cm,float64,8.24,1130,285.0,UNKNOWN / NEEDS REVIEW,
sensor_data\sub_data\visual_location\C15\C15_0725.csv,loc_y_cm,float64,8.24,787,-133.0,UNKNOWN / NEEDS REVIEW,
sensor_data\sub_data\visual_location\C15\C15_0725.csv,loc_z_cm,float64,8.24,116,55.0,UNKNOWN / NEEDS REVIEW,
sensor_data\sub_data\visual_location\C16\C16_0725.csv,timestamp,float64,0.0,5000,1690271846.0,KEEP candidate,
sensor_data\sub_data\visual_location\C16\C16_0725.csv,loc_x_cm,float64,12.18,1118,-91.0,UNKNOWN / NEEDS REVIEW,
sensor_data\sub_data\visual_location\C16\C16_0725.csv,loc_y_cm,float64,12.18,579,-580.0,UNKNOWN / NEEDS REVIEW,
sensor_data\sub_data\visual_location\C16\C16_0725.csv,loc_z_cm,float64,12.18,108,75.0,UNKNOWN / NEEDS REVIEW,
