file_path,dataset_name,file_type,rows,columns,cow_id_candidate,date_candidate,timestamp_candidate,target_candidate,time_granularity,notes
archive (7)\cow_milk_mastitis_dataset.csv,archive (7),csv,800,9,Cow_ID,Day,,class1,unknown,
archive (8)\abp_accel.csv,archive (8),csv,14595853,4,,,timestamp,,unknown (needs manual review),
archive (9)\milknew.csv,archive (9),csv,1059,8,Turbidity,,,,unknown,
Clinical_Mastitis_cows_version2\Clinical_Mastitis_cows_version2\clinical_mastitis_cows.csv,Clinical_Mastitis_cows_version2,csv,6600,18,Cow_ID,Day,,class1,unknown,
sensor_data\behavior_labels\individual\C01_0725.csv,individual,csv,86400,3,,datetime,"timestamp, datetime",,unknown (needs manual review),
sensor_data\behavior_labels\individual\C02_0725.csv,individual,csv,86400,3,,datetime,"timestamp, datetime",,unknown (needs manual review),
sensor_data\behavior_labels\individual\C03_0725.csv,individual,csv,86400,3,,datetime,"timestamp, datetime",,unknown (needs manual review),
sensor_data\behavior_labels\individual\C04_0725.csv,individual,csv,86400,3,,datetime,"timestamp, datetime",,unknown (needs manual review),
sensor_data\behavior_labels\individual\C05_0725.csv,individual,csv,86400,3,,datetime,"timestamp, datetime",,unknown (needs manual review),
sensor_data\behavior_labels\individual\C06_0725.csv,individual,csv,86400,3,,datetime,"timestamp, datetime",,unknown (needs manual review),
sensor_data\behavior_labels\individual\C07_0725.csv,individual,csv,86400,3,,datetime,"timestamp, datetime",,unknown (needs manual review),
sensor_data\behavior_labels\individual\C08_0725.csv,individual,csv,86400,3,,datetime,"timestamp, datetime",,unknown (needs manual review),
sensor_data\behavior_labels\individual\C09_0725.csv,individual,csv,86400,3,,datetime,"timestamp, datetime",,unknown (needs manual review),
sensor_data\behavior_labels\individual\C10_0725.csv,individual,csv,86400,3,,datetime,"timestamp, datetime",,unknown (needs manual review),
sensor_data\behavior_labels\individual\C11_0725.csv,individual,csv,86400,3,,datetime,"timestamp, datetime",,unknown (needs manual review),
sensor_data\behavior_labels\individual\C12_0725.csv,individual,csv,86400,3,,datetime,"timestamp, datetime",,unknown (needs manual review),
sensor_data\behavior_labels\individual\C13_0725.csv,individual,csv,86400,3,,datetime,"timestamp, datetime",,unknown (needs manual review),
sensor_data\behavior_labels\individual\C14_0725.csv,individual,csv,86400,3,,datetime,"timestamp, datetime",,unknown (needs manual review),
sensor_data\behavior_labels\individual\C15_0725.csv,individual,csv,86400,3,,datetime,"timestamp, datetime",,unknown (needs manual review),
sensor_data\behavior_labels\individual\C16_0725.csv,individual,csv,86400,3,,datetime,"timestamp, datetime",,unknown (needs manual review),
sensor_data\main_data\ankle\C01\C01_0721.csv,C01,csv,690,3,,datetime,"timestamp, datetime",,unknown (needs manual review),
sensor_data\main_data\ankle\C01\C01_0722.csv,C01,csv,1440,3,,datetime,"timestamp, datetime",,unknown (needs manual review),
sensor_data\main_data\ankle\C01\C01_0723.csv,C01,csv,1440,3,,datetime,"timestamp, datetime",,unknown (needs manual review),
sensor_data\main_data\ankle\C01\C01_0724.csv,C01,csv,1440,3,,datetime,"timestamp, datetime",,unknown (needs manual review),
sensor_data\main_data\ankle\C01\C01_0725.csv,C01,csv,1440,3,,datetime,"timestamp, datetime",,unknown (needs manual review),
sensor_data\main_data\ankle\C01\C01_0726.csv,C01,csv,1440,3,,datetime,"timestamp, datetime",,unknown (needs manual review),
sensor_data\main_data\ankle\C01\C01_0727.csv,C01,csv,1440,3,,datetime,"timestamp, datetime",,unknown (needs manual review),
sensor_data\main_data\ankle\C01\C01_0728.csv,C01,csv,1440,3,,datetime,"timestamp, datetime",,unknown (needs manual review),
sensor_data\main_data\ankle\C01\C01_0729.csv,C01,csv,1440,3,,datetime,"timestamp, datetime",,unknown (needs manual review),
sensor_data\main_data\ankle\C01\C01_0730.csv,C01,csv,1440,3,,datetime,"timestamp, datetime",,unknown (needs manual review),
sensor_data\main_data\ankle\C01\C01_0731.csv,C01,csv,1440,3,,datetime,"timestamp, datetime",,unknown (needs manual review),
sensor_data\main_data\ankle\C01\C01_0801.csv,C01,csv,1440,3,,datetime,"timestamp, datetime",,unknown (needs manual review),
sensor_data\main_data\ankle\C01\C01_0802.csv,C01,csv,1440,3,,datetime,"timestamp, datetime",,unknown (needs manual review),
sensor_data\main_data\ankle\C01\C01_0803.csv,C01,csv,1440,3,,datetime,"timestamp, datetime",,unknown (needs manual review),
sensor_data\main_data\ankle\C01\C01_0804.csv,C01,csv,421,3,,datetime,"timestamp, datetime",,unknown (needs manual review),
sensor_data\main_data\ankle\C02\C02_0721.csv,C02,csv,690,3,,datetime,"timestamp, datetime",,unknown (needs manual review),
sensor_data\main_data\ankle\C02\C02_0722.csv,C02,csv,1440,3,,datetime,"timestamp, datetime",,unknown (needs manual review),
sensor_data\main_data\ankle\C02\C02_0723.csv,C02,csv,1440,3,,datetime,"timestamp, datetime",,unknown (needs manual review),
sensor_data\main_data\ankle\C02\C02_0724.csv,C02,csv,1440,3,,datetime,"timestamp, datetime",,unknown (needs manual review),
sensor_data\main_data\ankle\C02\C02_0725.csv,C02,csv,1440,3,,datetime,"timestamp, datetime",,unknown (needs manual review),
sensor_data\main_data\ankle\C02\C02_0726.csv,C02,csv,1440,3,,datetime,"timestamp, datetime",,unknown (needs manual review),
sensor_data\main_data\ankle\C02\C02_0727.csv,C02,csv,1440,3,,datetime,"timestamp, datetime",,unknown (needs manual review),
sensor_data\main_data\ankle\C02\C02_0728.csv,C02,csv,1440,3,,datetime,"timestamp, datetime",,unknown (needs manual review),
sensor_data\main_data\ankle\C02\C02_0729.csv,C02,csv,1440,3,,datetime,"timestamp, datetime",,unknown (needs manual review),
sensor_data\main_data\ankle\C02\C02_0730.csv,C02,csv,1440,3,,datetime,"timestamp, datetime",,unknown (needs manual review),
sensor_data\main_data\ankle\C02\C02_0731.csv,C02,csv,1440,3,,datetime,"timestamp, datetime",,unknown (needs manual review),
sensor_data\main_data\ankle\C02\C02_0801.csv,C02,csv,1440,3,,datetime,"timestamp, datetime",,unknown (needs manual review),
sensor_data\main_data\ankle\C02\C02_0802.csv,C02,csv,1440,3,,datetime,"timestamp, datetime",,unknown (needs manual review),
sensor_data\main_data\ankle\C02\C02_0803.csv,C02,csv,1440,3,,datetime,"timestamp, datetime",,unknown (needs manual review),
sensor_data\main_data\ankle\C02\C02_0804.csv,C02,csv,421,3,,datetime,"timestamp, datetime",,unknown (needs manual review),
sensor_data\main_data\ankle\C03\C03_0721.csv,C03,csv,690,3,,datetime,"timestamp, datetime",,unknown (needs manual review),
sensor_data\main_data\ankle\C03\C03_0722.csv,C03,csv,1440,3,,datetime,"timestamp, datetime",,unknown (needs manual review),
sensor_data\main_data\ankle\C03\C03_0723.csv,C03,csv,1440,3,,datetime,"timestamp, datetime",,unknown (needs manual review),
sensor_data\main_data\ankle\C03\C03_0724.csv,C03,csv,1440,3,,datetime,"timestamp, datetime",,unknown (needs manual review),
sensor_data\main_data\ankle\C03\C03_0725.csv,C03,csv,1440,3,,datetime,"timestamp, datetime",,unknown (needs manual review),
sensor_data\main_data\ankle\C03\C03_0726.csv,C03,csv,1440,3,,datetime,"timestamp, datetime",,unknown (needs manual review),
sensor_data\main_data\ankle\C03\C03_0727.csv,C03,csv,1440,3,,datetime,"timestamp, datetime",,unknown (needs manual review),
sensor_data\main_data\ankle\C03\C03_0728.csv,C03,csv,1440,3,,datetime,"timestamp, datetime",,unknown (needs manual review),
sensor_data\main_data\ankle\C03\C03_0729.csv,C03,csv,1440,3,,datetime,"timestamp, datetime",,unknown (needs manual review),
sensor_data\main_data\ankle\C03\C03_0730.csv,C03,csv,1440,3,,datetime,"timestamp, datetime",,unknown (needs manual review),
sensor_data\main_data\ankle\C03\C03_0731.csv,C03,csv,1440,3,,datetime,"timestamp, datetime",,unknown (needs manual review),
sensor_data\main_data\ankle\C03\C03_0801.csv,C03,csv,1440,3,,datetime,"timestamp, datetime",,unknown (needs manual review),
sensor_data\main_data\ankle\C03\C03_0802.csv,C03,csv,1440,3,,datetime,"timestamp, datetime",,unknown (needs manual review),
sensor_data\main_data\ankle\C03\C03_0803.csv,C03,csv,1440,3,,datetime,"timestamp, datetime",,unknown (needs manual review),
sensor_data\main_data\ankle\C03\C03_0804.csv,C03,csv,421,3,,datetime,"timestamp, datetime",,unknown (needs manual review),
sensor_data\main_data\ankle\C04\C04_0721.csv,C04,csv,690,3,,datetime,"timestamp, datetime",,unknown (needs manual review),
sensor_data\main_data\ankle\C04\C04_0722.csv,C04,csv,1440,3,,datetime,"timestamp, datetime",,unknown (needs manual review),
sensor_data\main_data\ankle\C04\C04_0723.csv,C04,csv,1440,3,,datetime,"timestamp, datetime",,unknown (needs manual review),
sensor_data\main_data\ankle\C04\C04_0724.csv,C04,csv,1440,3,,datetime,"timestamp, datetime",,unknown (needs manual review),
sensor_data\main_data\ankle\C04\C04_0725.csv,C04,csv,1440,3,,datetime,"timestamp, datetime",,unknown (needs manual review),
sensor_data\main_data\ankle\C04\C04_0726.csv,C04,csv,1440,3,,datetime,"timestamp, datetime",,unknown (needs manual review),
sensor_data\main_data\ankle\C04\C04_0727.csv,C04,csv,1440,3,,datetime,"timestamp, datetime",,unknown (needs manual review),
sensor_data\main_data\ankle\C04\C04_0728.csv,C04,csv,1440,3,,datetime,"timestamp, datetime",,unknown (needs manual review),
sensor_data\main_data\ankle\C04\C04_0729.csv,C04,csv,1440,3,,datetime,"timestamp, datetime",,unknown (needs manual review),
sensor_data\main_data\ankle\C04\C04_0730.csv,C04,csv,1440,3,,datetime,"timestamp, datetime",,unknown (needs manual review),
sensor_data\main_data\ankle\C04\C04_0731.csv,C04,csv,1440,3,,datetime,"timestamp, datetime",,unknown (needs manual review),
sensor_data\main_data\ankle\C04\C04_0801.csv,C04,csv,1440,3,,datetime,"timestamp, datetime",,unknown (needs manual review),
sensor_data\main_data\ankle\C04\C04_0802.csv,C04,csv,1440,3,,datetime,"timestamp, datetime",,unknown (needs manual review),
sensor_data\main_data\ankle\C04\C04_0803.csv,C04,csv,1440,3,,datetime,"timestamp, datetime",,unknown (needs manual review),
sensor_data\main_data\ankle\C04\C04_0804.csv,C04,csv,421,3,,datetime,"timestamp, datetime",,unknown (needs manual review),
sensor_data\main_data\ankle\C05\C05_0721.csv,C05,csv,690,3,,datetime,"timestamp, datetime",,unknown (needs manual review),
sensor_data\main_data\ankle\C05\C05_0722.csv,C05,csv,1440,3,,datetime,"timestamp, datetime",,unknown (needs manual review),
sensor_data\main_data\ankle\C05\C05_0723.csv,C05,csv,1440,3,,datetime,"timestamp, datetime",,unknown (needs manual review),
sensor_data\main_data\ankle\C05\C05_0724.csv,C05,csv,1440,3,,datetime,"timestamp, datetime",,unknown (needs manual review),
sensor_data\main_data\ankle\C05\C05_0725.csv,C05,csv,1440,3,,datetime,"timestamp, datetime",,unknown (needs manual review),
sensor_data\main_data\ankle\C05\C05_0726.csv,C05,csv,1440,3,,datetime,"timestamp, datetime",,unknown (needs manual review),
sensor_data\main_data\ankle\C05\C05_0727.csv,C05,csv,1440,3,,datetime,"timestamp, datetime",,unknown (needs manual review),
sensor_data\main_data\ankle\C05\C05_0728.csv,C05,csv,1440,3,,datetime,"timestamp, datetime",,unknown (needs manual review),
sensor_data\main_data\ankle\C05\C05_0729.csv,C05,csv,1440,3,,datetime,"timestamp, datetime",,unknown (needs manual review),
sensor_data\main_data\ankle\C05\C05_0730.csv,C05,csv,1440,3,,datetime,"timestamp, datetime",,unknown (needs manual review),
sensor_data\main_data\ankle\C05\C05_0731.csv,C05,csv,1440,3,,datetime,"timestamp, datetime",,unknown (needs manual review),
sensor_data\main_data\ankle\C05\C05_0801.csv,C05,csv,1440,3,,datetime,"timestamp, datetime",,unknown (needs manual review),
sensor_data\main_data\ankle\C05\C05_0802.csv,C05,csv,1440,3,,datetime,"timestamp, datetime",,unknown (needs manual review),
sensor_data\main_data\ankle\C05\C05_0803.csv,C05,csv,1440,3,,datetime,"timestamp, datetime",,unknown (needs manual review),
sensor_data\main_data\ankle\C05\C05_0804.csv,C05,csv,421,3,,datetime,"timestamp, datetime",,unknown (needs manual review),
sensor_data\main_data\ankle\C06\C06_0721.csv,C06,csv,690,3,,datetime,"timestamp, datetime",,unknown (needs manual review),
sensor_data\main_data\ankle\C06\C06_0722.csv,C06,csv,1440,3,,datetime,"timestamp, datetime",,unknown (needs manual review),
sensor_data\main_data\ankle\C06\C06_0723.csv,C06,csv,1440,3,,datetime,"timestamp, datetime",,unknown (needs manual review),
sensor_data\main_data\ankle\C06\C06_0724.csv,C06,csv,1440,3,,datetime,"timestamp, datetime",,unknown (needs manual review),
sensor_data\main_data\ankle\C06\C06_0725.csv,C06,csv,1440,3,,datetime,"timestamp, datetime",,unknown (needs manual review),
sensor_data\main_data\ankle\C06\C06_0726.csv,C06,csv,1440,3,,datetime,"timestamp, datetime",,unknown (needs manual review),
sensor_data\main_data\ankle\C06\C06_0727.csv,C06,csv,1440,3,,datetime,"timestamp, datetime",,unknown (needs manual review),
sensor_data\main_data\ankle\C06\C06_0728.csv,C06,csv,1440,3,,datetime,"timestamp, datetime",,unknown (needs manual review),
sensor_data\main_data\ankle\C06\C06_0729.csv,C06,csv,1440,3,,datetime,"timestamp, datetime",,unknown (needs manual review),
sensor_data\main_data\ankle\C06\C06_0730.csv,C06,csv,1440,3,,datetime,"timestamp, datetime",,unknown (needs manual review),
sensor_data\main_data\ankle\C06\C06_0731.csv,C06,csv,1440,3,,datetime,"timestamp, datetime",,unknown (needs manual review),
sensor_data\main_data\ankle\C06\C06_0801.csv,C06,csv,1440,3,,datetime,"timestamp, datetime",,unknown (needs manual review),
sensor_data\main_data\ankle\C06\C06_0802.csv,C06,csv,1440,3,,datetime,"timestamp, datetime",,unknown (needs manual review),
sensor_data\main_data\ankle\C06\C06_0803.csv,C06,csv,1440,3,,datetime,"timestamp, datetime",,unknown (needs manual review),
sensor_data\main_data\ankle\C06\C06_0804.csv,C06,csv,421,3,,datetime,"timestamp, datetime",,unknown (needs manual review),
sensor_data\main_data\ankle\C07\C07_0721.csv,C07,csv,300,3,,datetime,"timestamp, datetime",,unknown (needs manual review),
sensor_data\main_data\ankle\C07\C07_0722.csv,C07,csv,1440,3,,datetime,"timestamp, datetime",,unknown (needs manual review),
sensor_data\main_data\ankle\C07\C07_0723.csv,C07,csv,1440,3,,datetime,"timestamp, datetime",,unknown (needs manual review),
sensor_data\main_data\ankle\C07\C07_0724.csv,C07,csv,1440,3,,datetime,"timestamp, datetime",,unknown (needs manual review),
sensor_data\main_data\ankle\C07\C07_0725.csv,C07,csv,1440,3,,datetime,"timestamp, datetime",,unknown (needs manual review),
sensor_data\main_data\ankle\C07\C07_0726.csv,C07,csv,1440,3,,datetime,"timestamp, datetime",,unknown (needs manual review),
sensor_data\main_data\ankle\C07\C07_0727.csv,C07,csv,1440,3,,datetime,"timestamp, datetime",,unknown (needs manual review),
sensor_data\main_data\ankle\C07\C07_0728.csv,C07,csv,1440,3,,datetime,"timestamp, datetime",,unknown (needs manual review),
sensor_data\main_data\ankle\C07\C07_0729.csv,C07,csv,1440,3,,datetime,"timestamp, datetime",,unknown (needs manual review),
sensor_data\main_data\ankle\C07\C07_0730.csv,C07,csv,1440,3,,datetime,"timestamp, datetime",,unknown (needs manual review),
sensor_data\main_data\ankle\C07\C07_0731.csv,C07,csv,1440,3,,datetime,"timestamp, datetime",,unknown (needs manual review),
sensor_data\main_data\ankle\C07\C07_0801.csv,C07,csv,1440,3,,datetime,"timestamp, datetime",,unknown (needs manual review),
sensor_data\main_data\ankle\C07\C07_0802.csv,C07,csv,1440,3,,datetime,"timestamp, datetime",,unknown (needs manual review),
sensor_data\main_data\ankle\C07\C07_0803.csv,C07,csv,1440,3,,datetime,"timestamp, datetime",,unknown (needs manual review),
sensor_data\main_data\ankle\C07\C07_0804.csv,C07,csv,421,3,,datetime,"timestamp, datetime",,unknown (needs manual review),
sensor_data\main_data\ankle\C08\C08_0721.csv,C08,csv,690,3,,datetime,"timestamp, datetime",,unknown (needs manual review),
sensor_data\main_data\ankle\C08\C08_0722.csv,C08,csv,1440,3,,datetime,"timestamp, datetime",,unknown (needs manual review),
sensor_data\main_data\ankle\C08\C08_0723.csv,C08,csv,1440,3,,datetime,"timestamp, datetime",,unknown (needs manual review),
sensor_data\main_data\ankle\C08\C08_0724.csv,C08,csv,1440,3,,datetime,"timestamp, datetime",,unknown (needs manual review),
sensor_data\main_data\ankle\C08\C08_0725.csv,C08,csv,1440,3,,datetime,"timestamp, datetime",,unknown (needs manual review),
sensor_data\main_data\ankle\C08\C08_0726.csv,C08,csv,1440,3,,datetime,"timestamp, datetime",,unknown (needs manual review),
sensor_data\main_data\ankle\C08\C08_0727.csv,C08,csv,1440,3,,datetime,"timestamp, datetime",,unknown (needs manual review),
sensor_data\main_data\ankle\C08\C08_0728.csv,C08,csv,1440,3,,datetime,"timestamp, datetime",,unknown (needs manual review),
sensor_data\main_data\ankle\C08\C08_0729.csv,C08,csv,1440,3,,datetime,"timestamp, datetime",,unknown (needs manual review),
sensor_data\main_data\ankle\C08\C08_0730.csv,C08,csv,1440,3,,datetime,"timestamp, datetime",,unknown (needs manual review),
sensor_data\main_data\ankle\C08\C08_0731.csv,C08,csv,1440,3,,datetime,"timestamp, datetime",,unknown (needs manual review),
sensor_data\main_data\ankle\C08\C08_0801.csv,C08,csv,1440,3,,datetime,"timestamp, datetime",,unknown (needs manual review),
sensor_data\main_data\ankle\C08\C08_0802.csv,C08,csv,1440,3,,datetime,"timestamp, datetime",,unknown (needs manual review),
sensor_data\main_data\ankle\C08\C08_0803.csv,C08,csv,1440,3,,datetime,"timestamp, datetime",,unknown (needs manual review),
sensor_data\main_data\ankle\C08\C08_0804.csv,C08,csv,421,3,,datetime,"timestamp, datetime",,unknown (needs manual review),
sensor_data\main_data\ankle\C09\C09_0721.csv,C09,csv,690,3,,datetime,"timestamp, datetime",,unknown (needs manual review),
sensor_data\main_data\ankle\C09\C09_0722.csv,C09,csv,1440,3,,datetime,"timestamp, datetime",,unknown (needs manual review),
sensor_data\main_data\ankle\C09\C09_0723.csv,C09,csv,1440,3,,datetime,"timestamp, datetime",,unknown (needs manual review),
sensor_data\main_data\ankle\C09\C09_0724.csv,C09,csv,1440,3,,datetime,"timestamp, datetime",,unknown (needs manual review),
sensor_data\main_data\ankle\C09\C09_0725.csv,C09,csv,1440,3,,datetime,"timestamp, datetime",,unknown (needs manual review),
sensor_data\main_data\ankle\C09\C09_0726.csv,C09,csv,1440,3,,datetime,"timestamp, datetime",,unknown (needs manual review),
sensor_data\main_data\ankle\C09\C09_0727.csv,C09,csv,1440,3,,datetime,"timestamp, datetime",,unknown (needs manual review),
sensor_data\main_data\ankle\C09\C09_0728.csv,C09,csv,1440,3,,datetime,"timestamp, datetime",,unknown (needs manual review),
sensor_data\main_data\ankle\C09\C09_0729.csv,C09,csv,1440,3,,datetime,"timestamp, datetime",,unknown (needs manual review),
sensor_data\main_data\ankle\C09\C09_0730.csv,C09,csv,1440,3,,datetime,"timestamp, datetime",,unknown (needs manual review),
sensor_data\main_data\ankle\C09\C09_0731.csv,C09,csv,1440,3,,datetime,"timestamp, datetime",,unknown (needs manual review),
sensor_data\main_data\ankle\C09\C09_0801.csv,C09,csv,1440,3,,datetime,"timestamp, datetime",,unknown (needs manual review),
sensor_data\main_data\ankle\C09\C09_0802.csv,C09,csv,1440,3,,datetime,"timestamp, datetime",,unknown (needs manual review),
sensor_data\main_data\ankle\C09\C09_0803.csv,C09,csv,1440,3,,datetime,"timestamp, datetime",,unknown (needs manual review),
sensor_data\main_data\ankle\C09\C09_0804.csv,C09,csv,421,3,,datetime,"timestamp, datetime",,unknown (needs manual review),
sensor_data\main_data\ankle\C10\C10_0721.csv,C10,csv,690,3,,datetime,"timestamp, datetime",,unknown (needs manual review),
sensor_data\main_data\ankle\C10\C10_0722.csv,C10,csv,1440,3,,datetime,"timestamp, datetime",,unknown (needs manual review),
sensor_data\main_data\ankle\C10\C10_0723.csv,C10,csv,1440,3,,datetime,"timestamp, datetime",,unknown (needs manual review),
sensor_data\main_data\ankle\C10\C10_0724.csv,C10,csv,1440,3,,datetime,"timestamp, datetime",,unknown (needs manual review),
sensor_data\main_data\ankle\C10\C10_0725.csv,C10,csv,1440,3,,datetime,"timestamp, datetime",,unknown (needs manual review),
sensor_data\main_data\ankle\C10\C10_0726.csv,C10,csv,1440,3,,datetime,"timestamp, datetime",,unknown (needs manual review),
sensor_data\main_data\ankle\C10\C10_0727.csv,C10,csv,1440,3,,datetime,"timestamp, datetime",,unknown (needs manual review),
sensor_data\main_data\ankle\C10\C10_0728.csv,C10,csv,1440,3,,datetime,"timestamp, datetime",,unknown (needs manual review),
sensor_data\main_data\ankle\C10\C10_0729.csv,C10,csv,1440,3,,datetime,"timestamp, datetime",,unknown (needs manual review),
sensor_data\main_data\ankle\C10\C10_0730.csv,C10,csv,1440,3,,datetime,"timestamp, datetime",,unknown (needs manual review),
sensor_data\main_data\ankle\C10\C10_0731.csv,C10,csv,1440,3,,datetime,"timestamp, datetime",,unknown (needs manual review),
sensor_data\main_data\ankle\C10\C10_0801.csv,C10,csv,1440,3,,datetime,"timestamp, datetime",,unknown (needs manual review),
sensor_data\main_data\ankle\C10\C10_0802.csv,C10,csv,1440,3,,datetime,"timestamp, datetime",,unknown (needs manual review),
sensor_data\main_data\ankle\C10\C10_0803.csv,C10,csv,1440,3,,datetime,"timestamp, datetime",,unknown (needs manual review),
sensor_data\main_data\ankle\C10\C10_0804.csv,C10,csv,421,3,,datetime,"timestamp, datetime",,unknown (needs manual review),
sensor_data\main_data\cbt\C01.csv,cbt,csv,19831,2,,,timestamp,,unknown (needs manual review),
sensor_data\main_data\cbt\C02.csv,cbt,csv,19831,2,,,timestamp,,unknown (needs manual review),
sensor_data\main_data\cbt\C03.csv,cbt,csv,19831,2,,,timestamp,,unknown (needs manual review),
sensor_data\main_data\cbt\C04.csv,cbt,csv,19831,2,,,timestamp,,unknown (needs manual review),
sensor_data\main_data\cbt\C05.csv,cbt,csv,19831,2,,,timestamp,,unknown (needs manual review),
sensor_data\main_data\cbt\C06.csv,cbt,csv,19831,2,,,timestamp,,unknown (needs manual review),
sensor_data\main_data\cbt\C07.csv,cbt,csv,19441,2,,,timestamp,,unknown (needs manual review),
sensor_data\main_data\cbt\C08.csv,cbt,csv,19831,2,,,timestamp,,unknown (needs manual review),
sensor_data\main_data\cbt\C09.csv,cbt,csv,19831,2,,,timestamp,,unknown (needs manual review),
sensor_data\main_data\cbt\C10.csv,cbt,csv,19831,2,,,timestamp,,unknown (needs manual review),
sensor_data\main_data\immu\T01\T01_0721.csv,T01,csv,413910,7,,,timestamp,,unknown (needs manual review),
sensor_data\main_data\immu\T01\T01_0722.csv,T01,csv,864000,7,,,timestamp,,unknown (needs manual review),
sensor_data\main_data\immu\T01\T01_0723.csv,T01,csv,864000,7,,,timestamp,,unknown (needs manual review),
sensor_data\main_data\immu\T01\T01_0724.csv,T01,csv,864000,7,,,timestamp,,unknown (needs manual review),
sensor_data\main_data\immu\T01\T01_0725.csv,T01,csv,864000,7,,,timestamp,,unknown (needs manual review),
sensor_data\main_data\immu\T01\T01_0726.csv,T01,csv,864000,7,,,timestamp,,unknown (needs manual review),
sensor_data\main_data\immu\T01\T01_0727.csv,T01,csv,864000,7,,,timestamp,,unknown (needs manual review),
sensor_data\main_data\immu\T01\T01_0728.csv,T01,csv,864000,7,,,timestamp,,unknown (needs manual review),
sensor_data\main_data\immu\T01\T01_0729.csv,T01,csv,864000,7,,,timestamp,,unknown (needs manual review),
sensor_data\main_data\immu\T01\T01_0730.csv,T01,csv,864000,7,,,timestamp,,unknown (needs manual review),
sensor_data\main_data\immu\T01\T01_0731.csv,T01,csv,864000,7,,,timestamp,,unknown (needs manual review),
sensor_data\main_data\immu\T01\T01_0801.csv,T01,csv,863999,7,,,timestamp,,unknown (needs manual review),
sensor_data\main_data\immu\T01\T01_0802.csv,T01,csv,863990,7,,,timestamp,,unknown (needs manual review),
sensor_data\main_data\immu\T01\T01_0803.csv,T01,csv,864000,7,,,timestamp,,unknown (needs manual review),
sensor_data\main_data\immu\T01\T01_0804.csv,T01,csv,252149,7,,,timestamp,,unknown (needs manual review),
sensor_data\main_data\immu\T02\T02_0721.csv,T02,csv,413930,7,,,timestamp,,unknown (needs manual review),
sensor_data\main_data\immu\T02\T02_0722.csv,T02,csv,863999,7,,,timestamp,,unknown (needs manual review),
sensor_data\main_data\immu\T02\T02_0723.csv,T02,csv,863990,7,,,timestamp,,unknown (needs manual review),
sensor_data\main_data\immu\T02\T02_0724.csv,T02,csv,864000,7,,,timestamp,,unknown (needs manual review),
sensor_data\main_data\immu\T02\T02_0725.csv,T02,csv,864000,7,,,timestamp,,unknown (needs manual review),
sensor_data\main_data\immu\T02\T02_0726.csv,T02,csv,864000,7,,,timestamp,,unknown (needs manual review),
sensor_data\main_data\immu\T02\T02_0727.csv,T02,csv,864000,7,,,timestamp,,unknown (needs manual review),
sensor_data\main_data\immu\T02\T02_0728.csv,T02,csv,864000,7,,,timestamp,,unknown (needs manual review),
sensor_data\main_data\immu\T02\T02_0729.csv,T02,csv,864000,7,,,timestamp,,unknown (needs manual review),
sensor_data\main_data\immu\T02\T02_0730.csv,T02,csv,864000,7,,,timestamp,,unknown (needs manual review),
sensor_data\main_data\immu\T02\T02_0731.csv,T02,csv,864000,7,,,timestamp,,unknown (needs manual review),
sensor_data\main_data\immu\T02\T02_0801.csv,T02,csv,864000,7,,,timestamp,,unknown (needs manual review),
sensor_data\main_data\immu\T02\T02_0802.csv,T02,csv,864000,7,,,timestamp,,unknown (needs manual review),
sensor_data\main_data\immu\T02\T02_0803.csv,T02,csv,864000,7,,,timestamp,,unknown (needs manual review),
sensor_data\main_data\immu\T02\T02_0804.csv,T02,csv,249969,7,,,timestamp,,unknown (needs manual review),
sensor_data\main_data\immu\T03\T03_0721.csv,T03,csv,413950,7,,,timestamp,,unknown (needs manual review),
sensor_data\main_data\immu\T03\T03_0722.csv,T03,csv,864000,7,,,timestamp,,unknown (needs manual review),
sensor_data\main_data\immu\T03\T03_0723.csv,T03,csv,864000,7,,,timestamp,,unknown (needs manual review),
sensor_data\main_data\immu\T03\T03_0724.csv,T03,csv,864000,7,,,timestamp,,unknown (needs manual review),
sensor_data\main_data\immu\T03\T03_0725.csv,T03,csv,864000,7,,,timestamp,,unknown (needs manual review),
sensor_data\main_data\immu\T03\T03_0726.csv,T03,csv,864000,7,,,timestamp,,unknown (needs manual review),
sensor_data\main_data\immu\T03\T03_0727.csv,T03,csv,864000,7,,,timestamp,,unknown (needs manual review),
sensor_data\main_data\immu\T03\T03_0728.csv,T03,csv,864000,7,,,timestamp,,unknown (needs manual review),
sensor_data\main_data\immu\T03\T03_0729.csv,T03,csv,863999,7,,,timestamp,,unknown (needs manual review),
sensor_data\main_data\immu\T03\T03_0730.csv,T03,csv,863999,7,,,timestamp,,unknown (needs manual review),
sensor_data\main_data\immu\T03\T03_0731.csv,T03,csv,864000,7,,,timestamp,,unknown (needs manual review),
sensor_data\main_data\immu\T03\T03_0801.csv,T03,csv,864000,7,,,timestamp,,unknown (needs manual review),
sensor_data\main_data\immu\T03\T03_0802.csv,T03,csv,864000,7,,,timestamp,,unknown (needs manual review),
sensor_data\main_data\immu\T03\T03_0803.csv,T03,csv,864000,7,,,timestamp,,unknown (needs manual review),
sensor_data\main_data\immu\T03\T03_0804.csv,T03,csv,252129,7,,,timestamp,,unknown (needs manual review),
sensor_data\main_data\immu\T04\T04_0721.csv,T04,csv,413910,7,,,timestamp,,unknown (needs manual review),
sensor_data\main_data\immu\T04\T04_0722.csv,T04,csv,864000,7,,,timestamp,,unknown (needs manual review),
sensor_data\main_data\immu\T04\T04_0723.csv,T04,csv,864000,7,,,timestamp,,unknown (needs manual review),
sensor_data\main_data\immu\T04\T04_0724.csv,T04,csv,864000,7,,,timestamp,,unknown (needs manual review),
sensor_data\main_data\immu\T04\T04_0725.csv,T04,csv,864000,7,,,timestamp,,unknown (needs manual review),
sensor_data\main_data\immu\T04\T04_0726.csv,T04,csv,864000,7,,,timestamp,,unknown (needs manual review),
sensor_data\main_data\immu\T04\T04_0727.csv,T04,csv,864000,7,,,timestamp,,unknown (needs manual review),
sensor_data\main_data\immu\T04\T04_0728.csv,T04,csv,864000,7,,,timestamp,,unknown (needs manual review),
sensor_data\main_data\immu\T04\T04_0729.csv,T04,csv,864000,7,,,timestamp,,unknown (needs manual review),
sensor_data\main_data\immu\T04\T04_0730.csv,T04,csv,864000,7,,,timestamp,,unknown (needs manual review),
sensor_data\main_data\immu\T04\T04_0731.csv,T04,csv,864000,7,,,timestamp,,unknown (needs manual review),
sensor_data\main_data\immu\T04\T04_0801.csv,T04,csv,864000,7,,,timestamp,,unknown (needs manual review),
sensor_data\main_data\immu\T04\T04_0802.csv,T04,csv,864000,7,,,timestamp,,unknown (needs manual review),
sensor_data\main_data\immu\T04\T04_0803.csv,T04,csv,864000,7,,,timestamp,,unknown (needs manual review),
sensor_data\main_data\immu\T04\T04_0804.csv,T04,csv,252089,7,,,timestamp,,unknown (needs manual review),
sensor_data\main_data\immu\T05\T05_0721.csv,T05,csv,413940,7,,,timestamp,,unknown (needs manual review),
sensor_data\main_data\immu\T05\T05_0722.csv,T05,csv,864000,7,,,timestamp,,unknown (needs manual review),
sensor_data\main_data\immu\T05\T05_0723.csv,T05,csv,864000,7,,,timestamp,,unknown (needs manual review),
sensor_data\main_data\immu\T05\T05_0724.csv,T05,csv,864000,7,,,timestamp,,unknown (needs manual review),
sensor_data\main_data\immu\T05\T05_0725.csv,T05,csv,864000,7,,,timestamp,,unknown (needs manual review),
sensor_data\main_data\immu\T05\T05_0726.csv,T05,csv,864000,7,,,timestamp,,unknown (needs manual review),
sensor_data\main_data\immu\T05\T05_0727.csv,T05,csv,864000,7,,,timestamp,,unknown (needs manual review),
sensor_data\main_data\immu\T05\T05_0728.csv,T05,csv,864000,7,,,timestamp,,unknown (needs manual review),
sensor_data\main_data\immu\T05\T05_0729.csv,T05,csv,864000,7,,,timestamp,,unknown (needs manual review),
sensor_data\main_data\immu\T05\T05_0730.csv,T05,csv,864000,7,,,timestamp,,unknown (needs manual review),
sensor_data\main_data\immu\T05\T05_0731.csv,T05,csv,864000,7,,,timestamp,,unknown (needs manual review),
sensor_data\main_data\immu\T05\T05_0801.csv,T05,csv,864000,7,,,timestamp,,unknown (needs manual review),
sensor_data\main_data\immu\T05\T05_0802.csv,T05,csv,864000,7,,,timestamp,,unknown (needs manual review),
sensor_data\main_data\immu\T05\T05_0803.csv,T05,csv,864000,7,,,timestamp,,unknown (needs manual review),
sensor_data\main_data\immu\T05\T05_0804.csv,T05,csv,252079,7,,,timestamp,,unknown (needs manual review),
sensor_data\main_data\immu\T06\T06_0721.csv,T06,csv,413880,7,,,timestamp,,unknown (needs manual review),
sensor_data\main_data\immu\T06\T06_0722.csv,T06,csv,864000,7,,,timestamp,,unknown (needs manual review),
sensor_data\main_data\immu\T06\T06_0723.csv,T06,csv,864000,7,,,timestamp,,unknown (needs manual review),
sensor_data\main_data\immu\T06\T06_0724.csv,T06,csv,864000,7,,,timestamp,,unknown (needs manual review),
sensor_data\main_data\immu\T06\T06_0725.csv,T06,csv,863999,7,,,timestamp,,unknown (needs manual review),
sensor_data\main_data\immu\T06\T06_0726.csv,T06,csv,864000,7,,,timestamp,,unknown (needs manual review),
sensor_data\main_data\immu\T06\T06_0727.csv,T06,csv,864000,7,,,timestamp,,unknown (needs manual review),
sensor_data\main_data\immu\T06\T06_0728.csv,T06,csv,864000,7,,,timestamp,,unknown (needs manual review),
sensor_data\main_data\immu\T06\T06_0729.csv,T06,csv,864000,7,,,timestamp,,unknown (needs manual review),
sensor_data\main_data\immu\T06\T06_0730.csv,T06,csv,864000,7,,,timestamp,,unknown (needs manual review),
sensor_data\main_data\immu\T06\T06_0731.csv,T06,csv,864000,7,,,timestamp,,unknown (needs manual review),
sensor_data\main_data\immu\T06\T06_0801.csv,T06,csv,864000,7,,,timestamp,,unknown (needs manual review),
sensor_data\main_data\immu\T06\T06_0802.csv,T06,csv,864000,7,,,timestamp,,unknown (needs manual review),
sensor_data\main_data\immu\T06\T06_0803.csv,T06,csv,864000,7,,,timestamp,,unknown (needs manual review),
sensor_data\main_data\immu\T06\T06_0804.csv,T06,csv,252079,7,,,timestamp,,unknown (needs manual review),
sensor_data\main_data\immu\T07\T07_0721.csv,T07,csv,179930,7,,,timestamp,,unknown (needs manual review),
sensor_data\main_data\immu\T07\T07_0722.csv,T07,csv,864000,7,,,timestamp,,unknown (needs manual review),
sensor_data\main_data\immu\T07\T07_0723.csv,T07,csv,864000,7,,,timestamp,,unknown (needs manual review),
sensor_data\main_data\immu\T07\T07_0724.csv,T07,csv,864000,7,,,timestamp,,unknown (needs manual review),
sensor_data\main_data\immu\T07\T07_0725.csv,T07,csv,864000,7,,,timestamp,,unknown (needs manual review),
sensor_data\main_data\immu\T07\T07_0726.csv,T07,csv,864000,7,,,timestamp,,unknown (needs manual review),
sensor_data\main_data\immu\T07\T07_0727.csv,T07,csv,864000,7,,,timestamp,,unknown (needs manual review),
sensor_data\main_data\immu\T07\T07_0728.csv,T07,csv,864000,7,,,timestamp,,unknown (needs manual review),
sensor_data\main_data\immu\T07\T07_0729.csv,T07,csv,864000,7,,,timestamp,,unknown (needs manual review),
sensor_data\main_data\immu\T07\T07_0730.csv,T07,csv,864000,7,,,timestamp,,unknown (needs manual review),
sensor_data\main_data\immu\T07\T07_0731.csv,T07,csv,864000,7,,,timestamp,,unknown (needs manual review),
sensor_data\main_data\immu\T07\T07_0801.csv,T07,csv,864000,7,,,timestamp,,unknown (needs manual review),
sensor_data\main_data\immu\T07\T07_0802.csv,T07,csv,864000,7,,,timestamp,,unknown (needs manual review),
sensor_data\main_data\immu\T07\T07_0803.csv,T07,csv,864000,7,,,timestamp,,unknown (needs manual review),
sensor_data\main_data\immu\T07\T07_0804.csv,T07,csv,252079,7,,,timestamp,,unknown (needs manual review),
sensor_data\main_data\immu\T08\T08_0721.csv,T08,csv,413939,7,,,timestamp,,unknown (needs manual review),
sensor_data\main_data\immu\T08\T08_0722.csv,T08,csv,863980,7,,,timestamp,,unknown (needs manual review),
sensor_data\main_data\immu\T08\T08_0723.csv,T08,csv,864000,7,,,timestamp,,unknown (needs manual review),
sensor_data\main_data\immu\T08\T08_0724.csv,T08,csv,864000,7,,,timestamp,,unknown (needs manual review),
sensor_data\main_data\immu\T08\T08_0725.csv,T08,csv,863999,7,,,timestamp,,unknown (needs manual review),
sensor_data\main_data\immu\T08\T08_0726.csv,T08,csv,864000,7,,,timestamp,,unknown (needs manual review),
sensor_data\main_data\immu\T08\T08_0727.csv,T08,csv,864000,7,,,timestamp,,unknown (needs manual review),
sensor_data\main_data\immu\T08\T08_0728.csv,T08,csv,864000,7,,,timestamp,,unknown (needs manual review),
sensor_data\main_data\immu\T08\T08_0729.csv,T08,csv,864000,7,,,timestamp,,unknown (needs manual review),
sensor_data\main_data\immu\T08\T08_0730.csv,T08,csv,864000,7,,,timestamp,,unknown (needs manual review),
sensor_data\main_data\immu\T08\T08_0731.csv,T08,csv,864000,7,,,timestamp,,unknown (needs manual review),
sensor_data\main_data\immu\T08\T08_0801.csv,T08,csv,864000,7,,,timestamp,,unknown (needs manual review),
sensor_data\main_data\immu\T08\T08_0802.csv,T08,csv,864000,7,,,timestamp,,unknown (needs manual review),
sensor_data\main_data\immu\T08\T08_0803.csv,T08,csv,864000,7,,,timestamp,,unknown (needs manual review),
sensor_data\main_data\immu\T08\T08_0804.csv,T08,csv,252119,7,,,timestamp,,unknown (needs manual review),
sensor_data\main_data\immu\T09\T09_0721.csv,T09,csv,414000,7,,,timestamp,,unknown (needs manual review),
sensor_data\main_data\immu\T09\T09_0722.csv,T09,csv,864000,7,,,timestamp,,unknown (needs manual review),
sensor_data\main_data\immu\T09\T09_0723.csv,T09,csv,864000,7,,,timestamp,,unknown (needs manual review),
sensor_data\main_data\immu\T09\T09_0724.csv,T09,csv,864000,7,,,timestamp,,unknown (needs manual review),
sensor_data\main_data\immu\T09\T09_0725.csv,T09,csv,864000,7,,,timestamp,,unknown (needs manual review),
sensor_data\main_data\immu\T09\T09_0726.csv,T09,csv,864000,7,,,timestamp,,unknown (needs manual review),
sensor_data\main_data\immu\T09\T09_0727.csv,T09,csv,863999,7,,,timestamp,,unknown (needs manual review),
sensor_data\main_data\immu\T09\T09_0728.csv,T09,csv,864000,7,,,timestamp,,unknown (needs manual review),
sensor_data\main_data\immu\T09\T09_0729.csv,T09,csv,864000,7,,,timestamp,,unknown (needs manual review),
sensor_data\main_data\immu\T09\T09_0730.csv,T09,csv,864000,7,,,timestamp,,unknown (needs manual review),
sensor_data\main_data\immu\T09\T09_0731.csv,T09,csv,864000,7,,,timestamp,,unknown (needs manual review),
sensor_data\main_data\immu\T09\T09_0801.csv,T09,csv,864000,7,,,timestamp,,unknown (needs manual review),
sensor_data\main_data\immu\T09\T09_0802.csv,T09,csv,864000,7,,,timestamp,,unknown (needs manual review),
sensor_data\main_data\immu\T09\T09_0803.csv,T09,csv,864000,7,,,timestamp,,unknown (needs manual review),
sensor_data\main_data\immu\T09\T09_0804.csv,T09,csv,251999,7,,,timestamp,,unknown (needs manual review),
sensor_data\main_data\immu\T10\T10_0721.csv,T10,csv,413970,7,,,timestamp,,unknown (needs manual review),
sensor_data\main_data\immu\T10\T10_0722.csv,T10,csv,863999,7,,,timestamp,,unknown (needs manual review),
sensor_data\main_data\immu\T10\T10_0723.csv,T10,csv,864000,7,,,timestamp,,unknown (needs manual review),
sensor_data\main_data\immu\T10\T10_0724.csv,T10,csv,864000,7,,,timestamp,,unknown (needs manual review),
sensor_data\main_data\immu\T10\T10_0725.csv,T10,csv,863999,7,,,timestamp,,unknown (needs manual review),
sensor_data\main_data\immu\T10\T10_0726.csv,T10,csv,863990,7,,,timestamp,,unknown (needs manual review),
sensor_data\main_data\immu\T10\T10_0727.csv,T10,csv,864000,7,,,timestamp,,unknown (needs manual review),
sensor_data\main_data\immu\T10\T10_0728.csv,T10,csv,864000,7,,,timestamp,,unknown (needs manual review),
sensor_data\main_data\immu\T10\T10_0729.csv,T10,csv,864000,7,,,timestamp,,unknown (needs manual review),
sensor_data\main_data\immu\T10\T10_0730.csv,T10,csv,864000,7,,,timestamp,,unknown (needs manual review),
sensor_data\main_data\immu\T10\T10_0731.csv,T10,csv,864000,7,,,timestamp,,unknown (needs manual review),
sensor_data\main_data\immu\T10\T10_0801.csv,T10,csv,864000,7,,,timestamp,,unknown (needs manual review),
sensor_data\main_data\immu\T10\T10_0802.csv,T10,csv,864000,7,,,timestamp,,unknown (needs manual review),
sensor_data\main_data\immu\T10\T10_0803.csv,T10,csv,864000,7,,,timestamp,,unknown (needs manual review),
sensor_data\main_data\immu\T10\T10_0804.csv,T10,csv,252079,7,,,timestamp,,unknown (needs manual review),
sensor_data\main_data\immu\T13\T13_0721.csv,T13,csv,161880,7,,,timestamp,,unknown (needs manual review),
sensor_data\main_data\immu\T13\T13_0722.csv,T13,csv,864000,7,,,timestamp,,unknown (needs manual review),
sensor_data\main_data\immu\T13\T13_0723.csv,T13,csv,864000,7,,,timestamp,,unknown (needs manual review),
sensor_data\main_data\immu\T13\T13_0724.csv,T13,csv,864000,7,,,timestamp,,unknown (needs manual review),
sensor_data\main_data\immu\T13\T13_0725.csv,T13,csv,864000,7,,,timestamp,,unknown (needs manual review),
sensor_data\main_data\immu\T13\T13_0726.csv,T13,csv,864000,7,,,timestamp,,unknown (needs manual review),
sensor_data\main_data\immu\T13\T13_0727.csv,T13,csv,864000,7,,,timestamp,,unknown (needs manual review),
sensor_data\main_data\immu\T13\T13_0728.csv,T13,csv,864000,7,,,timestamp,,unknown (needs manual review),
sensor_data\main_data\immu\T13\T13_0729.csv,T13,csv,864000,7,,,timestamp,,unknown (needs manual review),
sensor_data\main_data\immu\T13\T13_0730.csv,T13,csv,864000,7,,,timestamp,,unknown (needs manual review),
sensor_data\main_data\immu\T13\T13_0731.csv,T13,csv,864000,7,,,timestamp,,unknown (needs manual review),
sensor_data\main_data\immu\T13\T13_0801.csv,T13,csv,864000,7,,,timestamp,,unknown (needs manual review),
sensor_data\main_data\immu\T13\T13_0802.csv,T13,csv,864000,7,,,timestamp,,unknown (needs manual review),
sensor_data\main_data\immu\T13\T13_0803.csv,T13,csv,864000,7,,,timestamp,,unknown (needs manual review),
sensor_data\main_data\immu\T13\T13_0804.csv,T13,csv,252119,7,,,timestamp,,unknown (needs manual review),
sensor_data\main_data\immu\T14\T14_0721.csv,T14,csv,395990,7,,,timestamp,,unknown (needs manual review),
sensor_data\main_data\immu\T14\T14_0722.csv,T14,csv,864000,7,,,timestamp,,unknown (needs manual review),
sensor_data\main_data\immu\T14\T14_0723.csv,T14,csv,864000,7,,,timestamp,,unknown (needs manual review),
sensor_data\main_data\immu\T14\T14_0724.csv,T14,csv,864000,7,,,timestamp,,unknown (needs manual review),
sensor_data\main_data\immu\T14\T14_0725.csv,T14,csv,864000,7,,,timestamp,,unknown (needs manual review),
sensor_data\main_data\immu\T14\T14_0726.csv,T14,csv,864000,7,,,timestamp,,unknown (needs manual review),
sensor_data\main_data\immu\T14\T14_0727.csv,T14,csv,864000,7,,,timestamp,,unknown (needs manual review),
sensor_data\main_data\immu\T14\T14_0728.csv,T14,csv,864000,7,,,timestamp,,unknown (needs manual review),
sensor_data\main_data\immu\T14\T14_0729.csv,T14,csv,864000,7,,,timestamp,,unknown (needs manual review),
sensor_data\main_data\immu\T14\T14_0730.csv,T14,csv,864000,7,,,timestamp,,unknown (needs manual review),
sensor_data\main_data\immu\T14\T14_0731.csv,T14,csv,864000,7,,,timestamp,,unknown (needs manual review),
sensor_data\main_data\immu\T14\T14_0801.csv,T14,csv,864000,7,,,timestamp,,unknown (needs manual review),
sensor_data\main_data\immu\T14\T14_0802.csv,T14,csv,863999,7,,,timestamp,,unknown (needs manual review),
sensor_data\main_data\immu\T14\T14_0803.csv,T14,csv,864000,7,,,timestamp,,unknown (needs manual review),
sensor_data\main_data\immu\T14\T14_0804.csv,T14,csv,252009,7,,,timestamp,,unknown (needs manual review),
sensor_data\main_data\milk\C01.csv,milk,csv,15,3,,,timestamp,,unknown (needs manual review),
sensor_data\main_data\milk\C02.csv,milk,csv,15,3,,,timestamp,,unknown (needs manual review),
sensor_data\main_data\milk\C03.csv,milk,csv,15,3,,,timestamp,,unknown (needs manual review),
sensor_data\main_data\milk\C04.csv,milk,csv,15,3,,,timestamp,,unknown (needs manual review),
sensor_data\main_data\milk\C05.csv,milk,csv,15,3,,,timestamp,,unknown (needs manual review),
sensor_data\main_data\milk\C06.csv,milk,csv,15,3,,,timestamp,,unknown (needs manual review),
sensor_data\main_data\milk\C07.csv,milk,csv,15,3,,,timestamp,,unknown (needs manual review),
sensor_data\main_data\milk\C08.csv,milk,csv,15,3,,,timestamp,,unknown (needs manual review),
sensor_data\main_data\milk\C09.csv,milk,csv,15,3,,,timestamp,,unknown (needs manual review),
sensor_data\main_data\milk\C10.csv,milk,csv,15,3,,,timestamp,,unknown (needs manual review),
sensor_data\main_data\milk\C11.csv,milk,csv,15,3,,,timestamp,,unknown (needs manual review),
sensor_data\main_data\milk\C12.csv,milk,csv,15,3,,,timestamp,,unknown (needs manual review),
sensor_data\main_data\milk\C13.csv,milk,csv,15,3,,,timestamp,,unknown (needs manual review),
sensor_data\main_data\milk\C14.csv,milk,csv,15,3,,,timestamp,,unknown (needs manual review),
sensor_data\main_data\milk\C15.csv,milk,csv,15,3,,,timestamp,,unknown (needs manual review),
sensor_data\main_data\milk\C16.csv,milk,csv,15,3,,,timestamp,,unknown (needs manual review),
sensor_data\main_data\pressure\T01\T01_0721.csv,T01,csv,413910,3,,,timestamp,,unknown (needs manual review),
sensor_data\main_data\pressure\T01\T01_0722.csv,T01,csv,864000,3,,,timestamp,,unknown (needs manual review),
sensor_data\main_data\pressure\T01\T01_0723.csv,T01,csv,864000,3,,,timestamp,,unknown (needs manual review),
sensor_data\main_data\pressure\T01\T01_0724.csv,T01,csv,864000,3,,,timestamp,,unknown (needs manual review),
sensor_data\main_data\pressure\T01\T01_0725.csv,T01,csv,864000,3,,,timestamp,,unknown (needs manual review),
sensor_data\main_data\pressure\T01\T01_0726.csv,T01,csv,864000,3,,,timestamp,,unknown (needs manual review),
sensor_data\main_data\pressure\T01\T01_0727.csv,T01,csv,864000,3,,,timestamp,,unknown (needs manual review),
sensor_data\main_data\pressure\T01\T01_0728.csv,T01,csv,864000,3,,,timestamp,,unknown (needs manual review),
sensor_data\main_data\pressure\T01\T01_0729.csv,T01,csv,864000,3,,,timestamp,,unknown (needs manual review),
sensor_data\main_data\pressure\T01\T01_0730.csv,T01,csv,864000,3,,,timestamp,,unknown (needs manual review),
sensor_data\main_data\pressure\T01\T01_0731.csv,T01,csv,864000,3,,,timestamp,,unknown (needs manual review),
sensor_data\main_data\pressure\T01\T01_0801.csv,T01,csv,863999,3,,,timestamp,,unknown (needs manual review),
sensor_data\main_data\pressure\T01\T01_0802.csv,T01,csv,863990,3,,,timestamp,,unknown (needs manual review),
sensor_data\main_data\pressure\T01\T01_0803.csv,T01,csv,864000,3,,,timestamp,,unknown (needs manual review),
sensor_data\main_data\pressure\T01\T01_0804.csv,T01,csv,252149,3,,,timestamp,,unknown (needs manual review),
sensor_data\main_data\pressure\T02\T02_0721.csv,T02,csv,413930,3,,,timestamp,,unknown (needs manual review),
sensor_data\main_data\pressure\T02\T02_0722.csv,T02,csv,863999,3,,,timestamp,,unknown (needs manual review),
sensor_data\main_data\pressure\T02\T02_0723.csv,T02,csv,863990,3,,,timestamp,,unknown (needs manual review),
sensor_data\main_data\pressure\T02\T02_0724.csv,T02,csv,864000,3,,,timestamp,,unknown (needs manual review),
sensor_data\main_data\pressure\T02\T02_0725.csv,T02,csv,864000,3,,,timestamp,,unknown (needs manual review),
sensor_data\main_data\pressure\T02\T02_0726.csv,T02,csv,864000,3,,,timestamp,,unknown (needs manual review),
sensor_data\main_data\pressure\T02\T02_0727.csv,T02,csv,864000,3,,,timestamp,,unknown (needs manual review),
sensor_data\main_data\pressure\T02\T02_0728.csv,T02,csv,864000,3,,,timestamp,,unknown (needs manual review),
sensor_data\main_data\pressure\T02\T02_0729.csv,T02,csv,864000,3,,,timestamp,,unknown (needs manual review),
sensor_data\main_data\pressure\T02\T02_0730.csv,T02,csv,864000,3,,,timestamp,,unknown (needs manual review),
sensor_data\main_data\pressure\T02\T02_0731.csv,T02,csv,864000,3,,,timestamp,,unknown (needs manual review),
sensor_data\main_data\pressure\T02\T02_0801.csv,T02,csv,864000,3,,,timestamp,,unknown (needs manual review),
sensor_data\main_data\pressure\T02\T02_0802.csv,T02,csv,864000,3,,,timestamp,,unknown (needs manual review),
sensor_data\main_data\pressure\T02\T02_0803.csv,T02,csv,864000,3,,,timestamp,,unknown (needs manual review),
sensor_data\main_data\pressure\T02\T02_0804.csv,T02,csv,249969,3,,,timestamp,,unknown (needs manual review),
sensor_data\main_data\pressure\T03\T03_0721.csv,T03,csv,413950,3,,,timestamp,,unknown (needs manual review),
sensor_data\main_data\pressure\T03\T03_0722.csv,T03,csv,864000,3,,,timestamp,,unknown (needs manual review),
sensor_data\main_data\pressure\T03\T03_0723.csv,T03,csv,864000,3,,,timestamp,,unknown (needs manual review),
sensor_data\main_data\pressure\T03\T03_0724.csv,T03,csv,864000,3,,,timestamp,,unknown (needs manual review),
sensor_data\main_data\pressure\T03\T03_0725.csv,T03,csv,864000,3,,,timestamp,,unknown (needs manual review),
sensor_data\main_data\pressure\T03\T03_0726.csv,T03,csv,864000,3,,,timestamp,,unknown (needs manual review),
sensor_data\main_data\pressure\T03\T03_0727.csv,T03,csv,864000,3,,,timestamp,,unknown (needs manual review),
sensor_data\main_data\pressure\T03\T03_0728.csv,T03,csv,864000,3,,,timestamp,,unknown (needs manual review),
sensor_data\main_data\pressure\T03\T03_0729.csv,T03,csv,863999,3,,,timestamp,,unknown (needs manual review),
sensor_data\main_data\pressure\T03\T03_0730.csv,T03,csv,863999,3,,,timestamp,,unknown (needs manual review),
sensor_data\main_data\pressure\T03\T03_0731.csv,T03,csv,864000,3,,,timestamp,,unknown (needs manual review),
sensor_data\main_data\pressure\T03\T03_0801.csv,T03,csv,864000,3,,,timestamp,,unknown (needs manual review),
sensor_data\main_data\pressure\T03\T03_0802.csv,T03,csv,864000,3,,,timestamp,,unknown (needs manual review),
sensor_data\main_data\pressure\T03\T03_0803.csv,T03,csv,864000,3,,,timestamp,,unknown (needs manual review),
sensor_data\main_data\pressure\T03\T03_0804.csv,T03,csv,252129,3,,,timestamp,,unknown (needs manual review),
sensor_data\main_data\pressure\T04\T04_0721.csv,T04,csv,413910,3,,,timestamp,,unknown (needs manual review),
sensor_data\main_data\pressure\T04\T04_0722.csv,T04,csv,864000,3,,,timestamp,,unknown (needs manual review),
sensor_data\main_data\pressure\T04\T04_0723.csv,T04,csv,864000,3,,,timestamp,,unknown (needs manual review),
sensor_data\main_data\pressure\T04\T04_0724.csv,T04,csv,864000,3,,,timestamp,,unknown (needs manual review),
sensor_data\main_data\pressure\T04\T04_0725.csv,T04,csv,864000,3,,,timestamp,,unknown (needs manual review),
sensor_data\main_data\pressure\T04\T04_0726.csv,T04,csv,864000,3,,,timestamp,,unknown (needs manual review),
sensor_data\main_data\pressure\T04\T04_0727.csv,T04,csv,864000,3,,,timestamp,,unknown (needs manual review),
sensor_data\main_data\pressure\T04\T04_0728.csv,T04,csv,864000,3,,,timestamp,,unknown (needs manual review),
sensor_data\main_data\pressure\T04\T04_0729.csv,T04,csv,864000,3,,,timestamp,,unknown (needs manual review),
sensor_data\main_data\pressure\T04\T04_0730.csv,T04,csv,864000,3,,,timestamp,,unknown (needs manual review),
sensor_data\main_data\pressure\T04\T04_0731.csv,T04,csv,864000,3,,,timestamp,,unknown (needs manual review),
sensor_data\main_data\pressure\T04\T04_0801.csv,T04,csv,864000,3,,,timestamp,,unknown (needs manual review),
sensor_data\main_data\pressure\T04\T04_0802.csv,T04,csv,864000,3,,,timestamp,,unknown (needs manual review),
sensor_data\main_data\pressure\T04\T04_0803.csv,T04,csv,864000,3,,,timestamp,,unknown (needs manual review),
sensor_data\main_data\pressure\T04\T04_0804.csv,T04,csv,252089,3,,,timestamp,,unknown (needs manual review),
sensor_data\main_data\pressure\T05\T05_0721.csv,T05,csv,413940,3,,,timestamp,,unknown (needs manual review),
sensor_data\main_data\pressure\T05\T05_0722.csv,T05,csv,864000,3,,,timestamp,,unknown (needs manual review),
sensor_data\main_data\pressure\T05\T05_0723.csv,T05,csv,864000,3,,,timestamp,,unknown (needs manual review),
sensor_data\main_data\pressure\T05\T05_0724.csv,T05,csv,864000,3,,,timestamp,,unknown (needs manual review),
sensor_data\main_data\pressure\T05\T05_0725.csv,T05,csv,864000,3,,,timestamp,,unknown (needs manual review),
sensor_data\main_data\pressure\T05\T05_0726.csv,T05,csv,864000,3,,,timestamp,,unknown (needs manual review),
sensor_data\main_data\pressure\T05\T05_0727.csv,T05,csv,864000,3,,,timestamp,,unknown (needs manual review),
sensor_data\main_data\pressure\T05\T05_0728.csv,T05,csv,864000,3,,,timestamp,,unknown (needs manual review),
sensor_data\main_data\pressure\T05\T05_0729.csv,T05,csv,864000,3,,,timestamp,,unknown (needs manual review),
sensor_data\main_data\pressure\T05\T05_0730.csv,T05,csv,864000,3,,,timestamp,,unknown (needs manual review),
sensor_data\main_data\pressure\T05\T05_0731.csv,T05,csv,864000,3,,,timestamp,,unknown (needs manual review),
sensor_data\main_data\pressure\T05\T05_0801.csv,T05,csv,864000,3,,,timestamp,,unknown (needs manual review),
sensor_data\main_data\pressure\T05\T05_0802.csv,T05,csv,864000,3,,,timestamp,,unknown (needs manual review),
sensor_data\main_data\pressure\T05\T05_0803.csv,T05,csv,864000,3,,,timestamp,,unknown (needs manual review),
sensor_data\main_data\pressure\T05\T05_0804.csv,T05,csv,252079,3,,,timestamp,,unknown (needs manual review),
sensor_data\main_data\pressure\T06\T06_0721.csv,T06,csv,413880,3,,,timestamp,,unknown (needs manual review),
sensor_data\main_data\pressure\T06\T06_0722.csv,T06,csv,864000,3,,,timestamp,,unknown (needs manual review),
sensor_data\main_data\pressure\T06\T06_0723.csv,T06,csv,864000,3,,,timestamp,,unknown (needs manual review),
sensor_data\main_data\pressure\T06\T06_0724.csv,T06,csv,864000,3,,,timestamp,,unknown (needs manual review),
sensor_data\main_data\pressure\T06\T06_0725.csv,T06,csv,863999,3,,,timestamp,,unknown (needs manual review),
sensor_data\main_data\pressure\T06\T06_0726.csv,T06,csv,864000,3,,,timestamp,,unknown (needs manual review),
sensor_data\main_data\pressure\T06\T06_0727.csv,T06,csv,864000,3,,,timestamp,,unknown (needs manual review),
sensor_data\main_data\pressure\T06\T06_0728.csv,T06,csv,864000,3,,,timestamp,,unknown (needs manual review),
sensor_data\main_data\pressure\T06\T06_0729.csv,T06,csv,864000,3,,,timestamp,,unknown (needs manual review),
sensor_data\main_data\pressure\T06\T06_0730.csv,T06,csv,864000,3,,,timestamp,,unknown (needs manual review),
sensor_data\main_data\pressure\T06\T06_0731.csv,T06,csv,864000,3,,,timestamp,,unknown (needs manual review),
sensor_data\main_data\pressure\T06\T06_0801.csv,T06,csv,864000,3,,,timestamp,,unknown (needs manual review),
sensor_data\main_data\pressure\T06\T06_0802.csv,T06,csv,864000,3,,,timestamp,,unknown (needs manual review),
sensor_data\main_data\pressure\T06\T06_0803.csv,T06,csv,864000,3,,,timestamp,,unknown (needs manual review),
sensor_data\main_data\pressure\T06\T06_0804.csv,T06,csv,252079,3,,,timestamp,,unknown (needs manual review),
sensor_data\main_data\pressure\T07\T07_0721.csv,T07,csv,179930,3,,,timestamp,,unknown (needs manual review),
sensor_data\main_data\pressure\T07\T07_0722.csv,T07,csv,864000,3,,,timestamp,,unknown (needs manual review),
sensor_data\main_data\pressure\T07\T07_0723.csv,T07,csv,864000,3,,,timestamp,,unknown (needs manual review),
sensor_data\main_data\pressure\T07\T07_0724.csv,T07,csv,864000,3,,,timestamp,,unknown (needs manual review),
sensor_data\main_data\pressure\T07\T07_0725.csv,T07,csv,864000,3,,,timestamp,,unknown (needs manual review),
sensor_data\main_data\pressure\T07\T07_0726.csv,T07,csv,864000,3,,,timestamp,,unknown (needs manual review),
sensor_data\main_data\pressure\T07\T07_0727.csv,T07,csv,864000,3,,,timestamp,,unknown (needs manual review),
sensor_data\main_data\pressure\T07\T07_0728.csv,T07,csv,864000,3,,,timestamp,,unknown (needs manual review),
sensor_data\main_data\pressure\T07\T07_0729.csv,T07,csv,864000,3,,,timestamp,,unknown (needs manual review),
sensor_data\main_data\pressure\T07\T07_0730.csv,T07,csv,864000,3,,,timestamp,,unknown (needs manual review),
sensor_data\main_data\pressure\T07\T07_0731.csv,T07,csv,864000,3,,,timestamp,,unknown (needs manual review),
sensor_data\main_data\pressure\T07\T07_0801.csv,T07,csv,864000,3,,,timestamp,,unknown (needs manual review),
sensor_data\main_data\pressure\T07\T07_0802.csv,T07,csv,864000,3,,,timestamp,,unknown (needs manual review),
sensor_data\main_data\pressure\T07\T07_0803.csv,T07,csv,864000,3,,,timestamp,,unknown (needs manual review),
sensor_data\main_data\pressure\T07\T07_0804.csv,T07,csv,252079,3,,,timestamp,,unknown (needs manual review),
sensor_data\main_data\pressure\T08\T08_0721.csv,T08,csv,413939,3,,,timestamp,,unknown (needs manual review),
sensor_data\main_data\pressure\T08\T08_0722.csv,T08,csv,863980,3,,,timestamp,,unknown (needs manual review),
sensor_data\main_data\pressure\T08\T08_0723.csv,T08,csv,864000,3,,,timestamp,,unknown (needs manual review),
sensor_data\main_data\pressure\T08\T08_0724.csv,T08,csv,864000,3,,,timestamp,,unknown (needs manual review),
sensor_data\main_data\pressure\T08\T08_0725.csv,T08,csv,863999,3,,,timestamp,,unknown (needs manual review),
sensor_data\main_data\pressure\T08\T08_0726.csv,T08,csv,864000,3,,,timestamp,,unknown (needs manual review),
sensor_data\main_data\pressure\T08\T08_0727.csv,T08,csv,864000,3,,,timestamp,,unknown (needs manual review),
sensor_data\main_data\pressure\T08\T08_0728.csv,T08,csv,864000,3,,,timestamp,,unknown (needs manual review),
sensor_data\main_data\pressure\T08\T08_0729.csv,T08,csv,864000,3,,,timestamp,,unknown (needs manual review),
sensor_data\main_data\pressure\T08\T08_0730.csv,T08,csv,864000,3,,,timestamp,,unknown (needs manual review),
sensor_data\main_data\pressure\T08\T08_0731.csv,T08,csv,864000,3,,,timestamp,,unknown (needs manual review),
sensor_data\main_data\pressure\T08\T08_0801.csv,T08,csv,864000,3,,,timestamp,,unknown (needs manual review),
sensor_data\main_data\pressure\T08\T08_0802.csv,T08,csv,864000,3,,,timestamp,,unknown (needs manual review),
sensor_data\main_data\pressure\T08\T08_0803.csv,T08,csv,864000,3,,,timestamp,,unknown (needs manual review),
sensor_data\main_data\pressure\T08\T08_0804.csv,T08,csv,252119,3,,,timestamp,,unknown (needs manual review),
sensor_data\main_data\pressure\T09\T09_0721.csv,T09,csv,414000,3,,,timestamp,,unknown (needs manual review),
sensor_data\main_data\pressure\T09\T09_0722.csv,T09,csv,864000,3,,,timestamp,,unknown (needs manual review),
sensor_data\main_data\pressure\T09\T09_0723.csv,T09,csv,864000,3,,,timestamp,,unknown (needs manual review),
sensor_data\main_data\pressure\T09\T09_0724.csv,T09,csv,864000,3,,,timestamp,,unknown (needs manual review),
sensor_data\main_data\pressure\T09\T09_0725.csv,T09,csv,864000,3,,,timestamp,,unknown (needs manual review),
sensor_data\main_data\pressure\T09\T09_0726.csv,T09,csv,864000,3,,,timestamp,,unknown (needs manual review),
sensor_data\main_data\pressure\T09\T09_0727.csv,T09,csv,863999,3,,,timestamp,,unknown (needs manual review),
sensor_data\main_data\pressure\T09\T09_0728.csv,T09,csv,864000,3,,,timestamp,,unknown (needs manual review),
sensor_data\main_data\pressure\T09\T09_0729.csv,T09,csv,864000,3,,,timestamp,,unknown (needs manual review),
sensor_data\main_data\pressure\T09\T09_0730.csv,T09,csv,864000,3,,,timestamp,,unknown (needs manual review),
sensor_data\main_data\pressure\T09\T09_0731.csv,T09,csv,864000,3,,,timestamp,,unknown (needs manual review),
sensor_data\main_data\pressure\T09\T09_0801.csv,T09,csv,864000,3,,,timestamp,,unknown (needs manual review),
sensor_data\main_data\pressure\T09\T09_0802.csv,T09,csv,864000,3,,,timestamp,,unknown (needs manual review),
sensor_data\main_data\pressure\T09\T09_0803.csv,T09,csv,864000,3,,,timestamp,,unknown (needs manual review),
sensor_data\main_data\pressure\T09\T09_0804.csv,T09,csv,251999,3,,,timestamp,,unknown (needs manual review),
sensor_data\main_data\pressure\T10\T10_0721.csv,T10,csv,413970,3,,,timestamp,,unknown (needs manual review),
sensor_data\main_data\pressure\T10\T10_0722.csv,T10,csv,863999,3,,,timestamp,,unknown (needs manual review),
sensor_data\main_data\pressure\T10\T10_0723.csv,T10,csv,864000,3,,,timestamp,,unknown (needs manual review),
sensor_data\main_data\pressure\T10\T10_0724.csv,T10,csv,864000,3,,,timestamp,,unknown (needs manual review),
sensor_data\main_data\pressure\T10\T10_0725.csv,T10,csv,863999,3,,,timestamp,,unknown (needs manual review),
sensor_data\main_data\pressure\T10\T10_0726.csv,T10,csv,863990,3,,,timestamp,,unknown (needs manual review),
sensor_data\main_data\pressure\T10\T10_0727.csv,T10,csv,864000,3,,,timestamp,,unknown (needs manual review),
sensor_data\main_data\pressure\T10\T10_0728.csv,T10,csv,864000,3,,,timestamp,,unknown (needs manual review),
sensor_data\main_data\pressure\T10\T10_0729.csv,T10,csv,864000,3,,,timestamp,,unknown (needs manual review),
sensor_data\main_data\pressure\T10\T10_0730.csv,T10,csv,864000,3,,,timestamp,,unknown (needs manual review),
sensor_data\main_data\pressure\T10\T10_0731.csv,T10,csv,864000,3,,,timestamp,,unknown (needs manual review),
sensor_data\main_data\pressure\T10\T10_0801.csv,T10,csv,864000,3,,,timestamp,,unknown (needs manual review),
sensor_data\main_data\pressure\T10\T10_0802.csv,T10,csv,864000,3,,,timestamp,,unknown (needs manual review),
sensor_data\main_data\pressure\T10\T10_0803.csv,T10,csv,864000,3,,,timestamp,,unknown (needs manual review),
sensor_data\main_data\pressure\T10\T10_0804.csv,T10,csv,252079,3,,,timestamp,,unknown (needs manual review),
sensor_data\main_data\pressure\T13\T13_0721.csv,T13,csv,161880,3,,,timestamp,,unknown (needs manual review),
sensor_data\main_data\pressure\T13\T13_0722.csv,T13,csv,864000,3,,,timestamp,,unknown (needs manual review),
sensor_data\main_data\pressure\T13\T13_0723.csv,T13,csv,864000,3,,,timestamp,,unknown (needs manual review),
sensor_data\main_data\pressure\T13\T13_0724.csv,T13,csv,864000,3,,,timestamp,,unknown (needs manual review),
sensor_data\main_data\pressure\T13\T13_0725.csv,T13,csv,864000,3,,,timestamp,,unknown (needs manual review),
sensor_data\main_data\pressure\T13\T13_0726.csv,T13,csv,864000,3,,,timestamp,,unknown (needs manual review),
sensor_data\main_data\pressure\T13\T13_0727.csv,T13,csv,864000,3,,,timestamp,,unknown (needs manual review),
sensor_data\main_data\pressure\T13\T13_0728.csv,T13,csv,864000,3,,,timestamp,,unknown (needs manual review),
sensor_data\main_data\pressure\T13\T13_0729.csv,T13,csv,864000,3,,,timestamp,,unknown (needs manual review),
sensor_data\main_data\pressure\T13\T13_0730.csv,T13,csv,864000,3,,,timestamp,,unknown (needs manual review),
sensor_data\main_data\pressure\T13\T13_0731.csv,T13,csv,864000,3,,,timestamp,,unknown (needs manual review),
sensor_data\main_data\pressure\T13\T13_0801.csv,T13,csv,864000,3,,,timestamp,,unknown (needs manual review),
sensor_data\main_data\pressure\T13\T13_0802.csv,T13,csv,864000,3,,,timestamp,,unknown (needs manual review),
sensor_data\main_data\pressure\T13\T13_0803.csv,T13,csv,864000,3,,,timestamp,,unknown (needs manual review),
sensor_data\main_data\pressure\T13\T13_0804.csv,T13,csv,252119,3,,,timestamp,,unknown (needs manual review),
sensor_data\main_data\pressure\T14\T14_0721.csv,T14,csv,395990,3,,,timestamp,,unknown (needs manual review),
sensor_data\main_data\pressure\T14\T14_0722.csv,T14,csv,864000,3,,,timestamp,,unknown (needs manual review),
sensor_data\main_data\pressure\T14\T14_0723.csv,T14,csv,864000,3,,,timestamp,,unknown (needs manual review),
sensor_data\main_data\pressure\T14\T14_0724.csv,T14,csv,864000,3,,,timestamp,,unknown (needs manual review),
sensor_data\main_data\pressure\T14\T14_0725.csv,T14,csv,864000,3,,,timestamp,,unknown (needs manual review),
sensor_data\main_data\pressure\T14\T14_0726.csv,T14,csv,864000,3,,,timestamp,,unknown (needs manual review),
sensor_data\main_data\pressure\T14\T14_0727.csv,T14,csv,864000,3,,,timestamp,,unknown (needs manual review),
sensor_data\main_data\pressure\T14\T14_0728.csv,T14,csv,864000,3,,,timestamp,,unknown (needs manual review),
sensor_data\main_data\pressure\T14\T14_0729.csv,T14,csv,864000,3,,,timestamp,,unknown (needs manual review),
sensor_data\main_data\pressure\T14\T14_0730.csv,T14,csv,864000,3,,,timestamp,,unknown (needs manual review),
sensor_data\main_data\pressure\T14\T14_0731.csv,T14,csv,864000,3,,,timestamp,,unknown (needs manual review),
sensor_data\main_data\pressure\T14\T14_0801.csv,T14,csv,864000,3,,,timestamp,,unknown (needs manual review),
sensor_data\main_data\pressure\T14\T14_0802.csv,T14,csv,863999,3,,,timestamp,,unknown (needs manual review),
sensor_data\main_data\pressure\T14\T14_0803.csv,T14,csv,864000,3,,,timestamp,,unknown (needs manual review),
sensor_data\main_data\pressure\T14\T14_0804.csv,T14,csv,252009,3,,,timestamp,,unknown (needs manual review),
sensor_data\main_data\thi\average.csv,thi,csv,19831,4,humidity_per,,timestamp,,unknown (needs manual review),
sensor_data\main_data\thi\S01.csv,thi,csv,19831,4,humidity_per,,timestamp,,unknown (needs manual review),
sensor_data\main_data\thi\S02.csv,thi,csv,19831,4,humidity_per,,timestamp,,unknown (needs manual review),
sensor_data\main_data\thi\S03.csv,thi,csv,19831,4,humidity_per,,timestamp,,unknown (needs manual review),
sensor_data\main_data\thi\S04.csv,thi,csv,19831,4,humidity_per,,timestamp,,unknown (needs manual review),
sensor_data\main_data\thi\S05.csv,thi,csv,19500,4,humidity_per,,timestamp,,unknown (needs manual review),
sensor_data\main_data\thi\S06.csv,thi,csv,19831,4,humidity_per,,timestamp,,unknown (needs manual review),
sensor_data\main_data\uwb\T01\T01_0721.csv,T01,csv,2754,4,,,timestamp,,unknown (needs manual review),
sensor_data\main_data\uwb\T01\T01_0722.csv,T01,csv,5750,4,,,timestamp,,unknown (needs manual review),
sensor_data\main_data\uwb\T01\T01_0723.csv,T01,csv,5745,4,,,timestamp,,unknown (needs manual review),
sensor_data\main_data\uwb\T01\T01_0724.csv,T01,csv,5745,4,,,timestamp,,unknown (needs manual review),
sensor_data\main_data\uwb\T01\T01_0725.csv,T01,csv,5745,4,,,timestamp,,unknown (needs manual review),
sensor_data\main_data\uwb\T01\T01_0726.csv,T01,csv,5742,4,,,timestamp,,unknown (needs manual review),
sensor_data\main_data\uwb\T01\T01_0727.csv,T01,csv,5744,4,,,timestamp,,unknown (needs manual review),
sensor_data\main_data\uwb\T01\T01_0728.csv,T01,csv,5743,4,,,timestamp,,unknown (needs manual review),
sensor_data\main_data\uwb\T01\T01_0729.csv,T01,csv,5745,4,,,timestamp,,unknown (needs manual review),
sensor_data\main_data\uwb\T01\T01_0730.csv,T01,csv,5746,4,,,timestamp,,unknown (needs manual review),
sensor_data\main_data\uwb\T01\T01_0731.csv,T01,csv,5745,4,,,timestamp,,unknown (needs manual review),
sensor_data\main_data\uwb\T01\T01_0801.csv,T01,csv,5744,4,,,timestamp,,unknown (needs manual review),
sensor_data\main_data\uwb\T01\T01_0802.csv,T01,csv,5746,4,,,timestamp,,unknown (needs manual review),
sensor_data\main_data\uwb\T01\T01_0803.csv,T01,csv,5742,4,,,timestamp,,unknown (needs manual review),
sensor_data\main_data\uwb\T01\T01_0804.csv,T01,csv,1674,4,,,timestamp,,unknown (needs manual review),
sensor_data\main_data\uwb\T02\T02_0721.csv,T02,csv,2753,4,,,timestamp,,unknown (needs manual review),
sensor_data\main_data\uwb\T02\T02_0722.csv,T02,csv,5740,4,,,timestamp,,unknown (needs manual review),
sensor_data\main_data\uwb\T02\T02_0723.csv,T02,csv,5741,4,,,timestamp,,unknown (needs manual review),
sensor_data\main_data\uwb\T02\T02_0724.csv,T02,csv,5738,4,,,timestamp,,unknown (needs manual review),
sensor_data\main_data\uwb\T02\T02_0725.csv,T02,csv,5736,4,,,timestamp,,unknown (needs manual review),
sensor_data\main_data\uwb\T02\T02_0726.csv,T02,csv,5743,4,,,timestamp,,unknown (needs manual review),
sensor_data\main_data\uwb\T02\T02_0727.csv,T02,csv,5743,4,,,timestamp,,unknown (needs manual review),
sensor_data\main_data\uwb\T02\T02_0728.csv,T02,csv,5742,4,,,timestamp,,unknown (needs manual review),
sensor_data\main_data\uwb\T02\T02_0729.csv,T02,csv,5741,4,,,timestamp,,unknown (needs manual review),
sensor_data\main_data\uwb\T02\T02_0730.csv,T02,csv,5738,4,,,timestamp,,unknown (needs manual review),
sensor_data\main_data\uwb\T02\T02_0731.csv,T02,csv,5739,4,,,timestamp,,unknown (needs manual review),
sensor_data\main_data\uwb\T02\T02_0801.csv,T02,csv,5741,4,,,timestamp,,unknown (needs manual review),
sensor_data\main_data\uwb\T02\T02_0802.csv,T02,csv,5743,4,,,timestamp,,unknown (needs manual review),
sensor_data\main_data\uwb\T02\T02_0803.csv,T02,csv,5738,4,,,timestamp,,unknown (needs manual review),
sensor_data\main_data\uwb\T02\T02_0804.csv,T02,csv,1660,4,,,timestamp,,unknown (needs manual review),
sensor_data\main_data\uwb\T03\T03_0721.csv,T03,csv,2752,4,,,timestamp,,unknown (needs manual review),
sensor_data\main_data\uwb\T03\T03_0722.csv,T03,csv,5745,4,,,timestamp,,unknown (needs manual review),
sensor_data\main_data\uwb\T03\T03_0723.csv,T03,csv,5743,4,,,timestamp,,unknown (needs manual review),
sensor_data\main_data\uwb\T03\T03_0724.csv,T03,csv,5742,4,,,timestamp,,unknown (needs manual review),
sensor_data\main_data\uwb\T03\T03_0725.csv,T03,csv,5736,4,,,timestamp,,unknown (needs manual review),
sensor_data\main_data\uwb\T03\T03_0726.csv,T03,csv,5739,4,,,timestamp,,unknown (needs manual review),
sensor_data\main_data\uwb\T03\T03_0727.csv,T03,csv,5745,4,,,timestamp,,unknown (needs manual review),
sensor_data\main_data\uwb\T03\T03_0728.csv,T03,csv,5741,4,,,timestamp,,unknown (needs manual review),
sensor_data\main_data\uwb\T03\T03_0729.csv,T03,csv,5741,4,,,timestamp,,unknown (needs manual review),
sensor_data\main_data\uwb\T03\T03_0730.csv,T03,csv,5740,4,,,timestamp,,unknown (needs manual review),
sensor_data\main_data\uwb\T03\T03_0731.csv,T03,csv,5741,4,,,timestamp,,unknown (needs manual review),
sensor_data\main_data\uwb\T03\T03_0801.csv,T03,csv,5743,4,,,timestamp,,unknown (needs manual review),
sensor_data\main_data\uwb\T03\T03_0802.csv,T03,csv,5740,4,,,timestamp,,unknown (needs manual review),
sensor_data\main_data\uwb\T03\T03_0803.csv,T03,csv,5743,4,,,timestamp,,unknown (needs manual review),
sensor_data\main_data\uwb\T03\T03_0804.csv,T03,csv,1675,4,,,timestamp,,unknown (needs manual review),
sensor_data\main_data\uwb\T04\T04_0721.csv,T04,csv,2751,4,,,timestamp,,unknown (needs manual review),
sensor_data\main_data\uwb\T04\T04_0722.csv,T04,csv,5742,4,,,timestamp,,unknown (needs manual review),
sensor_data\main_data\uwb\T04\T04_0723.csv,T04,csv,5743,4,,,timestamp,,unknown (needs manual review),
sensor_data\main_data\uwb\T04\T04_0724.csv,T04,csv,5741,4,,,timestamp,,unknown (needs manual review),
sensor_data\main_data\uwb\T04\T04_0725.csv,T04,csv,5742,4,,,timestamp,,unknown (needs manual review),
sensor_data\main_data\uwb\T04\T04_0726.csv,T04,csv,5737,4,,,timestamp,,unknown (needs manual review),
sensor_data\main_data\uwb\T04\T04_0727.csv,T04,csv,5746,4,,,timestamp,,unknown (needs manual review),
sensor_data\main_data\uwb\T04\T04_0728.csv,T04,csv,5745,4,,,timestamp,,unknown (needs manual review),
sensor_data\main_data\uwb\T04\T04_0729.csv,T04,csv,5737,4,,,timestamp,,unknown (needs manual review),
sensor_data\main_data\uwb\T04\T04_0730.csv,T04,csv,5736,4,,,timestamp,,unknown (needs manual review),
sensor_data\main_data\uwb\T04\T04_0731.csv,T04,csv,5741,4,,,timestamp,,unknown (needs manual review),
sensor_data\main_data\uwb\T04\T04_0801.csv,T04,csv,5741,4,,,timestamp,,unknown (needs manual review),
sensor_data\main_data\uwb\T04\T04_0802.csv,T04,csv,5739,4,,,timestamp,,unknown (needs manual review),
sensor_data\main_data\uwb\T04\T04_0803.csv,T04,csv,5734,4,,,timestamp,,unknown (needs manual review),
sensor_data\main_data\uwb\T04\T04_0804.csv,T04,csv,1674,4,,,timestamp,,unknown (needs manual review),
sensor_data\main_data\uwb\T05\T05_0721.csv,T05,csv,2753,4,,,timestamp,,unknown (needs manual review),
sensor_data\main_data\uwb\T05\T05_0722.csv,T05,csv,5743,4,,,timestamp,,unknown (needs manual review),
sensor_data\main_data\uwb\T05\T05_0723.csv,T05,csv,5738,4,,,timestamp,,unknown (needs manual review),
sensor_data\main_data\uwb\T05\T05_0724.csv,T05,csv,5743,4,,,timestamp,,unknown (needs manual review),
sensor_data\main_data\uwb\T05\T05_0725.csv,T05,csv,5735,4,,,timestamp,,unknown (needs manual review),
sensor_data\main_data\uwb\T05\T05_0726.csv,T05,csv,5742,4,,,timestamp,,unknown (needs manual review),
sensor_data\main_data\uwb\T05\T05_0727.csv,T05,csv,5740,4,,,timestamp,,unknown (needs manual review),
sensor_data\main_data\uwb\T05\T05_0728.csv,T05,csv,5740,4,,,timestamp,,unknown (needs manual review),
sensor_data\main_data\uwb\T05\T05_0729.csv,T05,csv,5739,4,,,timestamp,,unknown (needs manual review),
sensor_data\main_data\uwb\T05\T05_0730.csv,T05,csv,5736,4,,,timestamp,,unknown (needs manual review),
sensor_data\main_data\uwb\T05\T05_0731.csv,T05,csv,5745,4,,,timestamp,,unknown (needs manual review),
sensor_data\main_data\uwb\T05\T05_0801.csv,T05,csv,5740,4,,,timestamp,,unknown (needs manual review),
sensor_data\main_data\uwb\T05\T05_0802.csv,T05,csv,5735,4,,,timestamp,,unknown (needs manual review),
sensor_data\main_data\uwb\T05\T05_0803.csv,T05,csv,5736,4,,,timestamp,,unknown (needs manual review),
sensor_data\main_data\uwb\T05\T05_0804.csv,T05,csv,1678,4,,,timestamp,,unknown (needs manual review),
sensor_data\main_data\uwb\T06\T06_0721.csv,T06,csv,2753,4,,,timestamp,,unknown (needs manual review),
sensor_data\main_data\uwb\T06\T06_0722.csv,T06,csv,5739,4,,,timestamp,,unknown (needs manual review),
sensor_data\main_data\uwb\T06\T06_0723.csv,T06,csv,5741,4,,,timestamp,,unknown (needs manual review),
sensor_data\main_data\uwb\T06\T06_0724.csv,T06,csv,5735,4,,,timestamp,,unknown (needs manual review),
sensor_data\main_data\uwb\T06\T06_0725.csv,T06,csv,5737,4,,,timestamp,,unknown (needs manual review),
sensor_data\main_data\uwb\T06\T06_0726.csv,T06,csv,5716,4,,,timestamp,,unknown (needs manual review),
sensor_data\main_data\uwb\T06\T06_0727.csv,T06,csv,5735,4,,,timestamp,,unknown (needs manual review),
sensor_data\main_data\uwb\T06\T06_0728.csv,T06,csv,5629,4,,,timestamp,,unknown (needs manual review),
sensor_data\main_data\uwb\T06\T06_0729.csv,T06,csv,5641,4,,,timestamp,,unknown (needs manual review),
sensor_data\main_data\uwb\T06\T06_0730.csv,T06,csv,5748,4,,,timestamp,,unknown (needs manual review),
sensor_data\main_data\uwb\T06\T06_0731.csv,T06,csv,5741,4,,,timestamp,,unknown (needs manual review),
sensor_data\main_data\uwb\T06\T06_0801.csv,T06,csv,5740,4,,,timestamp,,unknown (needs manual review),
sensor_data\main_data\uwb\T06\T06_0802.csv,T06,csv,5744,4,,,timestamp,,unknown (needs manual review),
sensor_data\main_data\uwb\T06\T06_0803.csv,T06,csv,5739,4,,,timestamp,,unknown (needs manual review),
sensor_data\main_data\uwb\T06\T06_0804.csv,T06,csv,1673,4,,,timestamp,,unknown (needs manual review),
sensor_data\main_data\uwb\T07\T07_0721.csv,T07,csv,1195,4,,,timestamp,,unknown (needs manual review),
sensor_data\main_data\uwb\T07\T07_0722.csv,T07,csv,5738,4,,,timestamp,,unknown (needs manual review),
sensor_data\main_data\uwb\T07\T07_0723.csv,T07,csv,5742,4,,,timestamp,,unknown (needs manual review),
sensor_data\main_data\uwb\T07\T07_0724.csv,T07,csv,5740,4,,,timestamp,,unknown (needs manual review),
sensor_data\main_data\uwb\T07\T07_0725.csv,T07,csv,5733,4,,,timestamp,,unknown (needs manual review),
sensor_data\main_data\uwb\T07\T07_0726.csv,T07,csv,5735,4,,,timestamp,,unknown (needs manual review),
sensor_data\main_data\uwb\T07\T07_0727.csv,T07,csv,5738,4,,,timestamp,,unknown (needs manual review),
sensor_data\main_data\uwb\T07\T07_0728.csv,T07,csv,5742,4,,,timestamp,,unknown (needs manual review),
sensor_data\main_data\uwb\T07\T07_0729.csv,T07,csv,5734,4,,,timestamp,,unknown (needs manual review),
sensor_data\main_data\uwb\T07\T07_0730.csv,T07,csv,5736,4,,,timestamp,,unknown (needs manual review),
sensor_data\main_data\uwb\T07\T07_0731.csv,T07,csv,5736,4,,,timestamp,,unknown (needs manual review),
sensor_data\main_data\uwb\T07\T07_0801.csv,T07,csv,5739,4,,,timestamp,,unknown (needs manual review),
sensor_data\main_data\uwb\T07\T07_0802.csv,T07,csv,5737,4,,,timestamp,,unknown (needs manual review),
sensor_data\main_data\uwb\T07\T07_0803.csv,T07,csv,5743,4,,,timestamp,,unknown (needs manual review),
sensor_data\main_data\uwb\T07\T07_0804.csv,T07,csv,1673,4,,,timestamp,,unknown (needs manual review),
sensor_data\main_data\uwb\T08\T08_0721.csv,T08,csv,2747,4,,,timestamp,,unknown (needs manual review),
sensor_data\main_data\uwb\T08\T08_0722.csv,T08,csv,5736,4,,,timestamp,,unknown (needs manual review),
sensor_data\main_data\uwb\T08\T08_0723.csv,T08,csv,5736,4,,,timestamp,,unknown (needs manual review),
sensor_data\main_data\uwb\T08\T08_0724.csv,T08,csv,5740,4,,,timestamp,,unknown (needs manual review),
sensor_data\main_data\uwb\T08\T08_0725.csv,T08,csv,5740,4,,,timestamp,,unknown (needs manual review),
sensor_data\main_data\uwb\T08\T08_0726.csv,T08,csv,5734,4,,,timestamp,,unknown (needs manual review),
sensor_data\main_data\uwb\T08\T08_0727.csv,T08,csv,5744,4,,,timestamp,,unknown (needs manual review),
sensor_data\main_data\uwb\T08\T08_0728.csv,T08,csv,5737,4,,,timestamp,,unknown (needs manual review),
sensor_data\main_data\uwb\T08\T08_0729.csv,T08,csv,5740,4,,,timestamp,,unknown (needs manual review),
sensor_data\main_data\uwb\T08\T08_0730.csv,T08,csv,5741,4,,,timestamp,,unknown (needs manual review),
sensor_data\main_data\uwb\T08\T08_0731.csv,T08,csv,5738,4,,,timestamp,,unknown (needs manual review),
sensor_data\main_data\uwb\T08\T08_0801.csv,T08,csv,5741,4,,,timestamp,,unknown (needs manual review),
sensor_data\main_data\uwb\T08\T08_0802.csv,T08,csv,5736,4,,,timestamp,,unknown (needs manual review),
sensor_data\main_data\uwb\T08\T08_0803.csv,T08,csv,5738,4,,,timestamp,,unknown (needs manual review),
sensor_data\main_data\uwb\T08\T08_0804.csv,T08,csv,1675,4,,,timestamp,,unknown (needs manual review),
sensor_data\main_data\uwb\T09\T09_0721.csv,T09,csv,2750,4,,,timestamp,,unknown (needs manual review),
sensor_data\main_data\uwb\T09\T09_0722.csv,T09,csv,5740,4,,,timestamp,,unknown (needs manual review),
sensor_data\main_data\uwb\T09\T09_0723.csv,T09,csv,5736,4,,,timestamp,,unknown (needs manual review),
sensor_data\main_data\uwb\T09\T09_0724.csv,T09,csv,5735,4,,,timestamp,,unknown (needs manual review),
sensor_data\main_data\uwb\T09\T09_0725.csv,T09,csv,5735,4,,,timestamp,,unknown (needs manual review),
sensor_data\main_data\uwb\T09\T09_0726.csv,T09,csv,5741,4,,,timestamp,,unknown (needs manual review),
sensor_data\main_data\uwb\T09\T09_0727.csv,T09,csv,5737,4,,,timestamp,,unknown (needs manual review),
sensor_data\main_data\uwb\T09\T09_0728.csv,T09,csv,5737,4,,,timestamp,,unknown (needs manual review),
sensor_data\main_data\uwb\T09\T09_0729.csv,T09,csv,5739,4,,,timestamp,,unknown (needs manual review),
sensor_data\main_data\uwb\T09\T09_0730.csv,T09,csv,5738,4,,,timestamp,,unknown (needs manual review),
sensor_data\main_data\uwb\T09\T09_0731.csv,T09,csv,5738,4,,,timestamp,,unknown (needs manual review),
sensor_data\main_data\uwb\T09\T09_0801.csv,T09,csv,5739,4,,,timestamp,,unknown (needs manual review),
sensor_data\main_data\uwb\T09\T09_0802.csv,T09,csv,5737,4,,,timestamp,,unknown (needs manual review),
sensor_data\main_data\uwb\T09\T09_0803.csv,T09,csv,5736,4,,,timestamp,,unknown (needs manual review),
sensor_data\main_data\uwb\T09\T09_0804.csv,T09,csv,1672,4,,,timestamp,,unknown (needs manual review),
sensor_data\main_data\uwb\T10\T10_0721.csv,T10,csv,2749,4,,,timestamp,,unknown (needs manual review),
sensor_data\main_data\uwb\T10\T10_0722.csv,T10,csv,5735,4,,,timestamp,,unknown (needs manual review),
sensor_data\main_data\uwb\T10\T10_0723.csv,T10,csv,5736,4,,,timestamp,,unknown (needs manual review),
sensor_data\main_data\uwb\T10\T10_0724.csv,T10,csv,5737,4,,,timestamp,,unknown (needs manual review),
sensor_data\main_data\uwb\T10\T10_0725.csv,T10,csv,5733,4,,,timestamp,,unknown (needs manual review),
sensor_data\main_data\uwb\T10\T10_0726.csv,T10,csv,5739,4,,,timestamp,,unknown (needs manual review),
sensor_data\main_data\uwb\T10\T10_0727.csv,T10,csv,5738,4,,,timestamp,,unknown (needs manual review),
sensor_data\main_data\uwb\T10\T10_0728.csv,T10,csv,5736,4,,,timestamp,,unknown (needs manual review),
sensor_data\main_data\uwb\T10\T10_0729.csv,T10,csv,5734,4,,,timestamp,,unknown (needs manual review),
sensor_data\main_data\uwb\T10\T10_0730.csv,T10,csv,5735,4,,,timestamp,,unknown (needs manual review),
sensor_data\main_data\uwb\T10\T10_0731.csv,T10,csv,5740,4,,,timestamp,,unknown (needs manual review),
sensor_data\main_data\uwb\T10\T10_0801.csv,T10,csv,5740,4,,,timestamp,,unknown (needs manual review),
sensor_data\main_data\uwb\T10\T10_0802.csv,T10,csv,5738,4,,,timestamp,,unknown (needs manual review),
sensor_data\main_data\uwb\T10\T10_0803.csv,T10,csv,5735,4,,,timestamp,,unknown (needs manual review),
sensor_data\main_data\uwb\T10\T10_0804.csv,T10,csv,1674,4,,,timestamp,,unknown (needs manual review),
sensor_data\main_data\uwb\T13\T13_0721.csv,T13,csv,1075,4,,,timestamp,,unknown (needs manual review),
sensor_data\main_data\uwb\T13\T13_0722.csv,T13,csv,5733,4,,,timestamp,,unknown (needs manual review),
sensor_data\main_data\uwb\T13\T13_0723.csv,T13,csv,5734,4,,,timestamp,,unknown (needs manual review),
sensor_data\main_data\uwb\T13\T13_0724.csv,T13,csv,5733,4,,,timestamp,,unknown (needs manual review),
sensor_data\main_data\uwb\T13\T13_0725.csv,T13,csv,5734,4,,,timestamp,,unknown (needs manual review),
sensor_data\main_data\uwb\T13\T13_0726.csv,T13,csv,5733,4,,,timestamp,,unknown (needs manual review),
sensor_data\main_data\uwb\T13\T13_0727.csv,T13,csv,5733,4,,,timestamp,,unknown (needs manual review),
sensor_data\main_data\uwb\T13\T13_0728.csv,T13,csv,5736,4,,,timestamp,,unknown (needs manual review),
sensor_data\main_data\uwb\T13\T13_0729.csv,T13,csv,5737,4,,,timestamp,,unknown (needs manual review),
sensor_data\main_data\uwb\T13\T13_0730.csv,T13,csv,5733,4,,,timestamp,,unknown (needs manual review),
sensor_data\main_data\uwb\T13\T13_0731.csv,T13,csv,5735,4,,,timestamp,,unknown (needs manual review),
sensor_data\main_data\uwb\T13\T13_0801.csv,T13,csv,5734,4,,,timestamp,,unknown (needs manual review),
sensor_data\main_data\uwb\T13\T13_0802.csv,T13,csv,5731,4,,,timestamp,,unknown (needs manual review),
sensor_data\main_data\uwb\T13\T13_0803.csv,T13,csv,5735,4,,,timestamp,,unknown (needs manual review),
sensor_data\main_data\uwb\T13\T13_0804.csv,T13,csv,1672,4,,,timestamp,,unknown (needs manual review),
sensor_data\main_data\uwb\T14\T14_0721.csv,T14,csv,2628,4,,,timestamp,,unknown (needs manual review),
sensor_data\main_data\uwb\T14\T14_0722.csv,T14,csv,5738,4,,,timestamp,,unknown (needs manual review),
sensor_data\main_data\uwb\T14\T14_0723.csv,T14,csv,5735,4,,,timestamp,,unknown (needs manual review),
sensor_data\main_data\uwb\T14\T14_0724.csv,T14,csv,5735,4,,,timestamp,,unknown (needs manual review),
sensor_data\main_data\uwb\T14\T14_0725.csv,T14,csv,5734,4,,,timestamp,,unknown (needs manual review),
sensor_data\main_data\uwb\T14\T14_0726.csv,T14,csv,5735,4,,,timestamp,,unknown (needs manual review),
sensor_data\main_data\uwb\T14\T14_0727.csv,T14,csv,5736,4,,,timestamp,,unknown (needs manual review),
sensor_data\main_data\uwb\T14\T14_0728.csv,T14,csv,5737,4,,,timestamp,,unknown (needs manual review),
sensor_data\main_data\uwb\T14\T14_0729.csv,T14,csv,5735,4,,,timestamp,,unknown (needs manual review),
sensor_data\main_data\uwb\T14\T14_0730.csv,T14,csv,5738,4,,,timestamp,,unknown (needs manual review),
sensor_data\main_data\uwb\T14\T14_0731.csv,T14,csv,5736,4,,,timestamp,,unknown (needs manual review),
sensor_data\main_data\uwb\T14\T14_0801.csv,T14,csv,5732,4,,,timestamp,,unknown (needs manual review),
sensor_data\main_data\uwb\T14\T14_0802.csv,T14,csv,5737,4,,,timestamp,,unknown (needs manual review),
sensor_data\main_data\uwb\T14\T14_0803.csv,T14,csv,5735,4,,,timestamp,,unknown (needs manual review),
sensor_data\main_data\uwb\T14\T14_0804.csv,T14,csv,1672,4,,,timestamp,,unknown (needs manual review),
sensor_data\main_data\weather\07_21_2023.xlsx,weather,xlsx,287,12,Humidity,,Time,,unknown (needs manual review),
sensor_data\main_data\weather\07_22_2023.xlsx,weather,xlsx,288,12,Humidity,,Time,,unknown (needs manual review),
sensor_data\main_data\weather\07_23_2023.xlsx,weather,xlsx,287,12,Humidity,,Time,,unknown (needs manual review),
sensor_data\main_data\weather\07_24_2023.xlsx,weather,xlsx,288,12,Humidity,,Time,,unknown (needs manual review),
sensor_data\main_data\weather\07_25_2023.xlsx,weather,xlsx,288,12,Humidity,,Time,,unknown (needs manual review),
sensor_data\main_data\weather\07_26_2023.xlsx,weather,xlsx,288,12,Humidity,,Time,,unknown (needs manual review),
sensor_data\main_data\weather\07_27_2023.xlsx,weather,xlsx,287,12,Humidity,,Time,,unknown (needs manual review),
sensor_data\main_data\weather\07_28_2023.xlsx,weather,xlsx,288,12,Humidity,,Time,,unknown (needs manual review),
sensor_data\main_data\weather\07_29_2023.xlsx,weather,xlsx,288,12,Humidity,,Time,,unknown (needs manual review),
sensor_data\main_data\weather\07_30_2023.xlsx,weather,xlsx,288,12,Humidity,,Time,,unknown (needs manual review),
sensor_data\main_data\weather\07_31_2023.xlsx,weather,xlsx,288,12,Humidity,,Time,,unknown (needs manual review),
sensor_data\main_data\weather\08_01_2023.xlsx,weather,xlsx,287,12,Humidity,,Time,,unknown (needs manual review),
sensor_data\main_data\weather\08_02_2023.xlsx,weather,xlsx,286,12,Humidity,,Time,,unknown (needs manual review),
sensor_data\main_data\weather\08_03_2023.xlsx,weather,xlsx,281,12,Humidity,,Time,,unknown (needs manual review),
sensor_data\main_data\weather\08_04_2023.xlsx,weather,xlsx,288,12,Humidity,,Time,,unknown (needs manual review),
sensor_data\sub_data\ankle_accel\C01.csv,ankle_accel,csv,19831,4,,,timestamp,,unknown (needs manual review),
sensor_data\sub_data\ankle_accel\C02.csv,ankle_accel,csv,19831,4,,,timestamp,,unknown (needs manual review),
sensor_data\sub_data\ankle_accel\C03.csv,ankle_accel,csv,19831,4,,,timestamp,,unknown (needs manual review),
sensor_data\sub_data\ankle_accel\C04.csv,ankle_accel,csv,19831,4,,,timestamp,,unknown (needs manual review),
sensor_data\sub_data\ankle_accel\C05.csv,ankle_accel,csv,19831,4,,,timestamp,,unknown (needs manual review),
sensor_data\sub_data\ankle_accel\C06.csv,ankle_accel,csv,19831,4,,,timestamp,,unknown (needs manual review),
sensor_data\sub_data\ankle_accel\C07.csv,ankle_accel,csv,19441,4,,,timestamp,,unknown (needs manual review),
sensor_data\sub_data\ankle_accel\C08.csv,ankle_accel,csv,19831,4,,,timestamp,,unknown (needs manual review),
sensor_data\sub_data\ankle_accel\C09.csv,ankle_accel,csv,19831,4,,,timestamp,,unknown (needs manual review),
sensor_data\sub_data\ankle_accel\C10.csv,ankle_accel,csv,19831,4,,,timestamp,,unknown (needs manual review),
sensor_data\sub_data\head_direction\T01\T01_0721.csv,T01,csv,413910,6,,,timestamp,,unknown (needs manual review),
sensor_data\sub_data\head_direction\T01\T01_0722.csv,T01,csv,864000,6,,,timestamp,,unknown (needs manual review),
sensor_data\sub_data\head_direction\T01\T01_0723.csv,T01,csv,864000,6,,,timestamp,,unknown (needs manual review),
sensor_data\sub_data\head_direction\T01\T01_0724.csv,T01,csv,864000,6,,,timestamp,,unknown (needs manual review),
sensor_data\sub_data\head_direction\T01\T01_0725.csv,T01,csv,864000,6,,,timestamp,,unknown (needs manual review),
sensor_data\sub_data\head_direction\T01\T01_0726.csv,T01,csv,864000,6,,,timestamp,,unknown (needs manual review),
sensor_data\sub_data\head_direction\T01\T01_0727.csv,T01,csv,864000,6,,,timestamp,,unknown (needs manual review),
sensor_data\sub_data\head_direction\T01\T01_0728.csv,T01,csv,864000,6,,,timestamp,,unknown (needs manual review),
sensor_data\sub_data\head_direction\T01\T01_0729.csv,T01,csv,864000,6,,,timestamp,,unknown (needs manual review),
sensor_data\sub_data\head_direction\T01\T01_0730.csv,T01,csv,864000,6,,,timestamp,,unknown (needs manual review),
sensor_data\sub_data\head_direction\T01\T01_0731.csv,T01,csv,864000,6,,,timestamp,,unknown (needs manual review),
sensor_data\sub_data\head_direction\T01\T01_0801.csv,T01,csv,863999,6,,,timestamp,,unknown (needs manual review),
sensor_data\sub_data\head_direction\T01\T01_0802.csv,T01,csv,863990,6,,,timestamp,,unknown (needs manual review),
sensor_data\sub_data\head_direction\T01\T01_0803.csv,T01,csv,864000,6,,,timestamp,,unknown (needs manual review),
sensor_data\sub_data\head_direction\T01\T01_0804.csv,T01,csv,252149,6,,,timestamp,,unknown (needs manual review),
sensor_data\sub_data\head_direction\T02\T02_0721.csv,T02,csv,413930,6,,,timestamp,,unknown (needs manual review),
sensor_data\sub_data\head_direction\T02\T02_0722.csv,T02,csv,863999,6,,,timestamp,,unknown (needs manual review),
sensor_data\sub_data\head_direction\T02\T02_0723.csv,T02,csv,863990,6,,,timestamp,,unknown (needs manual review),
sensor_data\sub_data\head_direction\T02\T02_0724.csv,T02,csv,864000,6,,,timestamp,,unknown (needs manual review),
sensor_data\sub_data\head_direction\T02\T02_0725.csv,T02,csv,864000,6,,,timestamp,,unknown (needs manual review),
sensor_data\sub_data\head_direction\T02\T02_0726.csv,T02,csv,864000,6,,,timestamp,,unknown (needs manual review),
sensor_data\sub_data\head_direction\T02\T02_0727.csv,T02,csv,864000,6,,,timestamp,,unknown (needs manual review),
sensor_data\sub_data\head_direction\T02\T02_0728.csv,T02,csv,864000,6,,,timestamp,,unknown (needs manual review),
sensor_data\sub_data\head_direction\T02\T02_0729.csv,T02,csv,864000,6,,,timestamp,,unknown (needs manual review),
sensor_data\sub_data\head_direction\T02\T02_0730.csv,T02,csv,864000,6,,,timestamp,,unknown (needs manual review),
sensor_data\sub_data\head_direction\T02\T02_0731.csv,T02,csv,864000,6,,,timestamp,,unknown (needs manual review),
sensor_data\sub_data\head_direction\T02\T02_0801.csv,T02,csv,864000,6,,,timestamp,,unknown (needs manual review),
sensor_data\sub_data\head_direction\T02\T02_0802.csv,T02,csv,864000,6,,,timestamp,,unknown (needs manual review),
sensor_data\sub_data\head_direction\T02\T02_0803.csv,T02,csv,864000,6,,,timestamp,,unknown (needs manual review),
sensor_data\sub_data\head_direction\T02\T02_0804.csv,T02,csv,249969,6,,,timestamp,,unknown (needs manual review),
sensor_data\sub_data\head_direction\T03\T03_0721.csv,T03,csv,413950,6,,,timestamp,,unknown (needs manual review),
sensor_data\sub_data\head_direction\T03\T03_0722.csv,T03,csv,864000,6,,,timestamp,,unknown (needs manual review),
sensor_data\sub_data\head_direction\T03\T03_0723.csv,T03,csv,864000,6,,,timestamp,,unknown (needs manual review),
sensor_data\sub_data\head_direction\T03\T03_0724.csv,T03,csv,864000,6,,,timestamp,,unknown (needs manual review),
sensor_data\sub_data\head_direction\T03\T03_0725.csv,T03,csv,864000,6,,,timestamp,,unknown (needs manual review),
sensor_data\sub_data\head_direction\T03\T03_0726.csv,T03,csv,864000,6,,,timestamp,,unknown (needs manual review),
sensor_data\sub_data\head_direction\T03\T03_0727.csv,T03,csv,864000,6,,,timestamp,,unknown (needs manual review),
sensor_data\sub_data\head_direction\T03\T03_0728.csv,T03,csv,864000,6,,,timestamp,,unknown (needs manual review),
sensor_data\sub_data\head_direction\T03\T03_0729.csv,T03,csv,863999,6,,,timestamp,,unknown (needs manual review),
sensor_data\sub_data\head_direction\T03\T03_0730.csv,T03,csv,863999,6,,,timestamp,,unknown (needs manual review),
sensor_data\sub_data\head_direction\T03\T03_0731.csv,T03,csv,864000,6,,,timestamp,,unknown (needs manual review),
sensor_data\sub_data\head_direction\T03\T03_0801.csv,T03,csv,864000,6,,,timestamp,,unknown (needs manual review),
sensor_data\sub_data\head_direction\T03\T03_0802.csv,T03,csv,864000,6,,,timestamp,,unknown (needs manual review),
sensor_data\sub_data\head_direction\T03\T03_0803.csv,T03,csv,864000,6,,,timestamp,,unknown (needs manual review),
sensor_data\sub_data\head_direction\T03\T03_0804.csv,T03,csv,252129,6,,,timestamp,,unknown (needs manual review),
sensor_data\sub_data\head_direction\T04\T04_0721.csv,T04,csv,413910,6,,,timestamp,,unknown (needs manual review),
sensor_data\sub_data\head_direction\T04\T04_0722.csv,T04,csv,864000,6,,,timestamp,,unknown (needs manual review),
sensor_data\sub_data\head_direction\T04\T04_0723.csv,T04,csv,864000,6,,,timestamp,,unknown (needs manual review),
sensor_data\sub_data\head_direction\T04\T04_0724.csv,T04,csv,864000,6,,,timestamp,,unknown (needs manual review),
sensor_data\sub_data\head_direction\T04\T04_0725.csv,T04,csv,864000,6,,,timestamp,,unknown (needs manual review),
sensor_data\sub_data\head_direction\T04\T04_0726.csv,T04,csv,864000,6,,,timestamp,,unknown (needs manual review),
sensor_data\sub_data\head_direction\T04\T04_0727.csv,T04,csv,864000,6,,,timestamp,,unknown (needs manual review),
sensor_data\sub_data\head_direction\T04\T04_0728.csv,T04,csv,864000,6,,,timestamp,,unknown (needs manual review),
sensor_data\sub_data\head_direction\T04\T04_0729.csv,T04,csv,864000,6,,,timestamp,,unknown (needs manual review),
sensor_data\sub_data\head_direction\T04\T04_0730.csv,T04,csv,864000,6,,,timestamp,,unknown (needs manual review),
sensor_data\sub_data\head_direction\T04\T04_0731.csv,T04,csv,864000,6,,,timestamp,,unknown (needs manual review),
sensor_data\sub_data\head_direction\T04\T04_0801.csv,T04,csv,864000,6,,,timestamp,,unknown (needs manual review),
sensor_data\sub_data\head_direction\T04\T04_0802.csv,T04,csv,864000,6,,,timestamp,,unknown (needs manual review),
sensor_data\sub_data\head_direction\T04\T04_0803.csv,T04,csv,864000,6,,,timestamp,,unknown (needs manual review),
sensor_data\sub_data\head_direction\T04\T04_0804.csv,T04,csv,252089,6,,,timestamp,,unknown (needs manual review),
sensor_data\sub_data\head_direction\T05\T05_0721.csv,T05,csv,413940,6,,,timestamp,,unknown (needs manual review),
sensor_data\sub_data\head_direction\T05\T05_0722.csv,T05,csv,864000,6,,,timestamp,,unknown (needs manual review),
sensor_data\sub_data\head_direction\T05\T05_0723.csv,T05,csv,864000,6,,,timestamp,,unknown (needs manual review),
sensor_data\sub_data\head_direction\T05\T05_0724.csv,T05,csv,864000,6,,,timestamp,,unknown (needs manual review),
sensor_data\sub_data\head_direction\T05\T05_0725.csv,T05,csv,864000,6,,,timestamp,,unknown (needs manual review),
sensor_data\sub_data\head_direction\T05\T05_0726.csv,T05,csv,864000,6,,,timestamp,,unknown (needs manual review),
sensor_data\sub_data\head_direction\T05\T05_0727.csv,T05,csv,864000,6,,,timestamp,,unknown (needs manual review),
sensor_data\sub_data\head_direction\T05\T05_0728.csv,T05,csv,864000,6,,,timestamp,,unknown (needs manual review),
sensor_data\sub_data\head_direction\T05\T05_0729.csv,T05,csv,864000,6,,,timestamp,,unknown (needs manual review),
sensor_data\sub_data\head_direction\T05\T05_0730.csv,T05,csv,864000,6,,,timestamp,,unknown (needs manual review),
sensor_data\sub_data\head_direction\T05\T05_0731.csv,T05,csv,864000,6,,,timestamp,,unknown (needs manual review),
sensor_data\sub_data\head_direction\T05\T05_0801.csv,T05,csv,864000,6,,,timestamp,,unknown (needs manual review),
sensor_data\sub_data\head_direction\T05\T05_0802.csv,T05,csv,864000,6,,,timestamp,,unknown (needs manual review),
sensor_data\sub_data\head_direction\T05\T05_0803.csv,T05,csv,864000,6,,,timestamp,,unknown (needs manual review),
sensor_data\sub_data\head_direction\T05\T05_0804.csv,T05,csv,252079,6,,,timestamp,,unknown (needs manual review),
sensor_data\sub_data\head_direction\T06\T06_0721.csv,T06,csv,413880,6,,,timestamp,,unknown (needs manual review),
sensor_data\sub_data\head_direction\T06\T06_0722.csv,T06,csv,864000,6,,,timestamp,,unknown (needs manual review),
sensor_data\sub_data\head_direction\T06\T06_0723.csv,T06,csv,864000,6,,,timestamp,,unknown (needs manual review),
sensor_data\sub_data\head_direction\T06\T06_0724.csv,T06,csv,864000,6,,,timestamp,,unknown (needs manual review),
sensor_data\sub_data\head_direction\T06\T06_0725.csv,T06,csv,863999,6,,,timestamp,,unknown (needs manual review),
sensor_data\sub_data\head_direction\T06\T06_0726.csv,T06,csv,864000,6,,,timestamp,,unknown (needs manual review),
sensor_data\sub_data\head_direction\T06\T06_0727.csv,T06,csv,864000,6,,,timestamp,,unknown (needs manual review),
sensor_data\sub_data\head_direction\T06\T06_0728.csv,T06,csv,864000,6,,,timestamp,,unknown (needs manual review),
sensor_data\sub_data\head_direction\T06\T06_0729.csv,T06,csv,864000,6,,,timestamp,,unknown (needs manual review),
sensor_data\sub_data\head_direction\T06\T06_0730.csv,T06,csv,864000,6,,,timestamp,,unknown (needs manual review),
sensor_data\sub_data\head_direction\T06\T06_0731.csv,T06,csv,864000,6,,,timestamp,,unknown (needs manual review),
sensor_data\sub_data\head_direction\T06\T06_0801.csv,T06,csv,864000,6,,,timestamp,,unknown (needs manual review),
sensor_data\sub_data\head_direction\T06\T06_0802.csv,T06,csv,864000,6,,,timestamp,,unknown (needs manual review),
sensor_data\sub_data\head_direction\T06\T06_0803.csv,T06,csv,864000,6,,,timestamp,,unknown (needs manual review),
sensor_data\sub_data\head_direction\T06\T06_0804.csv,T06,csv,252079,6,,,timestamp,,unknown (needs manual review),
sensor_data\sub_data\head_direction\T07\T07_0721.csv,T07,csv,179930,6,,,timestamp,,unknown (needs manual review),
sensor_data\sub_data\head_direction\T07\T07_0722.csv,T07,csv,864000,6,,,timestamp,,unknown (needs manual review),
sensor_data\sub_data\head_direction\T07\T07_0723.csv,T07,csv,864000,6,,,timestamp,,unknown (needs manual review),
sensor_data\sub_data\head_direction\T07\T07_0724.csv,T07,csv,864000,6,,,timestamp,,unknown (needs manual review),
sensor_data\sub_data\head_direction\T07\T07_0725.csv,T07,csv,864000,6,,,timestamp,,unknown (needs manual review),
sensor_data\sub_data\head_direction\T07\T07_0726.csv,T07,csv,864000,6,,,timestamp,,unknown (needs manual review),
sensor_data\sub_data\head_direction\T07\T07_0727.csv,T07,csv,864000,6,,,timestamp,,unknown (needs manual review),
sensor_data\sub_data\head_direction\T07\T07_0728.csv,T07,csv,864000,6,,,timestamp,,unknown (needs manual review),
sensor_data\sub_data\head_direction\T07\T07_0729.csv,T07,csv,864000,6,,,timestamp,,unknown (needs manual review),
sensor_data\sub_data\head_direction\T07\T07_0730.csv,T07,csv,864000,6,,,timestamp,,unknown (needs manual review),
sensor_data\sub_data\head_direction\T07\T07_0731.csv,T07,csv,864000,6,,,timestamp,,unknown (needs manual review),
sensor_data\sub_data\head_direction\T07\T07_0801.csv,T07,csv,864000,6,,,timestamp,,unknown (needs manual review),
sensor_data\sub_data\head_direction\T07\T07_0802.csv,T07,csv,864000,6,,,timestamp,,unknown (needs manual review),
sensor_data\sub_data\head_direction\T07\T07_0803.csv,T07,csv,864000,6,,,timestamp,,unknown (needs manual review),
sensor_data\sub_data\head_direction\T07\T07_0804.csv,T07,csv,252079,6,,,timestamp,,unknown (needs manual review),
sensor_data\sub_data\head_direction\T08\T08_0721.csv,T08,csv,413939,6,,,timestamp,,unknown (needs manual review),
sensor_data\sub_data\head_direction\T08\T08_0722.csv,T08,csv,863980,6,,,timestamp,,unknown (needs manual review),
sensor_data\sub_data\head_direction\T08\T08_0723.csv,T08,csv,864000,6,,,timestamp,,unknown (needs manual review),
sensor_data\sub_data\head_direction\T08\T08_0724.csv,T08,csv,864000,6,,,timestamp,,unknown (needs manual review),
sensor_data\sub_data\head_direction\T08\T08_0725.csv,T08,csv,863999,6,,,timestamp,,unknown (needs manual review),
sensor_data\sub_data\head_direction\T08\T08_0726.csv,T08,csv,864000,6,,,timestamp,,unknown (needs manual review),
sensor_data\sub_data\head_direction\T08\T08_0727.csv,T08,csv,864000,6,,,timestamp,,unknown (needs manual review),
sensor_data\sub_data\head_direction\T08\T08_0728.csv,T08,csv,864000,6,,,timestamp,,unknown (needs manual review),
sensor_data\sub_data\head_direction\T08\T08_0729.csv,T08,csv,864000,6,,,timestamp,,unknown (needs manual review),
sensor_data\sub_data\head_direction\T08\T08_0730.csv,T08,csv,864000,6,,,timestamp,,unknown (needs manual review),
sensor_data\sub_data\head_direction\T08\T08_0731.csv,T08,csv,864000,6,,,timestamp,,unknown (needs manual review),
sensor_data\sub_data\head_direction\T08\T08_0801.csv,T08,csv,864000,6,,,timestamp,,unknown (needs manual review),
sensor_data\sub_data\head_direction\T08\T08_0802.csv,T08,csv,864000,6,,,timestamp,,unknown (needs manual review),
sensor_data\sub_data\head_direction\T08\T08_0803.csv,T08,csv,864000,6,,,timestamp,,unknown (needs manual review),
sensor_data\sub_data\head_direction\T08\T08_0804.csv,T08,csv,252119,6,,,timestamp,,unknown (needs manual review),
sensor_data\sub_data\head_direction\T09\T09_0721.csv,T09,csv,414000,6,,,timestamp,,unknown (needs manual review),
sensor_data\sub_data\head_direction\T09\T09_0722.csv,T09,csv,864000,6,,,timestamp,,unknown (needs manual review),
sensor_data\sub_data\head_direction\T09\T09_0723.csv,T09,csv,864000,6,,,timestamp,,unknown (needs manual review),
sensor_data\sub_data\head_direction\T09\T09_0724.csv,T09,csv,864000,6,,,timestamp,,unknown (needs manual review),
sensor_data\sub_data\head_direction\T09\T09_0725.csv,T09,csv,864000,6,,,timestamp,,unknown (needs manual review),
sensor_data\sub_data\head_direction\T09\T09_0726.csv,T09,csv,864000,6,,,timestamp,,unknown (needs manual review),
sensor_data\sub_data\head_direction\T09\T09_0727.csv,T09,csv,863999,6,,,timestamp,,unknown (needs manual review),
sensor_data\sub_data\head_direction\T09\T09_0728.csv,T09,csv,864000,6,,,timestamp,,unknown (needs manual review),
sensor_data\sub_data\head_direction\T09\T09_0729.csv,T09,csv,864000,6,,,timestamp,,unknown (needs manual review),
sensor_data\sub_data\head_direction\T09\T09_0730.csv,T09,csv,864000,6,,,timestamp,,unknown (needs manual review),
sensor_data\sub_data\head_direction\T09\T09_0731.csv,T09,csv,864000,6,,,timestamp,,unknown (needs manual review),
sensor_data\sub_data\head_direction\T09\T09_0801.csv,T09,csv,864000,6,,,timestamp,,unknown (needs manual review),
sensor_data\sub_data\head_direction\T09\T09_0802.csv,T09,csv,864000,6,,,timestamp,,unknown (needs manual review),
sensor_data\sub_data\head_direction\T09\T09_0803.csv,T09,csv,864000,6,,,timestamp,,unknown (needs manual review),
sensor_data\sub_data\head_direction\T09\T09_0804.csv,T09,csv,251999,6,,,timestamp,,unknown (needs manual review),
sensor_data\sub_data\head_direction\T10\T10_0721.csv,T10,csv,413970,6,,,timestamp,,unknown (needs manual review),
sensor_data\sub_data\head_direction\T10\T10_0722.csv,T10,csv,863999,6,,,timestamp,,unknown (needs manual review),
sensor_data\sub_data\head_direction\T10\T10_0723.csv,T10,csv,864000,6,,,timestamp,,unknown (needs manual review),
sensor_data\sub_data\head_direction\T10\T10_0724.csv,T10,csv,864000,6,,,timestamp,,unknown (needs manual review),
sensor_data\sub_data\head_direction\T10\T10_0725.csv,T10,csv,863999,6,,,timestamp,,unknown (needs manual review),
sensor_data\sub_data\head_direction\T10\T10_0726.csv,T10,csv,863990,6,,,timestamp,,unknown (needs manual review),
sensor_data\sub_data\head_direction\T10\T10_0727.csv,T10,csv,864000,6,,,timestamp,,unknown (needs manual review),
sensor_data\sub_data\head_direction\T10\T10_0728.csv,T10,csv,864000,6,,,timestamp,,unknown (needs manual review),
sensor_data\sub_data\head_direction\T10\T10_0729.csv,T10,csv,864000,6,,,timestamp,,unknown (needs manual review),
sensor_data\sub_data\head_direction\T10\T10_0730.csv,T10,csv,864000,6,,,timestamp,,unknown (needs manual review),
sensor_data\sub_data\head_direction\T10\T10_0731.csv,T10,csv,864000,6,,,timestamp,,unknown (needs manual review),
sensor_data\sub_data\head_direction\T10\T10_0801.csv,T10,csv,864000,6,,,timestamp,,unknown (needs manual review),
sensor_data\sub_data\head_direction\T10\T10_0802.csv,T10,csv,864000,6,,,timestamp,,unknown (needs manual review),
sensor_data\sub_data\head_direction\T10\T10_0803.csv,T10,csv,864000,6,,,timestamp,,unknown (needs manual review),
sensor_data\sub_data\head_direction\T10\T10_0804.csv,T10,csv,252079,6,,,timestamp,,unknown (needs manual review),
sensor_data\sub_data\head_direction\T13\T13_0721.csv,T13,csv,161880,6,,,timestamp,,unknown (needs manual review),
sensor_data\sub_data\head_direction\T13\T13_0722.csv,T13,csv,864000,6,,,timestamp,,unknown (needs manual review),
sensor_data\sub_data\head_direction\T13\T13_0723.csv,T13,csv,864000,6,,,timestamp,,unknown (needs manual review),
sensor_data\sub_data\head_direction\T13\T13_0724.csv,T13,csv,864000,6,,,timestamp,,unknown (needs manual review),
sensor_data\sub_data\head_direction\T13\T13_0725.csv,T13,csv,864000,6,,,timestamp,,unknown (needs manual review),
sensor_data\sub_data\head_direction\T13\T13_0726.csv,T13,csv,864000,6,,,timestamp,,unknown (needs manual review),
sensor_data\sub_data\head_direction\T13\T13_0727.csv,T13,csv,864000,6,,,timestamp,,unknown (needs manual review),
sensor_data\sub_data\head_direction\T13\T13_0728.csv,T13,csv,864000,6,,,timestamp,,unknown (needs manual review),
sensor_data\sub_data\head_direction\T13\T13_0729.csv,T13,csv,864000,6,,,timestamp,,unknown (needs manual review),
sensor_data\sub_data\head_direction\T13\T13_0730.csv,T13,csv,864000,6,,,timestamp,,unknown (needs manual review),
sensor_data\sub_data\head_direction\T13\T13_0731.csv,T13,csv,864000,6,,,timestamp,,unknown (needs manual review),
sensor_data\sub_data\head_direction\T13\T13_0801.csv,T13,csv,864000,6,,,timestamp,,unknown (needs manual review),
sensor_data\sub_data\head_direction\T13\T13_0802.csv,T13,csv,864000,6,,,timestamp,,unknown (needs manual review),
sensor_data\sub_data\head_direction\T13\T13_0803.csv,T13,csv,864000,6,,,timestamp,,unknown (needs manual review),
sensor_data\sub_data\head_direction\T13\T13_0804.csv,T13,csv,252119,6,,,timestamp,,unknown (needs manual review),
sensor_data\sub_data\head_direction\T14\T14_0721.csv,T14,csv,395990,6,,,timestamp,,unknown (needs manual review),
sensor_data\sub_data\head_direction\T14\T14_0722.csv,T14,csv,864000,6,,,timestamp,,unknown (needs manual review),
sensor_data\sub_data\head_direction\T14\T14_0723.csv,T14,csv,864000,6,,,timestamp,,unknown (needs manual review),
sensor_data\sub_data\head_direction\T14\T14_0724.csv,T14,csv,864000,6,,,timestamp,,unknown (needs manual review),
sensor_data\sub_data\head_direction\T14\T14_0725.csv,T14,csv,864000,6,,,timestamp,,unknown (needs manual review),
sensor_data\sub_data\head_direction\T14\T14_0726.csv,T14,csv,864000,6,,,timestamp,,unknown (needs manual review),
sensor_data\sub_data\head_direction\T14\T14_0727.csv,T14,csv,864000,6,,,timestamp,,unknown (needs manual review),
sensor_data\sub_data\head_direction\T14\T14_0728.csv,T14,csv,864000,6,,,timestamp,,unknown (needs manual review),
sensor_data\sub_data\head_direction\T14\T14_0729.csv,T14,csv,864000,6,,,timestamp,,unknown (needs manual review),
sensor_data\sub_data\head_direction\T14\T14_0730.csv,T14,csv,864000,6,,,timestamp,,unknown (needs manual review),
sensor_data\sub_data\head_direction\T14\T14_0731.csv,T14,csv,864000,6,,,timestamp,,unknown (needs manual review),
sensor_data\sub_data\head_direction\T14\T14_0801.csv,T14,csv,864000,6,,,timestamp,,unknown (needs manual review),
sensor_data\sub_data\head_direction\T14\T14_0802.csv,T14,csv,863999,6,,,timestamp,,unknown (needs manual review),
sensor_data\sub_data\head_direction\T14\T14_0803.csv,T14,csv,864000,6,,,timestamp,,unknown (needs manual review),
sensor_data\sub_data\head_direction\T14\T14_0804.csv,T14,csv,252009,6,,,timestamp,,unknown (needs manual review),
sensor_data\sub_data\health_records\C01.csv,health_records,csv,195,4,,Date,,,unknown (needs manual review),
sensor_data\sub_data\health_records\C02.csv,health_records,csv,229,4,,Date,,,unknown (needs manual review),
sensor_data\sub_data\health_records\C03.csv,health_records,csv,214,4,,Date,,,unknown (needs manual review),
sensor_data\sub_data\health_records\C04.csv,health_records,csv,254,4,,Date,,,unknown (needs manual review),
sensor_data\sub_data\health_records\C05.csv,health_records,csv,228,4,,Date,,,unknown (needs manual review),
sensor_data\sub_data\health_records\C06.csv,health_records,csv,232,4,,Date,,,unknown (needs manual review),
sensor_data\sub_data\health_records\C07.csv,health_records,csv,181,4,,Date,,,unknown (needs manual review),
sensor_data\sub_data\health_records\C08.csv,health_records,csv,171,4,,Date,,,unknown (needs manual review),
sensor_data\sub_data\health_records\C09.csv,health_records,csv,164,4,,Date,,,unknown (needs manual review),
sensor_data\sub_data\health_records\C10.csv,health_records,csv,268,4,,Date,,,unknown (needs manual review),
sensor_data\sub_data\health_records\C11.csv,health_records,csv,230,4,,Date,,,unknown (needs manual review),
sensor_data\sub_data\health_records\C12.csv,health_records,csv,254,4,,Date,,,unknown (needs manual review),
sensor_data\sub_data\health_records\C13.csv,health_records,csv,233,4,,Date,,,unknown (needs manual review),
sensor_data\sub_data\health_records\C14.csv,health_records,csv,190,4,,Date,,,unknown (needs manual review),
sensor_data\sub_data\health_records\C15.csv,health_records,csv,219,4,,Date,,,unknown (needs manual review),
sensor_data\sub_data\health_records\C16.csv,health_records,csv,259,4,,Date,,,unknown (needs manual review),
sensor_data\sub_data\neck_dev_temp\T01.csv,neck_dev_temp,csv,79110,2,,,timestamp,,unknown (needs manual review),
sensor_data\sub_data\neck_dev_temp\T02.csv,neck_dev_temp,csv,79036,2,,,timestamp,,unknown (needs manual review),
sensor_data\sub_data\neck_dev_temp\T03.csv,neck_dev_temp,csv,79066,2,,,timestamp,,unknown (needs manual review),
sensor_data\sub_data\neck_dev_temp\T04.csv,neck_dev_temp,csv,79049,2,,,timestamp,,unknown (needs manual review),
sensor_data\sub_data\neck_dev_temp\T05.csv,neck_dev_temp,csv,79043,2,,,timestamp,,unknown (needs manual review),
sensor_data\sub_data\neck_dev_temp\T06.csv,neck_dev_temp,csv,78811,2,,,timestamp,,unknown (needs manual review),
sensor_data\sub_data\neck_dev_temp\T07.csv,neck_dev_temp,csv,77461,2,,,timestamp,,unknown (needs manual review),
sensor_data\sub_data\neck_dev_temp\T08.csv,neck_dev_temp,csv,79023,2,,,timestamp,,unknown (needs manual review),
sensor_data\sub_data\neck_dev_temp\T09.csv,neck_dev_temp,csv,79010,2,,,timestamp,,unknown (needs manual review),
sensor_data\sub_data\neck_dev_temp\T10.csv,neck_dev_temp,csv,78999,2,,,timestamp,,unknown (needs manual review),
sensor_data\sub_data\neck_dev_temp\T13.csv,neck_dev_temp,csv,77288,2,,,timestamp,,unknown (needs manual review),
sensor_data\sub_data\neck_dev_temp\T14.csv,neck_dev_temp,csv,78863,2,,,timestamp,,unknown (needs manual review),
sensor_data\sub_data\uwb_distance\T01\T01_0721.csv,T01,csv,22032,6,anchor_id,,timestamp,,unknown (needs manual review),
sensor_data\sub_data\uwb_distance\T01\T01_0722.csv,T01,csv,46000,6,anchor_id,,timestamp,,unknown (needs manual review),
sensor_data\sub_data\uwb_distance\T01\T01_0723.csv,T01,csv,45960,6,anchor_id,,timestamp,,unknown (needs manual review),
sensor_data\sub_data\uwb_distance\T01\T01_0724.csv,T01,csv,45960,6,anchor_id,,timestamp,,unknown (needs manual review),
sensor_data\sub_data\uwb_distance\T01\T01_0725.csv,T01,csv,45960,6,anchor_id,,timestamp,,unknown (needs manual review),
sensor_data\sub_data\uwb_distance\T01\T01_0726.csv,T01,csv,45936,6,anchor_id,,timestamp,,unknown (needs manual review),
sensor_data\sub_data\uwb_distance\T01\T01_0727.csv,T01,csv,45952,6,anchor_id,,timestamp,,unknown (needs manual review),
sensor_data\sub_data\uwb_distance\T01\T01_0728.csv,T01,csv,45944,6,anchor_id,,timestamp,,unknown (needs manual review),
sensor_data\sub_data\uwb_distance\T01\T01_0729.csv,T01,csv,45960,6,anchor_id,,timestamp,,unknown (needs manual review),
sensor_data\sub_data\uwb_distance\T01\T01_0730.csv,T01,csv,45968,6,anchor_id,,timestamp,,unknown (needs manual review),
sensor_data\sub_data\uwb_distance\T01\T01_0731.csv,T01,csv,45960,6,anchor_id,,timestamp,,unknown (needs manual review),
sensor_data\sub_data\uwb_distance\T01\T01_0801.csv,T01,csv,45952,6,anchor_id,,timestamp,,unknown (needs manual review),
sensor_data\sub_data\uwb_distance\T01\T01_0802.csv,T01,csv,45968,6,anchor_id,,timestamp,,unknown (needs manual review),
sensor_data\sub_data\uwb_distance\T01\T01_0803.csv,T01,csv,45936,6,anchor_id,,timestamp,,unknown (needs manual review),
sensor_data\sub_data\uwb_distance\T01\T01_0804.csv,T01,csv,13392,6,anchor_id,,timestamp,,unknown (needs manual review),
sensor_data\sub_data\uwb_distance\T02\T02_0721.csv,T02,csv,22024,6,anchor_id,,timestamp,,unknown (needs manual review),
sensor_data\sub_data\uwb_distance\T02\T02_0722.csv,T02,csv,45920,6,anchor_id,,timestamp,,unknown (needs manual review),
sensor_data\sub_data\uwb_distance\T02\T02_0723.csv,T02,csv,45928,6,anchor_id,,timestamp,,unknown (needs manual review),
sensor_data\sub_data\uwb_distance\T02\T02_0724.csv,T02,csv,45904,6,anchor_id,,timestamp,,unknown (needs manual review),
sensor_data\sub_data\uwb_distance\T02\T02_0725.csv,T02,csv,45888,6,anchor_id,,timestamp,,unknown (needs manual review),
sensor_data\sub_data\uwb_distance\T02\T02_0726.csv,T02,csv,45944,6,anchor_id,,timestamp,,unknown (needs manual review),
sensor_data\sub_data\uwb_distance\T02\T02_0727.csv,T02,csv,45944,6,anchor_id,,timestamp,,unknown (needs manual review),
sensor_data\sub_data\uwb_distance\T02\T02_0728.csv,T02,csv,45936,6,anchor_id,,timestamp,,unknown (needs manual review),
sensor_data\sub_data\uwb_distance\T02\T02_0729.csv,T02,csv,45928,6,anchor_id,,timestamp,,unknown (needs manual review),
sensor_data\sub_data\uwb_distance\T02\T02_0730.csv,T02,csv,45904,6,anchor_id,,timestamp,,unknown (needs manual review),
sensor_data\sub_data\uwb_distance\T02\T02_0731.csv,T02,csv,45912,6,anchor_id,,timestamp,,unknown (needs manual review),
sensor_data\sub_data\uwb_distance\T02\T02_0801.csv,T02,csv,45928,6,anchor_id,,timestamp,,unknown (needs manual review),
sensor_data\sub_data\uwb_distance\T02\T02_0802.csv,T02,csv,45944,6,anchor_id,,timestamp,,unknown (needs manual review),
sensor_data\sub_data\uwb_distance\T02\T02_0803.csv,T02,csv,45904,6,anchor_id,,timestamp,,unknown (needs manual review),
sensor_data\sub_data\uwb_distance\T02\T02_0804.csv,T02,csv,13280,6,anchor_id,,timestamp,,unknown (needs manual review),
sensor_data\sub_data\uwb_distance\T03\T03_0721.csv,T03,csv,22016,6,anchor_id,,timestamp,,unknown (needs manual review),
sensor_data\sub_data\uwb_distance\T03\T03_0722.csv,T03,csv,45960,6,anchor_id,,timestamp,,unknown (needs manual review),
sensor_data\sub_data\uwb_distance\T03\T03_0723.csv,T03,csv,45944,6,anchor_id,,timestamp,,unknown (needs manual review),
sensor_data\sub_data\uwb_distance\T03\T03_0724.csv,T03,csv,45936,6,anchor_id,,timestamp,,unknown (needs manual review),
sensor_data\sub_data\uwb_distance\T03\T03_0725.csv,T03,csv,45888,6,anchor_id,,timestamp,,unknown (needs manual review),
sensor_data\sub_data\uwb_distance\T03\T03_0726.csv,T03,csv,45912,6,anchor_id,,timestamp,,unknown (needs manual review),
sensor_data\sub_data\uwb_distance\T03\T03_0727.csv,T03,csv,45960,6,anchor_id,,timestamp,,unknown (needs manual review),
sensor_data\sub_data\uwb_distance\T03\T03_0728.csv,T03,csv,45928,6,anchor_id,,timestamp,,unknown (needs manual review),
sensor_data\sub_data\uwb_distance\T03\T03_0729.csv,T03,csv,45928,6,anchor_id,,timestamp,,unknown (needs manual review),
sensor_data\sub_data\uwb_distance\T03\T03_0730.csv,T03,csv,45920,6,anchor_id,,timestamp,,unknown (needs manual review),
sensor_data\sub_data\uwb_distance\T03\T03_0731.csv,T03,csv,45928,6,anchor_id,,timestamp,,unknown (needs manual review),
sensor_data\sub_data\uwb_distance\T03\T03_0801.csv,T03,csv,45944,6,anchor_id,,timestamp,,unknown (needs manual review),
sensor_data\sub_data\uwb_distance\T03\T03_0802.csv,T03,csv,45920,6,anchor_id,,timestamp,,unknown (needs manual review),
sensor_data\sub_data\uwb_distance\T03\T03_0803.csv,T03,csv,45944,6,anchor_id,,timestamp,,unknown (needs manual review),
sensor_data\sub_data\uwb_distance\T03\T03_0804.csv,T03,csv,13400,6,anchor_id,,timestamp,,unknown (needs manual review),
sensor_data\sub_data\uwb_distance\T04\T04_0721.csv,T04,csv,22008,6,anchor_id,,timestamp,,unknown (needs manual review),
sensor_data\sub_data\uwb_distance\T04\T04_0722.csv,T04,csv,45936,6,anchor_id,,timestamp,,unknown (needs manual review),
sensor_data\sub_data\uwb_distance\T04\T04_0723.csv,T04,csv,45944,6,anchor_id,,timestamp,,unknown (needs manual review),
sensor_data\sub_data\uwb_distance\T04\T04_0724.csv,T04,csv,45928,6,anchor_id,,timestamp,,unknown (needs manual review),
sensor_data\sub_data\uwb_distance\T04\T04_0725.csv,T04,csv,45936,6,anchor_id,,timestamp,,unknown (needs manual review),
sensor_data\sub_data\uwb_distance\T04\T04_0726.csv,T04,csv,45896,6,anchor_id,,timestamp,,unknown (needs manual review),
sensor_data\sub_data\uwb_distance\T04\T04_0727.csv,T04,csv,45968,6,anchor_id,,timestamp,,unknown (needs manual review),
sensor_data\sub_data\uwb_distance\T04\T04_0728.csv,T04,csv,45960,6,anchor_id,,timestamp,,unknown (needs manual review),
sensor_data\sub_data\uwb_distance\T04\T04_0729.csv,T04,csv,45896,6,anchor_id,,timestamp,,unknown (needs manual review),
sensor_data\sub_data\uwb_distance\T04\T04_0730.csv,T04,csv,45888,6,anchor_id,,timestamp,,unknown (needs manual review),
sensor_data\sub_data\uwb_distance\T04\T04_0731.csv,T04,csv,45928,6,anchor_id,,timestamp,,unknown (needs manual review),
sensor_data\sub_data\uwb_distance\T04\T04_0801.csv,T04,csv,45928,6,anchor_id,,timestamp,,unknown (needs manual review),
sensor_data\sub_data\uwb_distance\T04\T04_0802.csv,T04,csv,45912,6,anchor_id,,timestamp,,unknown (needs manual review),
sensor_data\sub_data\uwb_distance\T04\T04_0803.csv,T04,csv,45872,6,anchor_id,,timestamp,,unknown (needs manual review),
sensor_data\sub_data\uwb_distance\T04\T04_0804.csv,T04,csv,13392,6,anchor_id,,timestamp,,unknown (needs manual review),
sensor_data\sub_data\uwb_distance\T05\T05_0721.csv,T05,csv,22024,6,anchor_id,,timestamp,,unknown (needs manual review),
sensor_data\sub_data\uwb_distance\T05\T05_0722.csv,T05,csv,45944,6,anchor_id,,timestamp,,unknown (needs manual review),
sensor_data\sub_data\uwb_distance\T05\T05_0723.csv,T05,csv,45904,6,anchor_id,,timestamp,,unknown (needs manual review),
sensor_data\sub_data\uwb_distance\T05\T05_0724.csv,T05,csv,45944,6,anchor_id,,timestamp,,unknown (needs manual review),
sensor_data\sub_data\uwb_distance\T05\T05_0725.csv,T05,csv,45880,6,anchor_id,,timestamp,,unknown (needs manual review),
sensor_data\sub_data\uwb_distance\T05\T05_0726.csv,T05,csv,45936,6,anchor_id,,timestamp,,unknown (needs manual review),
sensor_data\sub_data\uwb_distance\T05\T05_0727.csv,T05,csv,45920,6,anchor_id,,timestamp,,unknown (needs manual review),
sensor_data\sub_data\uwb_distance\T05\T05_0728.csv,T05,csv,45920,6,anchor_id,,timestamp,,unknown (needs manual review),
sensor_data\sub_data\uwb_distance\T05\T05_0729.csv,T05,csv,45912,6,anchor_id,,timestamp,,unknown (needs manual review),
sensor_data\sub_data\uwb_distance\T05\T05_0730.csv,T05,csv,45888,6,anchor_id,,timestamp,,unknown (needs manual review),
sensor_data\sub_data\uwb_distance\T05\T05_0731.csv,T05,csv,45960,6,anchor_id,,timestamp,,unknown (needs manual review),
sensor_data\sub_data\uwb_distance\T05\T05_0801.csv,T05,csv,45920,6,anchor_id,,timestamp,,unknown (needs manual review),
sensor_data\sub_data\uwb_distance\T05\T05_0802.csv,T05,csv,45880,6,anchor_id,,timestamp,,unknown (needs manual review),
sensor_data\sub_data\uwb_distance\T05\T05_0803.csv,T05,csv,45888,6,anchor_id,,timestamp,,unknown (needs manual review),
sensor_data\sub_data\uwb_distance\T05\T05_0804.csv,T05,csv,13424,6,anchor_id,,timestamp,,unknown (needs manual review),
sensor_data\sub_data\uwb_distance\T06\T06_0721.csv,T06,csv,22024,6,anchor_id,,timestamp,,unknown (needs manual review),
sensor_data\sub_data\uwb_distance\T06\T06_0722.csv,T06,csv,45912,6,anchor_id,,timestamp,,unknown (needs manual review),
sensor_data\sub_data\uwb_distance\T06\T06_0723.csv,T06,csv,45928,6,anchor_id,,timestamp,,unknown (needs manual review),
sensor_data\sub_data\uwb_distance\T06\T06_0724.csv,T06,csv,45880,6,anchor_id,,timestamp,,unknown (needs manual review),
sensor_data\sub_data\uwb_distance\T06\T06_0725.csv,T06,csv,45896,6,anchor_id,,timestamp,,unknown (needs manual review),
sensor_data\sub_data\uwb_distance\T06\T06_0726.csv,T06,csv,45728,6,anchor_id,,timestamp,,unknown (needs manual review),
sensor_data\sub_data\uwb_distance\T06\T06_0727.csv,T06,csv,45880,6,anchor_id,,timestamp,,unknown (needs manual review),
sensor_data\sub_data\uwb_distance\T06\T06_0728.csv,T06,csv,45032,6,anchor_id,,timestamp,,unknown (needs manual review),
sensor_data\sub_data\uwb_distance\T06\T06_0729.csv,T06,csv,45128,6,anchor_id,,timestamp,,unknown (needs manual review),
sensor_data\sub_data\uwb_distance\T06\T06_0730.csv,T06,csv,45984,6,anchor_id,,timestamp,,unknown (needs manual review),
sensor_data\sub_data\uwb_distance\T06\T06_0731.csv,T06,csv,45928,6,anchor_id,,timestamp,,unknown (needs manual review),
sensor_data\sub_data\uwb_distance\T06\T06_0801.csv,T06,csv,45920,6,anchor_id,,timestamp,,unknown (needs manual review),
sensor_data\sub_data\uwb_distance\T06\T06_0802.csv,T06,csv,45952,6,anchor_id,,timestamp,,unknown (needs manual review),
sensor_data\sub_data\uwb_distance\T06\T06_0803.csv,T06,csv,45912,6,anchor_id,,timestamp,,unknown (needs manual review),
sensor_data\sub_data\uwb_distance\T06\T06_0804.csv,T06,csv,13384,6,anchor_id,,timestamp,,unknown (needs manual review),
sensor_data\sub_data\uwb_distance\T07\T07_0721.csv,T07,csv,9560,6,anchor_id,,timestamp,,unknown (needs manual review),
sensor_data\sub_data\uwb_distance\T07\T07_0722.csv,T07,csv,45904,6,anchor_id,,timestamp,,unknown (needs manual review),
sensor_data\sub_data\uwb_distance\T07\T07_0723.csv,T07,csv,45936,6,anchor_id,,timestamp,,unknown (needs manual review),
sensor_data\sub_data\uwb_distance\T07\T07_0724.csv,T07,csv,45920,6,anchor_id,,timestamp,,unknown (needs manual review),
sensor_data\sub_data\uwb_distance\T07\T07_0725.csv,T07,csv,45864,6,anchor_id,,timestamp,,unknown (needs manual review),
sensor_data\sub_data\uwb_distance\T07\T07_0726.csv,T07,csv,45880,6,anchor_id,,timestamp,,unknown (needs manual review),
sensor_data\sub_data\uwb_distance\T07\T07_0727.csv,T07,csv,45904,6,anchor_id,,timestamp,,unknown (needs manual review),
sensor_data\sub_data\uwb_distance\T07\T07_0728.csv,T07,csv,45936,6,anchor_id,,timestamp,,unknown (needs manual review),
sensor_data\sub_data\uwb_distance\T07\T07_0729.csv,T07,csv,45872,6,anchor_id,,timestamp,,unknown (needs manual review),
sensor_data\sub_data\uwb_distance\T07\T07_0730.csv,T07,csv,45888,6,anchor_id,,timestamp,,unknown (needs manual review),
sensor_data\sub_data\uwb_distance\T07\T07_0731.csv,T07,csv,45888,6,anchor_id,,timestamp,,unknown (needs manual review),
sensor_data\sub_data\uwb_distance\T07\T07_0801.csv,T07,csv,45912,6,anchor_id,,timestamp,,unknown (needs manual review),
sensor_data\sub_data\uwb_distance\T07\T07_0802.csv,T07,csv,45896,6,anchor_id,,timestamp,,unknown (needs manual review),
sensor_data\sub_data\uwb_distance\T07\T07_0803.csv,T07,csv,45944,6,anchor_id,,timestamp,,unknown (needs manual review),
sensor_data\sub_data\uwb_distance\T07\T07_0804.csv,T07,csv,13384,6,anchor_id,,timestamp,,unknown (needs manual review),
sensor_data\sub_data\uwb_distance\T08\T08_0721.csv,T08,csv,21976,6,anchor_id,,timestamp,,unknown (needs manual review),
sensor_data\sub_data\uwb_distance\T08\T08_0722.csv,T08,csv,45888,6,anchor_id,,timestamp,,unknown (needs manual review),
sensor_data\sub_data\uwb_distance\T08\T08_0723.csv,T08,csv,45888,6,anchor_id,,timestamp,,unknown (needs manual review),
sensor_data\sub_data\uwb_distance\T08\T08_0724.csv,T08,csv,45920,6,anchor_id,,timestamp,,unknown (needs manual review),
sensor_data\sub_data\uwb_distance\T08\T08_0725.csv,T08,csv,45920,6,anchor_id,,timestamp,,unknown (needs manual review),
sensor_data\sub_data\uwb_distance\T08\T08_0726.csv,T08,csv,45872,6,anchor_id,,timestamp,,unknown (needs manual review),
sensor_data\sub_data\uwb_distance\T08\T08_0727.csv,T08,csv,45952,6,anchor_id,,timestamp,,unknown (needs manual review),
sensor_data\sub_data\uwb_distance\T08\T08_0728.csv,T08,csv,45896,6,anchor_id,,timestamp,,unknown (needs manual review),
sensor_data\sub_data\uwb_distance\T08\T08_0729.csv,T08,csv,45920,6,anchor_id,,timestamp,,unknown (needs manual review),
sensor_data\sub_data\uwb_distance\T08\T08_0730.csv,T08,csv,45928,6,anchor_id,,timestamp,,unknown (needs manual review),
sensor_data\sub_data\uwb_distance\T08\T08_0731.csv,T08,csv,45904,6,anchor_id,,timestamp,,unknown (needs manual review),
sensor_data\sub_data\uwb_distance\T08\T08_0801.csv,T08,csv,45928,6,anchor_id,,timestamp,,unknown (needs manual review),
sensor_data\sub_data\uwb_distance\T08\T08_0802.csv,T08,csv,45888,6,anchor_id,,timestamp,,unknown (needs manual review),
sensor_data\sub_data\uwb_distance\T08\T08_0803.csv,T08,csv,45904,6,anchor_id,,timestamp,,unknown (needs manual review),
sensor_data\sub_data\uwb_distance\T08\T08_0804.csv,T08,csv,13400,6,anchor_id,,timestamp,,unknown (needs manual review),
sensor_data\sub_data\uwb_distance\T09\T09_0721.csv,T09,csv,22000,6,anchor_id,,timestamp,,unknown (needs manual review),
sensor_data\sub_data\uwb_distance\T09\T09_0722.csv,T09,csv,45920,6,anchor_id,,timestamp,,unknown (needs manual review),
sensor_data\sub_data\uwb_distance\T09\T09_0723.csv,T09,csv,45888,6,anchor_id,,timestamp,,unknown (needs manual review),
sensor_data\sub_data\uwb_distance\T09\T09_0724.csv,T09,csv,45880,6,anchor_id,,timestamp,,unknown (needs manual review),
sensor_data\sub_data\uwb_distance\T09\T09_0725.csv,T09,csv,45880,6,anchor_id,,timestamp,,unknown (needs manual review),
sensor_data\sub_data\uwb_distance\T09\T09_0726.csv,T09,csv,45928,6,anchor_id,,timestamp,,unknown (needs manual review),
sensor_data\sub_data\uwb_distance\T09\T09_0727.csv,T09,csv,45896,6,anchor_id,,timestamp,,unknown (needs manual review),
sensor_data\sub_data\uwb_distance\T09\T09_0728.csv,T09,csv,45896,6,anchor_id,,timestamp,,unknown (needs manual review),
sensor_data\sub_data\uwb_distance\T09\T09_0729.csv,T09,csv,45912,6,anchor_id,,timestamp,,unknown (needs manual review),
sensor_data\sub_data\uwb_distance\T09\T09_0730.csv,T09,csv,45904,6,anchor_id,,timestamp,,unknown (needs manual review),
sensor_data\sub_data\uwb_distance\T09\T09_0731.csv,T09,csv,45904,6,anchor_id,,timestamp,,unknown (needs manual review),
sensor_data\sub_data\uwb_distance\T09\T09_0801.csv,T09,csv,45912,6,anchor_id,,timestamp,,unknown (needs manual review),
sensor_data\sub_data\uwb_distance\T09\T09_0802.csv,T09,csv,45896,6,anchor_id,,timestamp,,unknown (needs manual review),
sensor_data\sub_data\uwb_distance\T09\T09_0803.csv,T09,csv,45888,6,anchor_id,,timestamp,,unknown (needs manual review),
sensor_data\sub_data\uwb_distance\T09\T09_0804.csv,T09,csv,13376,6,anchor_id,,timestamp,,unknown (needs manual review),
sensor_data\sub_data\uwb_distance\T10\T10_0721.csv,T10,csv,21992,6,anchor_id,,timestamp,,unknown (needs manual review),
sensor_data\sub_data\uwb_distance\T10\T10_0722.csv,T10,csv,45880,6,anchor_id,,timestamp,,unknown (needs manual review),
sensor_data\sub_data\uwb_distance\T10\T10_0723.csv,T10,csv,45888,6,anchor_id,,timestamp,,unknown (needs manual review),
sensor_data\sub_data\uwb_distance\T10\T10_0724.csv,T10,csv,45896,6,anchor_id,,timestamp,,unknown (needs manual review),
sensor_data\sub_data\uwb_distance\T10\T10_0725.csv,T10,csv,45864,6,anchor_id,,timestamp,,unknown (needs manual review),
sensor_data\sub_data\uwb_distance\T10\T10_0726.csv,T10,csv,45912,6,anchor_id,,timestamp,,unknown (needs manual review),
sensor_data\sub_data\uwb_distance\T10\T10_0727.csv,T10,csv,45904,6,anchor_id,,timestamp,,unknown (needs manual review),
sensor_data\sub_data\uwb_distance\T10\T10_0728.csv,T10,csv,45888,6,anchor_id,,timestamp,,unknown (needs manual review),
sensor_data\sub_data\uwb_distance\T10\T10_0729.csv,T10,csv,45872,6,anchor_id,,timestamp,,unknown (needs manual review),
sensor_data\sub_data\uwb_distance\T10\T10_0730.csv,T10,csv,45880,6,anchor_id,,timestamp,,unknown (needs manual review),
sensor_data\sub_data\uwb_distance\T10\T10_0731.csv,T10,csv,45920,6,anchor_id,,timestamp,,unknown (needs manual review),
sensor_data\sub_data\uwb_distance\T10\T10_0801.csv,T10,csv,45920,6,anchor_id,,timestamp,,unknown (needs manual review),
sensor_data\sub_data\uwb_distance\T10\T10_0802.csv,T10,csv,45904,6,anchor_id,,timestamp,,unknown (needs manual review),
sensor_data\sub_data\uwb_distance\T10\T10_0803.csv,T10,csv,45880,6,anchor_id,,timestamp,,unknown (needs manual review),
sensor_data\sub_data\uwb_distance\T10\T10_0804.csv,T10,csv,13392,6,anchor_id,,timestamp,,unknown (needs manual review),
sensor_data\sub_data\uwb_distance\T13\T13_0721.csv,T13,csv,8600,6,anchor_id,,timestamp,,unknown (needs manual review),
sensor_data\sub_data\uwb_distance\T13\T13_0722.csv,T13,csv,45864,6,anchor_id,,timestamp,,unknown (needs manual review),
sensor_data\sub_data\uwb_distance\T13\T13_0723.csv,T13,csv,45872,6,anchor_id,,timestamp,,unknown (needs manual review),
sensor_data\sub_data\uwb_distance\T13\T13_0724.csv,T13,csv,45864,6,anchor_id,,timestamp,,unknown (needs manual review),
sensor_data\sub_data\uwb_distance\T13\T13_0725.csv,T13,csv,45872,6,anchor_id,,timestamp,,unknown (needs manual review),
sensor_data\sub_data\uwb_distance\T13\T13_0726.csv,T13,csv,45864,6,anchor_id,,timestamp,,unknown (needs manual review),
sensor_data\sub_data\uwb_distance\T13\T13_0727.csv,T13,csv,45864,6,anchor_id,,timestamp,,unknown (needs manual review),
sensor_data\sub_data\uwb_distance\T13\T13_0728.csv,T13,csv,45888,6,anchor_id,,timestamp,,unknown (needs manual review),
sensor_data\sub_data\uwb_distance\T13\T13_0729.csv,T13,csv,45896,6,anchor_id,,timestamp,,unknown (needs manual review),
sensor_data\sub_data\uwb_distance\T13\T13_0730.csv,T13,csv,45864,6,anchor_id,,timestamp,,unknown (needs manual review),
sensor_data\sub_data\uwb_distance\T13\T13_0731.csv,T13,csv,45880,6,anchor_id,,timestamp,,unknown (needs manual review),
sensor_data\sub_data\uwb_distance\T13\T13_0801.csv,T13,csv,45872,6,anchor_id,,timestamp,,unknown (needs manual review),
sensor_data\sub_data\uwb_distance\T13\T13_0802.csv,T13,csv,45848,6,anchor_id,,timestamp,,unknown (needs manual review),
sensor_data\sub_data\uwb_distance\T13\T13_0803.csv,T13,csv,45880,6,anchor_id,,timestamp,,unknown (needs manual review),
sensor_data\sub_data\uwb_distance\T13\T13_0804.csv,T13,csv,13376,6,anchor_id,,timestamp,,unknown (needs manual review),
sensor_data\sub_data\uwb_distance\T14\T14_0721.csv,T14,csv,21024,6,anchor_id,,timestamp,,unknown (needs manual review),
sensor_data\sub_data\uwb_distance\T14\T14_0722.csv,T14,csv,45904,6,anchor_id,,timestamp,,unknown (needs manual review),
sensor_data\sub_data\uwb_distance\T14\T14_0723.csv,T14,csv,45880,6,anchor_id,,timestamp,,unknown (needs manual review),
sensor_data\sub_data\uwb_distance\T14\T14_0724.csv,T14,csv,45880,6,anchor_id,,timestamp,,unknown (needs manual review),
sensor_data\sub_data\uwb_distance\T14\T14_0725.csv,T14,csv,45872,6,anchor_id,,timestamp,,unknown (needs manual review),
sensor_data\sub_data\uwb_distance\T14\T14_0726.csv,T14,csv,45880,6,anchor_id,,timestamp,,unknown (needs manual review),
sensor_data\sub_data\uwb_distance\T14\T14_0727.csv,T14,csv,45888,6,anchor_id,,timestamp,,unknown (needs manual review),
sensor_data\sub_data\uwb_distance\T14\T14_0728.csv,T14,csv,45896,6,anchor_id,,timestamp,,unknown (needs manual review),
sensor_data\sub_data\uwb_distance\T14\T14_0729.csv,T14,csv,45880,6,anchor_id,,timestamp,,unknown (needs manual review),
sensor_data\sub_data\uwb_distance\T14\T14_0730.csv,T14,csv,45904,6,anchor_id,,timestamp,,unknown (needs manual review),
sensor_data\sub_data\uwb_distance\T14\T14_0731.csv,T14,csv,45888,6,anchor_id,,timestamp,,unknown (needs manual review),
sensor_data\sub_data\uwb_distance\T14\T14_0801.csv,T14,csv,45856,6,anchor_id,,timestamp,,unknown (needs manual review),
sensor_data\sub_data\uwb_distance\T14\T14_0802.csv,T14,csv,45896,6,anchor_id,,timestamp,,unknown (needs manual review),
sensor_data\sub_data\uwb_distance\T14\T14_0803.csv,T14,csv,45880,6,anchor_id,,timestamp,,unknown (needs manual review),
sensor_data\sub_data\uwb_distance\T14\T14_0804.csv,T14,csv,13376,6,anchor_id,,timestamp,,unknown (needs manual review),
sensor_data\sub_data\visual_location\C01\C01_0725.csv,C01,csv,5040,4,,,timestamp,,unknown (needs manual review),
sensor_data\sub_data\visual_location\C02\C02_0725.csv,C02,csv,5040,4,,,timestamp,,unknown (needs manual review),
sensor_data\sub_data\visual_location\C03\C03_0725.csv,C03,csv,5040,4,,,timestamp,,unknown (needs manual review),
sensor_data\sub_data\visual_location\C04\C04_0725.csv,C04,csv,5040,4,,,timestamp,,unknown (needs manual review),
sensor_data\sub_data\visual_location\C05\C05_0725.csv,C05,csv,5040,4,,,timestamp,,unknown (needs manual review),
sensor_data\sub_data\visual_location\C06\C06_0725.csv,C06,csv,5040,4,,,timestamp,,unknown (needs manual review),
sensor_data\sub_data\visual_location\C07\C07_0725.csv,C07,csv,5040,4,,,timestamp,,unknown (needs manual review),
sensor_data\sub_data\visual_location\C08\C08_0725.csv,C08,csv,5040,4,,,timestamp,,unknown (needs manual review),
sensor_data\sub_data\visual_location\C09\C09_0725.csv,C09,csv,5040,4,,,timestamp,,unknown (needs manual review),
sensor_data\sub_data\visual_location\C10\C10_0725.csv,C10,csv,5040,4,,,timestamp,,unknown (needs manual review),
sensor_data\sub_data\visual_location\C11\C11_0725.csv,C11,csv,5040,4,,,timestamp,,unknown (needs manual review),
sensor_data\sub_data\visual_location\C12\C12_0725.csv,C12,csv,5040,4,,,timestamp,,unknown (needs manual review),
sensor_data\sub_data\visual_location\C13\C13_0725.csv,C13,csv,5040,4,,,timestamp,,unknown (needs manual review),
sensor_data\sub_data\visual_location\C14\C14_0725.csv,C14,csv,5040,4,,,timestamp,,unknown (needs manual review),
sensor_data\sub_data\visual_location\C15\C15_0725.csv,C15,csv,5040,4,,,timestamp,,unknown (needs manual review),
sensor_data\sub_data\visual_location\C16\C16_0725.csv,C16,csv,5040,4,,,timestamp,,unknown (needs manual review),
